CREATE TABLE Athlete (athlete_id INTEGER PRIMARY KEY, name TEXT NOT NULL);
CREATE TABLE Tournament (tournament_id INTEGER PRIMARY KEY, athlete_id INTEGER, name TEXT NOT NULL);
CREATE TABLE Format (format_id INTEGER PRIMARY KEY, tournament_id INTEGER, name TEXT NOT NULL);
CREATE TABLE Medal (medal_id INTEGER PRIMARY KEY, format_id INTEGER, type TEXT NOT NULL, year INTEGER, location TEXT NOT NULL);
CREATE TABLE PersonalInformation (info_id INTEGER GENERATED ALWAYS AS IDENTITY PRIMARY KEY, athlete_id INTEGER, birth_year INTEGER, birth_month INTEGER, birth_day INTEGER);
INSERT INTO Athlete (athlete_id, name) VALUES (1, 'Chase Kalisz');
INSERT INTO PersonalInformation (athlete_id, birth_year, birth_month, birth_day) VALUES (1, 1994, 3, 7);
INSERT INTO Tournament (tournament_id, athlete_id, name) VALUES (1, 1, 'Olympic Games');
INSERT INTO Format (format_id, tournament_id, name) VALUES (1, 1, '400 m medley');
INSERT INTO Medal (medal_id, format_id, type, year, location) VALUES (1, 1, 'MedalGold', 2020, 'SOG');
INSERT INTO Medal (medal_id, format_id, type, year, location) VALUES (2, 1, 'MedalSilver', 2016, 'SOG');
INSERT INTO Tournament (tournament_id, athlete_id, name) VALUES (2, 1, 'World Championships (LC)');
INSERT INTO Format (format_id, tournament_id, name) VALUES (2, 2, '200 m medley');
INSERT INTO Medal (medal_id, format_id, type, year, location) VALUES (3, 2, 'MedalGold', 2017, 'Budapest');
INSERT INTO Medal (medal_id, format_id, type, year, location) VALUES (4, 2, 'MedalBronze', 2019, 'Gwangju');
INSERT INTO Format (format_id, tournament_id, name) VALUES (3, 2, '400 m medley');
INSERT INTO Medal (medal_id, format_id, type, year, location) VALUES (5, 3, 'MedalGold', 2017, 'Budapest');
INSERT INTO Medal (medal_id, format_id, type, year, location) VALUES (6, 3, 'MedalSilver', 2013, 'Barcelona');
INSERT INTO Medal (medal_id, format_id, type, year, location) VALUES (7, 3, 'MedalBronze', 2015, 'Kazan');
INSERT INTO Medal (medal_id, format_id, type, year, location) VALUES (8, 3, 'MedalBronze', 2022, 'Budapest');
INSERT INTO Tournament (tournament_id, athlete_id, name) VALUES (3, 1, 'Pan Pacific Championships');
INSERT INTO Format (format_id, tournament_id, name) VALUES (4, 3, '200 m medley');
INSERT INTO Medal (medal_id, format_id, type, year, location) VALUES (9, 4, 'MedalGold', 2018, 'Tokyo');
INSERT INTO Format (format_id, tournament_id, name) VALUES (5, 3, '400 m medley');
INSERT INTO Medal (medal_id, format_id, type, year, location) VALUES (10, 5, 'MedalGold', 2018, 'Tokyo');
INSERT INTO Medal (medal_id, format_id, type, year, location) VALUES (11, 5, 'MedalBronze', 2014, 'Gold Coast');
INSERT INTO Tournament (tournament_id, athlete_id, name) VALUES (4, 1, 'Junior Pan Pacific Championships');
INSERT INTO Format (format_id, tournament_id, name) VALUES (6, 4, '200 m medley');
INSERT INTO Medal (medal_id, format_id, type, year, location) VALUES (12, 6, 'MedalGold', 2012, 'Honolulu');
INSERT INTO Format (format_id, tournament_id, name) VALUES (7, 4, '400 m medley');
INSERT INTO Medal (medal_id, format_id, type, year, location) VALUES (13, 7, 'MedalGold', 2012, 'Honolulu');
INSERT INTO Format (format_id, tournament_id, name) VALUES (8, 4, '4x200 m freestyle');
INSERT INTO Medal (medal_id, format_id, type, year, location) VALUES (14, 8, 'MedalSilver', 2012, 'Honolulu');
