CREATE TABLE Athlete (athlete_id INTEGER PRIMARY KEY, name TEXT NOT NULL);
CREATE TABLE Tournament (tournament_id INTEGER PRIMARY KEY, athlete_id INTEGER, name TEXT NOT NULL);
CREATE TABLE Format (format_id INTEGER PRIMARY KEY, tournament_id INTEGER, name TEXT NOT NULL);
CREATE TABLE Medal (medal_id INTEGER PRIMARY KEY, format_id INTEGER, type TEXT NOT NULL, year INTEGER, location TEXT NOT NULL);
CREATE TABLE PersonalInformation (info_id INTEGER GENERATED ALWAYS AS IDENTITY PRIMARY KEY, athlete_id INTEGER, birth_year INTEGER, birth_month INTEGER, birth_day INTEGER);
INSERT INTO Athlete (athlete_id, name) VALUES (1, 'Goh Soon Huat');
INSERT INTO PersonalInformation (athlete_id, birth_year, birth_month, birth_day) VALUES (1, 1991, 6, 27);
INSERT INTO Tournament (tournament_id, athlete_id, name) VALUES (1, 1, 'SEA Games');
INSERT INTO Format (format_id, tournament_id, name) VALUES (1, 1, 'Mixed team');
INSERT INTO Medal (medal_id, format_id, type, year, location) VALUES (1, 1, 'MedalBronze', 2010, 'Pune');
INSERT INTO Format (format_id, tournament_id, name) VALUES (2, 1, 'Mixed doubles');
INSERT INTO Medal (medal_id, format_id, type, year, location) VALUES (2, 2, 'MedalBronze', 2017, 'Dubai');
INSERT INTO Medal (medal_id, format_id, type, year, location) VALUES (3, 2, 'MedalGold', 2015, 'New Delhi');
INSERT INTO Medal (medal_id, format_id, type, year, location) VALUES (4, 2, 'MedalGold', 2017, 'Philippines');
INSERT INTO Tournament (tournament_id, athlete_id, name) VALUES (2, 1, 'Asian Games');
INSERT INTO Format (format_id, tournament_id, name) VALUES (3, 2, 'Mixed doubles');
INSERT INTO Medal (medal_id, format_id, type, year, location) VALUES (5, 3, 'MedalBronze', 2022, 'Philippines');
INSERT INTO Medal (medal_id, format_id, type, year, location) VALUES (6, 3, 'MedalSilver', 2015, 'Suzhou');
INSERT INTO Medal (medal_id, format_id, type, year, location) VALUES (7, 3, 'MedalBronze', 2014, 'Jakarta');
INSERT INTO Format (format_id, tournament_id, name) VALUES (4, 2, 'Mixed team');
INSERT INTO Medal (medal_id, format_id, type, year, location) VALUES (8, 4, 'MedalBronze', 2022, 'Philippines');
INSERT INTO Medal (medal_id, format_id, type, year, location) VALUES (9, 4, 'MedalGold', 2020, 'Suzhou');
INSERT INTO Medal (medal_id, format_id, type, year, location) VALUES (10, 4, 'MedalGold', 2013, 'New Delhi');
INSERT INTO Format (format_id, tournament_id, name) VALUES (5, 2, 'Men''s team');
INSERT INTO Medal (medal_id, format_id, type, year, location) VALUES (11, 5, 'MedalBronze', 2023, 'Suzhou');
INSERT INTO Tournament (tournament_id, athlete_id, name) VALUES (3, 1, 'Thomas Cup');
INSERT INTO Format (format_id, tournament_id, name) VALUES (6, 3, 'Mixed team');
INSERT INTO Medal (medal_id, format_id, type, year, location) VALUES (12, 6, 'MedalBronze', 2020, 'Suzhou');
INSERT INTO Tournament (tournament_id, athlete_id, name) VALUES (4, 1, 'Asian Championships');
INSERT INTO Format (format_id, tournament_id, name) VALUES (7, 4, 'Mixed doubles');
INSERT INTO Medal (medal_id, format_id, type, year, location) VALUES (13, 7, 'MedalBronze', 2020, 'New Delhi');
INSERT INTO Medal (medal_id, format_id, type, year, location) VALUES (14, 7, 'MedalGold', 2016, 'Incheon');
INSERT INTO Tournament (tournament_id, athlete_id, name) VALUES (5, 1, 'Sudirman Cup');
INSERT INTO Format (format_id, tournament_id, name) VALUES (8, 5, 'Men''s team');
INSERT INTO Medal (medal_id, format_id, type, year, location) VALUES (15, 8, 'MedalGold', 2023, 'Incheon');
INSERT INTO Format (format_id, tournament_id, name) VALUES (9, 5, 'Mixed team');
INSERT INTO Medal (medal_id, format_id, type, year, location) VALUES (16, 9, 'MedalBronze', 2024, 'Kunshan');
INSERT INTO Medal (medal_id, format_id, type, year, location) VALUES (17, 9, 'MedalGold', 2012, 'Pune');
INSERT INTO Format (format_id, tournament_id, name) VALUES (10, 5, 'Mixed doubles');
INSERT INTO Medal (medal_id, format_id, type, year, location) VALUES (18, 10, 'MedalBronze', 2011, 'Philippines');
INSERT INTO Medal (medal_id, format_id, type, year, location) VALUES (19, 10, 'MedalGold', 2016, 'Philippines');
INSERT INTO Medal (medal_id, format_id, type, year, location) VALUES (20, 10, 'MedalSilver', 2020, 'Kuala Lumpur');
INSERT INTO Tournament (tournament_id, athlete_id, name) VALUES (6, 1, 'Commonwealth Games');
INSERT INTO Format (format_id, tournament_id, name) VALUES (11, 6, 'Mixed doubles');
INSERT INTO Medal (medal_id, format_id, type, year, location) VALUES (21, 11, 'MedalSilver', 2018, 'Philippines');
INSERT INTO Medal (medal_id, format_id, type, year, location) VALUES (22, 11, 'MedalBronze', 2015, 'Dubai');
INSERT INTO Medal (medal_id, format_id, type, year, location) VALUES (23, 11, 'MedalGold', 2007, 'Kunshan');
INSERT INTO Medal (medal_id, format_id, type, year, location) VALUES (24, 11, 'MedalBronze', 2011, 'Suzhou');
INSERT INTO Format (format_id, tournament_id, name) VALUES (12, 6, 'Men''s team');
INSERT INTO Medal (medal_id, format_id, type, year, location) VALUES (25, 12, 'MedalGold', 2024, 'Kuala Lumpur');
INSERT INTO Medal (medal_id, format_id, type, year, location) VALUES (26, 12, 'MedalSilver', 2013, 'Kunshan');
INSERT INTO Medal (medal_id, format_id, type, year, location) VALUES (27, 12, 'MedalSilver', 2007, 'Suzhou');
INSERT INTO Medal (medal_id, format_id, type, year, location) VALUES (28, 12, 'MedalSilver', 2019, 'Gold Coast');
INSERT INTO Format (format_id, tournament_id, name) VALUES (13, 6, 'Mixed team');
INSERT INTO Medal (medal_id, format_id, type, year, location) VALUES (29, 13, 'MedalBronze', 2012, 'Gold Coast');
INSERT INTO Medal (medal_id, format_id, type, year, location) VALUES (30, 13, 'MedalGold', 2017, 'Incheon');
INSERT INTO Medal (medal_id, format_id, type, year, location) VALUES (31, 13, 'MedalGold', 2018, 'Kunshan');
INSERT INTO Tournament (tournament_id, athlete_id, name) VALUES (7, 1, 'World Junior Championships');
INSERT INTO Format (format_id, tournament_id, name) VALUES (14, 7, 'Mixed team');
INSERT INTO Medal (medal_id, format_id, type, year, location) VALUES (32, 14, 'MedalGold', 2016, 'Suzhou');
INSERT INTO Medal (medal_id, format_id, type, year, location) VALUES (33, 14, 'MedalGold', 2007, 'Jakarta');
INSERT INTO Medal (medal_id, format_id, type, year, location) VALUES (34, 14, 'MedalGold', 2021, 'Jakarta');
INSERT INTO Medal (medal_id, format_id, type, year, location) VALUES (35, 14, 'MedalBronze', 2016, 'Dubai');
INSERT INTO Format (format_id, tournament_id, name) VALUES (15, 7, 'Mixed doubles');
INSERT INTO Medal (medal_id, format_id, type, year, location) VALUES (36, 15, 'MedalGold', 2020, 'Kuala Lumpur');
INSERT INTO Medal (medal_id, format_id, type, year, location) VALUES (37, 15, 'MedalSilver', 2022, 'Kunshan');
INSERT INTO Medal (medal_id, format_id, type, year, location) VALUES (38, 15, 'MedalGold', 2020, 'Philippines');
INSERT INTO Format (format_id, tournament_id, name) VALUES (16, 7, 'Men''s team');
INSERT INTO Medal (medal_id, format_id, type, year, location) VALUES (39, 16, 'MedalSilver', 2017, 'Suzhou');
INSERT INTO Medal (medal_id, format_id, type, year, location) VALUES (40, 16, 'MedalGold', 2011, 'Dubai');
INSERT INTO Medal (medal_id, format_id, type, year, location) VALUES (41, 16, 'MedalSilver', 2019, 'Gold Coast');
