CREATE TABLE Athlete (athlete_id INTEGER PRIMARY KEY, name TEXT NOT NULL);
CREATE TABLE Tournament (tournament_id INTEGER PRIMARY KEY, athlete_id INTEGER, name TEXT NOT NULL);
CREATE TABLE Format (format_id INTEGER PRIMARY KEY, tournament_id INTEGER, name TEXT NOT NULL);
CREATE TABLE Medal (medal_id INTEGER PRIMARY KEY, format_id INTEGER, type TEXT NOT NULL, year INTEGER, location TEXT NOT NULL);
CREATE TABLE PersonalInformation (info_id INTEGER GENERATED ALWAYS AS IDENTITY PRIMARY KEY, athlete_id INTEGER, birth_year INTEGER, birth_month INTEGER, birth_day INTEGER);
INSERT INTO Athlete (athlete_id, name) VALUES (1, 'Emily Seebohm');
INSERT INTO PersonalInformation (athlete_id, birth_year, birth_month, birth_day) VALUES (1, 1992, 6, 5);
INSERT INTO Tournament (tournament_id, athlete_id, name) VALUES (1, 1, 'Olympic Games');
INSERT INTO Format (format_id, tournament_id, name) VALUES (1, 1, '4x100 m medley');
INSERT INTO Medal (medal_id, format_id, type, year, location) VALUES (1, 1, 'MedalGold', 2008, 'Beijing');
INSERT INTO Medal (medal_id, format_id, type, year, location) VALUES (2, 1, 'MedalGold', 2020, 'Tokyo');
INSERT INTO Medal (medal_id, format_id, type, year, location) VALUES (3, 1, 'MedalSilver', 2012, 'London');
INSERT INTO Medal (medal_id, format_id, type, year, location) VALUES (4, 1, 'MedalSilver', 2016, 'Rio de Janeiro');
INSERT INTO Format (format_id, tournament_id, name) VALUES (2, 1, '4x100 m freestyle');
INSERT INTO Medal (medal_id, format_id, type, year, location) VALUES (5, 2, 'MedalGold', 2012, 'London');
INSERT INTO Format (format_id, tournament_id, name) VALUES (3, 1, '100 m backstroke');
INSERT INTO Medal (medal_id, format_id, type, year, location) VALUES (6, 3, 'MedalSilver', 2012, 'London');
INSERT INTO Format (format_id, tournament_id, name) VALUES (4, 1, '200 m backstroke');
INSERT INTO Medal (medal_id, format_id, type, year, location) VALUES (7, 4, 'MedalBronze', 2020, 'Tokyo');
INSERT INTO Tournament (tournament_id, athlete_id, name) VALUES (2, 1, 'World Championships (LC)');
INSERT INTO Format (format_id, tournament_id, name) VALUES (5, 2, '4x100 m medley');
INSERT INTO Medal (medal_id, format_id, type, year, location) VALUES (8, 5, 'MedalGold', 2007, 'Melbourne');
INSERT INTO Medal (medal_id, format_id, type, year, location) VALUES (9, 5, 'MedalSilver', 2009, 'Rome');
INSERT INTO Medal (medal_id, format_id, type, year, location) VALUES (10, 5, 'MedalSilver', 2013, 'Barcelona');
INSERT INTO Medal (medal_id, format_id, type, year, location) VALUES (11, 5, 'MedalBronze', 2015, 'Kazan');
INSERT INTO Medal (medal_id, format_id, type, year, location) VALUES (12, 5, 'MedalBronze', 2017, 'Budapest');
INSERT INTO Format (format_id, tournament_id, name) VALUES (6, 2, '100 m backstroke');
INSERT INTO Medal (medal_id, format_id, type, year, location) VALUES (13, 6, 'MedalGold', 2015, 'Kazan');
INSERT INTO Medal (medal_id, format_id, type, year, location) VALUES (14, 6, 'MedalSilver', 2013, 'Barcelona');
INSERT INTO Medal (medal_id, format_id, type, year, location) VALUES (15, 6, 'MedalBronze', 2009, 'Rome');
INSERT INTO Medal (medal_id, format_id, type, year, location) VALUES (16, 6, 'MedalBronze', 2017, 'Budapest');
INSERT INTO Format (format_id, tournament_id, name) VALUES (7, 2, '200 m backstroke');
INSERT INTO Medal (medal_id, format_id, type, year, location) VALUES (17, 7, 'MedalGold', 2015, 'Kazan');
INSERT INTO Medal (medal_id, format_id, type, year, location) VALUES (18, 7, 'MedalGold', 2017, 'Budapest');
INSERT INTO Format (format_id, tournament_id, name) VALUES (8, 2, '4x100 m freestyle');
INSERT INTO Medal (medal_id, format_id, type, year, location) VALUES (19, 8, 'MedalGold', 2015, 'Kazan');
INSERT INTO Medal (medal_id, format_id, type, year, location) VALUES (20, 8, 'MedalSilver', 2013, 'Barcelona');
INSERT INTO Medal (medal_id, format_id, type, year, location) VALUES (21, 8, 'MedalSilver', 2017, 'Budapest');
INSERT INTO Tournament (tournament_id, athlete_id, name) VALUES (3, 1, 'World Championships (SC)');
INSERT INTO Format (format_id, tournament_id, name) VALUES (9, 3, '50 m backstroke');
INSERT INTO Medal (medal_id, format_id, type, year, location) VALUES (22, 9, 'MedalSilver', 2014, 'Doha');
INSERT INTO Format (format_id, tournament_id, name) VALUES (10, 3, '100 m backstroke');
INSERT INTO Medal (medal_id, format_id, type, year, location) VALUES (23, 10, 'MedalSilver', 2014, 'Doha');
INSERT INTO Format (format_id, tournament_id, name) VALUES (11, 3, '200 m backstroke');
INSERT INTO Medal (medal_id, format_id, type, year, location) VALUES (24, 11, 'MedalSilver', 2014, 'Doha');
INSERT INTO Medal (medal_id, format_id, type, year, location) VALUES (25, 11, 'MedalBronze', 2016, 'Windsor');
INSERT INTO Medal (medal_id, format_id, type, year, location) VALUES (26, 11, 'MedalBronze', 2018, 'Hangzhou');
INSERT INTO Format (format_id, tournament_id, name) VALUES (12, 3, '4x100 m medley');
INSERT INTO Medal (medal_id, format_id, type, year, location) VALUES (27, 12, 'MedalSilver', 2014, 'Doha');
INSERT INTO Medal (medal_id, format_id, type, year, location) VALUES (28, 12, 'MedalBronze', 2016, 'Windsor');
INSERT INTO Format (format_id, tournament_id, name) VALUES (13, 3, '100 m medley');
INSERT INTO Medal (medal_id, format_id, type, year, location) VALUES (29, 13, 'MedalSilver', 2016, 'Windsor');
INSERT INTO Medal (medal_id, format_id, type, year, location) VALUES (30, 13, 'MedalBronze', 2014, 'Doha');
INSERT INTO Format (format_id, tournament_id, name) VALUES (14, 3, '4x50 m freestyle');
INSERT INTO Medal (medal_id, format_id, type, year, location) VALUES (31, 14, 'MedalBronze', 2018, 'Hangzhou');
INSERT INTO Tournament (tournament_id, athlete_id, name) VALUES (4, 1, 'Pan Pacific Championships');
INSERT INTO Format (format_id, tournament_id, name) VALUES (15, 4, '100 m backstroke');
INSERT INTO Medal (medal_id, format_id, type, year, location) VALUES (32, 15, 'MedalGold', 2010, 'Irvine');
INSERT INTO Medal (medal_id, format_id, type, year, location) VALUES (33, 15, 'MedalGold', 2014, 'Gold Coast');
INSERT INTO Medal (medal_id, format_id, type, year, location) VALUES (34, 15, 'MedalSilver', 2018, 'Tokyo');
INSERT INTO Format (format_id, tournament_id, name) VALUES (16, 4, '200 m medley');
INSERT INTO Medal (medal_id, format_id, type, year, location) VALUES (35, 16, 'MedalGold', 2010, 'Irvine');
INSERT INTO Format (format_id, tournament_id, name) VALUES (17, 4, '4x100 m medley');
INSERT INTO Medal (medal_id, format_id, type, year, location) VALUES (36, 17, 'MedalGold', 2014, 'Gold Coast');
INSERT INTO Medal (medal_id, format_id, type, year, location) VALUES (37, 17, 'MedalGold', 2018, 'Tokyo');
INSERT INTO Medal (medal_id, format_id, type, year, location) VALUES (38, 17, 'MedalSilver', 2010, 'Irvine');
INSERT INTO Format (format_id, tournament_id, name) VALUES (18, 4, '4x100 m freestyle');
INSERT INTO Medal (medal_id, format_id, type, year, location) VALUES (39, 18, 'MedalGold', 2018, 'Tokyo');
INSERT INTO Medal (medal_id, format_id, type, year, location) VALUES (40, 18, 'MedalSilver', 2010, 'Irvine');
INSERT INTO Format (format_id, tournament_id, name) VALUES (19, 4, '100 m freestyle');
INSERT INTO Medal (medal_id, format_id, type, year, location) VALUES (41, 19, 'MedalSilver', 2010, 'Irvine');
INSERT INTO Format (format_id, tournament_id, name) VALUES (20, 4, '50 m butterfly');
INSERT INTO Medal (medal_id, format_id, type, year, location) VALUES (42, 20, 'MedalSilver', 2010, 'Irvine');
INSERT INTO Format (format_id, tournament_id, name) VALUES (21, 4, '200 m backstroke');
INSERT INTO Medal (medal_id, format_id, type, year, location) VALUES (43, 21, 'MedalSilver', 2014, 'Gold Coast');
INSERT INTO Tournament (tournament_id, athlete_id, name) VALUES (5, 1, 'Commonwealth Games');
INSERT INTO Format (format_id, tournament_id, name) VALUES (22, 5, '100 m backstroke');
INSERT INTO Medal (medal_id, format_id, type, year, location) VALUES (44, 22, 'MedalGold', 2010, 'Delhi');
INSERT INTO Medal (medal_id, format_id, type, year, location) VALUES (45, 22, 'MedalGold', 2014, 'Glasgow');
INSERT INTO Medal (medal_id, format_id, type, year, location) VALUES (46, 22, 'MedalSilver', 2018, 'Gold Coast');
INSERT INTO Format (format_id, tournament_id, name) VALUES (23, 5, '4x100 m freestyle');
INSERT INTO Medal (medal_id, format_id, type, year, location) VALUES (47, 23, 'MedalGold', 2010, 'Delhi');
INSERT INTO Format (format_id, tournament_id, name) VALUES (24, 5, '4x100 m medley');
INSERT INTO Medal (medal_id, format_id, type, year, location) VALUES (48, 24, 'MedalGold', 2010, 'Delhi');
INSERT INTO Medal (medal_id, format_id, type, year, location) VALUES (49, 24, 'MedalGold', 2014, 'Glasgow');
INSERT INTO Medal (medal_id, format_id, type, year, location) VALUES (50, 24, 'MedalGold', 2018, 'Gold Coast');
INSERT INTO Format (format_id, tournament_id, name) VALUES (25, 5, '50 m backstroke');
INSERT INTO Medal (medal_id, format_id, type, year, location) VALUES (51, 25, 'MedalGold', 2018, 'Gold Coast');
INSERT INTO Medal (medal_id, format_id, type, year, location) VALUES (52, 25, 'MedalBronze', 2010, 'Delhi');
INSERT INTO Format (format_id, tournament_id, name) VALUES (26, 5, '100 m freestyle');
INSERT INTO Medal (medal_id, format_id, type, year, location) VALUES (53, 26, 'MedalSilver', 2010, 'Delhi');
INSERT INTO Format (format_id, tournament_id, name) VALUES (27, 5, '200 m medley');
INSERT INTO Medal (medal_id, format_id, type, year, location) VALUES (54, 27, 'MedalSilver', 2010, 'Delhi');
INSERT INTO Format (format_id, tournament_id, name) VALUES (28, 5, '200 m backstroke');
INSERT INTO Medal (medal_id, format_id, type, year, location) VALUES (55, 28, 'MedalSilver', 2014, 'Glasgow');
INSERT INTO Medal (medal_id, format_id, type, year, location) VALUES (56, 28, 'MedalBronze', 2010, 'Delhi');
INSERT INTO Medal (medal_id, format_id, type, year, location) VALUES (57, 28, 'MedalBronze', 2018, 'Gold Coast');
INSERT INTO Format (format_id, tournament_id, name) VALUES (29, 5, '50 m butterfly');
INSERT INTO Medal (medal_id, format_id, type, year, location) VALUES (58, 29, 'MedalBronze', 2010, 'Delhi');
