CREATE TABLE Athlete (athlete_id INTEGER PRIMARY KEY, name TEXT NOT NULL);
CREATE TABLE Tournament (tournament_id INTEGER PRIMARY KEY, athlete_id INTEGER, name TEXT NOT NULL);
CREATE TABLE Format (format_id INTEGER PRIMARY KEY, tournament_id INTEGER, name TEXT NOT NULL);
CREATE TABLE Medal (medal_id INTEGER PRIMARY KEY, format_id INTEGER, type TEXT NOT NULL, year INTEGER, location TEXT NOT NULL);
CREATE TABLE PersonalInformation (info_id INTEGER GENERATED ALWAYS AS IDENTITY PRIMARY KEY, athlete_id INTEGER, birth_year INTEGER, birth_month INTEGER, birth_day INTEGER);
INSERT INTO Athlete (athlete_id, name) VALUES (1, 'Bruno Fratus');
INSERT INTO PersonalInformation (athlete_id, birth_year, birth_month, birth_day) VALUES (1, 1989, 6, 30);
INSERT INTO Tournament (tournament_id, athlete_id, name) VALUES (1, 1, 'Olympic Games');
INSERT INTO Format (format_id, tournament_id, name) VALUES (1, 1, '50 m freestyle');
INSERT INTO Medal (medal_id, format_id, type, year, location) VALUES (1, 1, 'MedalBronze', 2020, 'SOG');
INSERT INTO Tournament (tournament_id, athlete_id, name) VALUES (2, 1, 'World Championships (LC)');
INSERT INTO Format (format_id, tournament_id, name) VALUES (2, 2, '50 m freestyle');
INSERT INTO Medal (medal_id, format_id, type, year, location) VALUES (2, 2, 'MedalSilver', 2017, 'Budapest');
INSERT INTO Medal (medal_id, format_id, type, year, location) VALUES (3, 2, 'MedalSilver', 2019, 'Gwangju');
INSERT INTO Medal (medal_id, format_id, type, year, location) VALUES (4, 2, 'MedalBronze', 2015, 'Kazan');
INSERT INTO Format (format_id, tournament_id, name) VALUES (3, 2, '4x100 m freestyle');
INSERT INTO Medal (medal_id, format_id, type, year, location) VALUES (5, 3, 'MedalSilver', 2017, 'Budapest');
INSERT INTO Tournament (tournament_id, athlete_id, name) VALUES (3, 1, 'Pan Pacific Championships');
INSERT INTO Format (format_id, tournament_id, name) VALUES (4, 3, '50 m freestyle');
INSERT INTO Medal (medal_id, format_id, type, year, location) VALUES (6, 4, 'MedalGold', 2014, 'Gold Coast');
INSERT INTO Format (format_id, tournament_id, name) VALUES (5, 3, '4x100 m freestyle');
INSERT INTO Medal (medal_id, format_id, type, year, location) VALUES (7, 5, 'MedalBronze', 2014, 'Gold Coast');
INSERT INTO Tournament (tournament_id, athlete_id, name) VALUES (4, 1, 'Pan American Games');
INSERT INTO Format (format_id, tournament_id, name) VALUES (6, 4, '4x100 m freestyle');
INSERT INTO Medal (medal_id, format_id, type, year, location) VALUES (8, 6, 'MedalGold', 2011, 'Guadalajara');
INSERT INTO Medal (medal_id, format_id, type, year, location) VALUES (9, 6, 'MedalGold', 2015, 'Toronto');
INSERT INTO Medal (medal_id, format_id, type, year, location) VALUES (10, 6, 'MedalGold', 2019, 'Lima');
INSERT INTO Format (format_id, tournament_id, name) VALUES (7, 4, '4x100 m medley');
INSERT INTO Medal (medal_id, format_id, type, year, location) VALUES (11, 7, 'MedalGold', 2011, 'Guadalajara');
INSERT INTO Format (format_id, tournament_id, name) VALUES (8, 4, '50 m freestyle');
INSERT INTO Medal (medal_id, format_id, type, year, location) VALUES (12, 8, 'MedalGold', 2019, 'Lima');
INSERT INTO Medal (medal_id, format_id, type, year, location) VALUES (13, 8, 'MedalSilver', 2011, 'Guadalajara');
INSERT INTO Medal (medal_id, format_id, type, year, location) VALUES (14, 8, 'MedalSilver', 2015, 'Toronto');
INSERT INTO Tournament (tournament_id, athlete_id, name) VALUES (5, 1, 'South American Games');
INSERT INTO Format (format_id, tournament_id, name) VALUES (9, 5, '50 m freestyle');
INSERT INTO Medal (medal_id, format_id, type, year, location) VALUES (15, 9, 'MedalGold', 2014, 'Santiago');
INSERT INTO Tournament (tournament_id, athlete_id, name) VALUES (6, 1, 'South American Championships');
INSERT INTO Format (format_id, tournament_id, name) VALUES (10, 6, '4x100 m freestyle');
INSERT INTO Medal (medal_id, format_id, type, year, location) VALUES (16, 10, 'MedalGold', 2012, 'Belém');
INSERT INTO Format (format_id, tournament_id, name) VALUES (11, 6, '50 m freestyle');
INSERT INTO Medal (medal_id, format_id, type, year, location) VALUES (17, 11, 'MedalSilver', 2012, 'Belém');
INSERT INTO Format (format_id, tournament_id, name) VALUES (12, 6, '100 m freestyle');
INSERT INTO Medal (medal_id, format_id, type, year, location) VALUES (18, 12, 'MedalSilver', 2012, 'Belém');
