CREATE TABLE Athlete (athlete_id INTEGER PRIMARY KEY, name TEXT NOT NULL);
CREATE TABLE Tournament (tournament_id INTEGER PRIMARY KEY, athlete_id INTEGER, name TEXT NOT NULL);
CREATE TABLE Format (format_id INTEGER PRIMARY KEY, tournament_id INTEGER, name TEXT NOT NULL);
CREATE TABLE Medal (medal_id INTEGER PRIMARY KEY, format_id INTEGER, type TEXT NOT NULL, year INTEGER, location TEXT NOT NULL);
CREATE TABLE PersonalInformation (info_id INTEGER GENERATED ALWAYS AS IDENTITY PRIMARY KEY, athlete_id INTEGER, birth_year INTEGER, birth_month INTEGER, birth_day INTEGER);
INSERT INTO Athlete (athlete_id, name) VALUES (1, 'Amr Shabana');
INSERT INTO PersonalInformation (athlete_id, birth_year, birth_month, birth_day) VALUES (1, 1979, 7, 20);
INSERT INTO Tournament (tournament_id, athlete_id, name) VALUES (1, 1, 'World Championships');
INSERT INTO Format (format_id, tournament_id, name) VALUES (1, 1, 'Singles');
INSERT INTO Medal (medal_id, format_id, type, year, location) VALUES (1, 1, 'MedalGold', 2003, 'Lahore');
INSERT INTO Medal (medal_id, format_id, type, year, location) VALUES (2, 1, 'MedalGold', 2005, 'Hong Kong');
INSERT INTO Medal (medal_id, format_id, type, year, location) VALUES (3, 1, 'MedalGold', 2007, 'Bermuda');
INSERT INTO Medal (medal_id, format_id, type, year, location) VALUES (4, 1, 'MedalGold', 2009, 'Kuwait');
INSERT INTO Medal (medal_id, format_id, type, year, location) VALUES (5, 1, 'MedalBronze', 2006, 'Doha');
INSERT INTO Medal (medal_id, format_id, type, year, location) VALUES (6, 1, 'MedalBronze', 2008, 'Manchester');
INSERT INTO Medal (medal_id, format_id, type, year, location) VALUES (7, 1, 'MedalBronze', 2010, 'Khobar');
INSERT INTO Tournament (tournament_id, athlete_id, name) VALUES (2, 1, 'World Team Championships');
INSERT INTO Format (format_id, tournament_id, name) VALUES (2, 2, 'Team');
INSERT INTO Medal (medal_id, format_id, type, year, location) VALUES (8, 2, 'MedalGold', 2009, 'Odense');
INSERT INTO Medal (medal_id, format_id, type, year, location) VALUES (9, 2, 'MedalSilver', 2001, 'Melbourne');
INSERT INTO Medal (medal_id, format_id, type, year, location) VALUES (10, 2, 'MedalSilver', 2005, 'Islamabad');
