CREATE TABLE Athlete (athlete_id INTEGER PRIMARY KEY, name TEXT NOT NULL);
CREATE TABLE Tournament (tournament_id INTEGER PRIMARY KEY, athlete_id INTEGER, name TEXT NOT NULL);
CREATE TABLE Format (format_id INTEGER PRIMARY KEY, tournament_id INTEGER, name TEXT NOT NULL);
CREATE TABLE Medal (medal_id INTEGER PRIMARY KEY, format_id INTEGER, type TEXT NOT NULL, year INTEGER, location TEXT NOT NULL);
CREATE TABLE PersonalInformation (info_id INTEGER GENERATED ALWAYS AS IDENTITY PRIMARY KEY, athlete_id INTEGER, birth_year INTEGER, birth_month INTEGER, birth_day INTEGER);
INSERT INTO Athlete (athlete_id, name) VALUES (1, 'Ratchanok Intanon');
INSERT INTO PersonalInformation (athlete_id, birth_year, birth_month, birth_day) VALUES (1, 1993, 2, 5);
INSERT INTO Tournament (tournament_id, athlete_id, name) VALUES (1, 1, 'Uber Cup');
INSERT INTO Format (format_id, tournament_id, name) VALUES (1, 1, 'Women''s team');
INSERT INTO Medal (medal_id, format_id, type, year, location) VALUES (1, 1, 'MedalBronze', 2020, 'Jakarta');
INSERT INTO Format (format_id, tournament_id, name) VALUES (2, 1, 'Girls'' singles');
INSERT INTO Medal (medal_id, format_id, type, year, location) VALUES (2, 2, 'MedalSilver', 2018, 'Bangkok');
INSERT INTO Format (format_id, tournament_id, name) VALUES (3, 1, 'Mixed team');
INSERT INTO Medal (medal_id, format_id, type, year, location) VALUES (3, 3, 'MedalGold', 2012, 'Singapore');
INSERT INTO Format (format_id, tournament_id, name) VALUES (4, 1, 'Women''s singles');
INSERT INTO Medal (medal_id, format_id, type, year, location) VALUES (4, 4, 'MedalSilver', 2016, 'Guadalajara');
INSERT INTO Medal (medal_id, format_id, type, year, location) VALUES (5, 4, 'MedalSilver', 2014, 'Gold Coast');
INSERT INTO Medal (medal_id, format_id, type, year, location) VALUES (6, 4, 'MedalGold', 2015, 'Singapore');
INSERT INTO Tournament (tournament_id, athlete_id, name) VALUES (2, 1, 'Asia Team Championships');
INSERT INTO Format (format_id, tournament_id, name) VALUES (5, 2, 'Girls'' doubles');
INSERT INTO Medal (medal_id, format_id, type, year, location) VALUES (7, 5, 'MedalBronze', 2012, 'Philippines');
INSERT INTO Medal (medal_id, format_id, type, year, location) VALUES (8, 5, 'MedalBronze', 2019, 'Vientiane');
INSERT INTO Format (format_id, tournament_id, name) VALUES (6, 2, 'Women''s singles');
INSERT INTO Medal (medal_id, format_id, type, year, location) VALUES (9, 6, 'MedalBronze', 2021, 'Guadalajara');
INSERT INTO Medal (medal_id, format_id, type, year, location) VALUES (10, 6, 'MedalBronze', 2015, 'Alor Setar');
INSERT INTO Medal (medal_id, format_id, type, year, location) VALUES (11, 6, 'MedalBronze', 2017, 'Bangkok');
INSERT INTO Medal (medal_id, format_id, type, year, location) VALUES (12, 6, 'MedalSilver', 2008, 'Singapore');
INSERT INTO Format (format_id, tournament_id, name) VALUES (7, 2, 'Women''s team');
INSERT INTO Medal (medal_id, format_id, type, year, location) VALUES (13, 7, 'MedalSilver', 2008, 'Basel');
INSERT INTO Medal (medal_id, format_id, type, year, location) VALUES (14, 7, 'MedalGold', 2010, 'Philippines');
INSERT INTO Medal (medal_id, format_id, type, year, location) VALUES (15, 7, 'MedalGold', 2019, 'Hyderabad');
INSERT INTO Format (format_id, tournament_id, name) VALUES (8, 2, 'Mixed team');
INSERT INTO Medal (medal_id, format_id, type, year, location) VALUES (16, 8, 'MedalSilver', 2016, 'Basel');
INSERT INTO Medal (medal_id, format_id, type, year, location) VALUES (17, 8, 'MedalGold', 2017, 'Guadalajara');
INSERT INTO Format (format_id, tournament_id, name) VALUES (9, 2, 'Girls'' singles');
INSERT INTO Medal (medal_id, format_id, type, year, location) VALUES (18, 9, 'MedalGold', 2016, 'Taipei');
INSERT INTO Medal (medal_id, format_id, type, year, location) VALUES (19, 9, 'MedalBronze', 2013, 'Alor Setar');
INSERT INTO Tournament (tournament_id, athlete_id, name) VALUES (3, 1, 'Sudirman Cup');
INSERT INTO Format (format_id, tournament_id, name) VALUES (10, 3, 'Girls'' singles');
INSERT INTO Medal (medal_id, format_id, type, year, location) VALUES (20, 10, 'MedalGold', 2019, 'Guadalajara');
INSERT INTO Format (format_id, tournament_id, name) VALUES (11, 3, 'Women''s singles');
INSERT INTO Medal (medal_id, format_id, type, year, location) VALUES (21, 11, 'MedalSilver', 2016, 'Jakarta');
INSERT INTO Medal (medal_id, format_id, type, year, location) VALUES (22, 11, 'MedalSilver', 2020, 'Bangkok');
INSERT INTO Medal (medal_id, format_id, type, year, location) VALUES (23, 11, 'MedalBronze', 2020, 'Singapore');
INSERT INTO Medal (medal_id, format_id, type, year, location) VALUES (24, 11, 'MedalBronze', 2020, 'Philippines');
INSERT INTO Format (format_id, tournament_id, name) VALUES (12, 3, 'Women''s team');
INSERT INTO Medal (medal_id, format_id, type, year, location) VALUES (25, 12, 'MedalGold', 2020, 'Vientiane');
INSERT INTO Medal (medal_id, format_id, type, year, location) VALUES (26, 12, 'MedalBronze', 2012, 'Aarhus');
INSERT INTO Medal (medal_id, format_id, type, year, location) VALUES (27, 12, 'MedalGold', 2015, 'Alor Setar');
INSERT INTO Medal (medal_id, format_id, type, year, location) VALUES (28, 12, 'MedalGold', 2008, 'Basel');
INSERT INTO Tournament (tournament_id, athlete_id, name) VALUES (4, 1, 'World Championships');
INSERT INTO Format (format_id, tournament_id, name) VALUES (13, 4, 'Girls'' singles');
INSERT INTO Medal (medal_id, format_id, type, year, location) VALUES (29, 13, 'MedalGold', 2021, 'Nanning');
INSERT INTO Medal (medal_id, format_id, type, year, location) VALUES (30, 13, 'MedalSilver', 2016, 'Taipei');
INSERT INTO Medal (medal_id, format_id, type, year, location) VALUES (31, 13, 'MedalGold', 2024, 'Gold Coast');
INSERT INTO Medal (medal_id, format_id, type, year, location) VALUES (32, 13, 'MedalSilver', 2013, 'Alor Setar');
INSERT INTO Format (format_id, tournament_id, name) VALUES (14, 4, 'Women''s team');
INSERT INTO Medal (medal_id, format_id, type, year, location) VALUES (33, 14, 'MedalBronze', 2010, 'Taipei');
INSERT INTO Medal (medal_id, format_id, type, year, location) VALUES (34, 14, 'MedalBronze', 2022, 'Bangkok');
INSERT INTO Medal (medal_id, format_id, type, year, location) VALUES (35, 14, 'MedalBronze', 2023, 'Basel');
INSERT INTO Medal (medal_id, format_id, type, year, location) VALUES (36, 14, 'MedalGold', 2014, 'Gold Coast');
INSERT INTO Format (format_id, tournament_id, name) VALUES (15, 4, 'Mixed team');
INSERT INTO Medal (medal_id, format_id, type, year, location) VALUES (37, 15, 'MedalBronze', 2013, 'Bangkok');
INSERT INTO Medal (medal_id, format_id, type, year, location) VALUES (38, 15, 'MedalSilver', 2014, 'Guangzhou');
INSERT INTO Medal (medal_id, format_id, type, year, location) VALUES (39, 15, 'MedalBronze', 2020, 'Vientiane');
INSERT INTO Medal (medal_id, format_id, type, year, location) VALUES (40, 15, 'MedalSilver', 2021, 'Guangzhou');
INSERT INTO Format (format_id, tournament_id, name) VALUES (16, 4, 'Girls'' doubles');
INSERT INTO Medal (medal_id, format_id, type, year, location) VALUES (41, 16, 'MedalBronze', 2018, 'Singapore');
INSERT INTO Tournament (tournament_id, athlete_id, name) VALUES (5, 1, 'Asian Junior Championships');
INSERT INTO Format (format_id, tournament_id, name) VALUES (17, 5, 'Women''s singles');
INSERT INTO Medal (medal_id, format_id, type, year, location) VALUES (42, 17, 'MedalBronze', 2015, 'Philippines');
INSERT INTO Tournament (tournament_id, athlete_id, name) VALUES (6, 1, 'SEA Games');
INSERT INTO Format (format_id, tournament_id, name) VALUES (18, 6, 'Mixed team');
INSERT INTO Medal (medal_id, format_id, type, year, location) VALUES (43, 18, 'MedalSilver', 2015, 'Vientiane');
INSERT INTO Medal (medal_id, format_id, type, year, location) VALUES (44, 18, 'MedalSilver', 2016, 'Jakarta');
INSERT INTO Medal (medal_id, format_id, type, year, location) VALUES (45, 18, 'MedalGold', 2020, 'Wuhan');
INSERT INTO Medal (medal_id, format_id, type, year, location) VALUES (46, 18, 'MedalBronze', 2024, 'Guadalajara');
INSERT INTO Format (format_id, tournament_id, name) VALUES (19, 6, 'Women''s team');
INSERT INTO Medal (medal_id, format_id, type, year, location) VALUES (47, 19, 'MedalSilver', 2016, 'Kuala Lumpur');
INSERT INTO Medal (medal_id, format_id, type, year, location) VALUES (48, 19, 'MedalBronze', 2020, 'Nanning');
INSERT INTO Medal (medal_id, format_id, type, year, location) VALUES (49, 19, 'MedalBronze', 2024, 'Philippines');
INSERT INTO Medal (medal_id, format_id, type, year, location) VALUES (50, 19, 'MedalGold', 2017, 'Hyderabad');
INSERT INTO Format (format_id, tournament_id, name) VALUES (20, 6, 'Girls'' singles');
INSERT INTO Medal (medal_id, format_id, type, year, location) VALUES (51, 20, 'MedalBronze', 2014, 'Hyderabad');
INSERT INTO Medal (medal_id, format_id, type, year, location) VALUES (52, 20, 'MedalSilver', 2019, 'Taipei');
INSERT INTO Medal (medal_id, format_id, type, year, location) VALUES (53, 20, 'MedalBronze', 2022, 'Aarhus');
INSERT INTO Format (format_id, tournament_id, name) VALUES (21, 6, 'Women''s singles');
INSERT INTO Medal (medal_id, format_id, type, year, location) VALUES (54, 21, 'MedalGold', 2018, 'Nanning');
INSERT INTO Medal (medal_id, format_id, type, year, location) VALUES (55, 21, 'MedalBronze', 2016, 'Alor Setar');
INSERT INTO Tournament (tournament_id, athlete_id, name) VALUES (7, 1, 'Asian Games');
INSERT INTO Format (format_id, tournament_id, name) VALUES (22, 7, 'Girls'' doubles');
INSERT INTO Medal (medal_id, format_id, type, year, location) VALUES (56, 22, 'MedalBronze', 2013, 'Philippines');
INSERT INTO Medal (medal_id, format_id, type, year, location) VALUES (57, 22, 'MedalBronze', 2019, 'Philippines');
INSERT INTO Medal (medal_id, format_id, type, year, location) VALUES (58, 22, 'MedalBronze', 2014, 'Wuhan');
INSERT INTO Format (format_id, tournament_id, name) VALUES (23, 7, 'Women''s team');
INSERT INTO Medal (medal_id, format_id, type, year, location) VALUES (59, 23, 'MedalSilver', 2015, 'Philippines');
INSERT INTO Medal (medal_id, format_id, type, year, location) VALUES (60, 23, 'MedalGold', 2019, 'Vientiane');
INSERT INTO Medal (medal_id, format_id, type, year, location) VALUES (61, 23, 'MedalGold', 2009, 'Taipei');
INSERT INTO Medal (medal_id, format_id, type, year, location) VALUES (62, 23, 'MedalSilver', 2007, 'Guadalajara');
INSERT INTO Tournament (tournament_id, athlete_id, name) VALUES (8, 1, 'World Junior Championships');
INSERT INTO Format (format_id, tournament_id, name) VALUES (24, 8, 'Girls'' doubles');
INSERT INTO Medal (medal_id, format_id, type, year, location) VALUES (63, 24, 'MedalBronze', 2012, 'Alor Setar');
INSERT INTO Format (format_id, tournament_id, name) VALUES (25, 8, 'Women''s team');
INSERT INTO Medal (medal_id, format_id, type, year, location) VALUES (64, 25, 'MedalBronze', 2021, 'Guadalajara');
INSERT INTO Medal (medal_id, format_id, type, year, location) VALUES (65, 25, 'MedalGold', 2011, 'Taipei');
INSERT INTO Format (format_id, tournament_id, name) VALUES (26, 8, 'Mixed team');
INSERT INTO Medal (medal_id, format_id, type, year, location) VALUES (66, 26, 'MedalGold', 2009, 'Singapore');
INSERT INTO Medal (medal_id, format_id, type, year, location) VALUES (67, 26, 'MedalGold', 2011, 'Guadalajara');
INSERT INTO Format (format_id, tournament_id, name) VALUES (27, 8, 'Girls'' singles');
INSERT INTO Medal (medal_id, format_id, type, year, location) VALUES (68, 27, 'MedalBronze', 2020, 'Basel');
INSERT INTO Medal (medal_id, format_id, type, year, location) VALUES (69, 27, 'MedalGold', 2009, 'Basel');
INSERT INTO Medal (medal_id, format_id, type, year, location) VALUES (70, 27, 'MedalGold', 2022, 'Kuala Lumpur');
INSERT INTO Medal (medal_id, format_id, type, year, location) VALUES (71, 27, 'MedalSilver', 2017, 'Philippines');
INSERT INTO Tournament (tournament_id, athlete_id, name) VALUES (9, 1, 'Asian Championships');
INSERT INTO Format (format_id, tournament_id, name) VALUES (28, 9, 'Women''s singles');
INSERT INTO Medal (medal_id, format_id, type, year, location) VALUES (72, 28, 'MedalSilver', 2015, 'Kuala Lumpur');
INSERT INTO Format (format_id, tournament_id, name) VALUES (29, 9, 'Mixed team');
INSERT INTO Medal (medal_id, format_id, type, year, location) VALUES (73, 29, 'MedalBronze', 2023, 'Aarhus');
INSERT INTO Format (format_id, tournament_id, name) VALUES (30, 9, 'Girls'' doubles');
INSERT INTO Medal (medal_id, format_id, type, year, location) VALUES (74, 30, 'MedalBronze', 2011, 'Nanning');
INSERT INTO Medal (medal_id, format_id, type, year, location) VALUES (75, 30, 'MedalBronze', 2018, 'Philippines');
INSERT INTO Medal (medal_id, format_id, type, year, location) VALUES (76, 30, 'MedalGold', 2023, 'Guadalajara');
INSERT INTO Medal (medal_id, format_id, type, year, location) VALUES (77, 30, 'MedalBronze', 2010, 'Kuala Lumpur');
INSERT INTO Format (format_id, tournament_id, name) VALUES (31, 9, 'Girls'' singles');
INSERT INTO Medal (medal_id, format_id, type, year, location) VALUES (78, 31, 'MedalBronze', 2020, 'Taipei');
INSERT INTO Medal (medal_id, format_id, type, year, location) VALUES (79, 31, 'MedalSilver', 2007, 'Aarhus');
INSERT INTO Format (format_id, tournament_id, name) VALUES (32, 9, 'Women''s team');
INSERT INTO Medal (medal_id, format_id, type, year, location) VALUES (80, 32, 'MedalBronze', 2016, 'Alor Setar');
INSERT INTO Medal (medal_id, format_id, type, year, location) VALUES (81, 32, 'MedalSilver', 2019, 'Vientiane');
INSERT INTO Medal (medal_id, format_id, type, year, location) VALUES (82, 32, 'MedalGold', 2007, 'Singapore');
INSERT INTO Medal (medal_id, format_id, type, year, location) VALUES (83, 32, 'MedalSilver', 2020, 'Philippines');
