CREATE TABLE Athlete (athlete_id INTEGER PRIMARY KEY, name TEXT NOT NULL);
CREATE TABLE Tournament (tournament_id INTEGER PRIMARY KEY, athlete_id INTEGER, name TEXT NOT NULL);
CREATE TABLE Format (format_id INTEGER PRIMARY KEY, tournament_id INTEGER, name TEXT NOT NULL);
CREATE TABLE Medal (medal_id INTEGER PRIMARY KEY, format_id INTEGER, type TEXT NOT NULL, year INTEGER, location TEXT NOT NULL);
CREATE TABLE PersonalInformation (info_id INTEGER GENERATED ALWAYS AS IDENTITY PRIMARY KEY, athlete_id INTEGER, birth_year INTEGER, birth_month INTEGER, birth_day INTEGER);
INSERT INTO Athlete (athlete_id, name) VALUES (1, 'Jonathan Horne');
INSERT INTO PersonalInformation (athlete_id, birth_year, birth_month, birth_day) VALUES (1, 1989, 1, 17);
INSERT INTO Tournament (tournament_id, athlete_id, name) VALUES (1, 1, 'World Championships');
INSERT INTO Format (format_id, tournament_id, name) VALUES (1, 1, '84 kg');
INSERT INTO Medal (medal_id, format_id, type, year, location) VALUES (1, 1, 'MedalGold', 2018, 'Madrid');
INSERT INTO Format (format_id, tournament_id, name) VALUES (2, 1, 'Team kumite');
INSERT INTO Medal (medal_id, format_id, type, year, location) VALUES (2, 2, 'MedalSilver', 2014, 'Bremen');
INSERT INTO Medal (medal_id, format_id, type, year, location) VALUES (3, 2, 'MedalBronze', 2016, 'Linz');
INSERT INTO Format (format_id, tournament_id, name) VALUES (3, 1, '80 kg');
INSERT INTO Medal (medal_id, format_id, type, year, location) VALUES (4, 3, 'MedalBronze', 2008, 'Tokyo');
INSERT INTO Tournament (tournament_id, athlete_id, name) VALUES (2, 1, 'European Championships');
INSERT INTO Format (format_id, tournament_id, name) VALUES (4, 2, '80 kg');
INSERT INTO Medal (medal_id, format_id, type, year, location) VALUES (5, 4, 'MedalGold', 2008, 'Tallinn');
INSERT INTO Format (format_id, tournament_id, name) VALUES (5, 2, '84 kg');
INSERT INTO Medal (medal_id, format_id, type, year, location) VALUES (6, 5, 'MedalGold', 2010, 'Athens');
INSERT INTO Medal (medal_id, format_id, type, year, location) VALUES (7, 5, 'MedalGold', 2011, 'Zürich');
INSERT INTO Medal (medal_id, format_id, type, year, location) VALUES (8, 5, 'MedalGold', 2012, 'Adeje');
INSERT INTO Medal (medal_id, format_id, type, year, location) VALUES (9, 5, 'MedalGold', 2016, 'Montpellier');
INSERT INTO Medal (medal_id, format_id, type, year, location) VALUES (10, 5, 'MedalGold', 2019, 'Guadalajara');
INSERT INTO Medal (medal_id, format_id, type, year, location) VALUES (11, 5, 'MedalGold', 2021, 'Poreč');
INSERT INTO Medal (medal_id, format_id, type, year, location) VALUES (12, 5, 'MedalBronze', 2015, 'Istanbul');
INSERT INTO Medal (medal_id, format_id, type, year, location) VALUES (13, 5, 'MedalBronze', 2013, 'Budapest');
INSERT INTO Medal (medal_id, format_id, type, year, location) VALUES (14, 5, 'MedalBronze', 2014, 'Tampere');
INSERT INTO Format (format_id, tournament_id, name) VALUES (6, 2, 'Team kumite');
INSERT INTO Medal (medal_id, format_id, type, year, location) VALUES (15, 6, 'MedalGold', 2012, 'Adeje');
INSERT INTO Medal (medal_id, format_id, type, year, location) VALUES (16, 6, 'MedalBronze', 2013, 'Budapest');
INSERT INTO Medal (medal_id, format_id, type, year, location) VALUES (17, 6, 'MedalBronze', 2014, 'Tampere');
INSERT INTO Tournament (tournament_id, athlete_id, name) VALUES (3, 1, 'World Games');
INSERT INTO Format (format_id, tournament_id, name) VALUES (7, 3, '80 kg');
INSERT INTO Medal (medal_id, format_id, type, year, location) VALUES (18, 7, 'MedalGold', 2009, 'Kaohsiung');
INSERT INTO Format (format_id, tournament_id, name) VALUES (8, 3, '84 kg');
INSERT INTO Medal (medal_id, format_id, type, year, location) VALUES (19, 8, 'MedalGold', 2013, 'Cali');
INSERT INTO Tournament (tournament_id, athlete_id, name) VALUES (4, 1, 'European Games');
INSERT INTO Format (format_id, tournament_id, name) VALUES (9, 4, '84 kg');
INSERT INTO Medal (medal_id, format_id, type, year, location) VALUES (20, 9, 'MedalSilver', 2015, 'Baku');
INSERT INTO Medal (medal_id, format_id, type, year, location) VALUES (21, 9, 'MedalBronze', 2019, 'Minsk');
