CREATE TABLE Athlete (athlete_id INTEGER PRIMARY KEY, name TEXT NOT NULL);
CREATE TABLE Tournament (tournament_id INTEGER PRIMARY KEY, athlete_id INTEGER, name TEXT NOT NULL);
CREATE TABLE Format (format_id INTEGER PRIMARY KEY, tournament_id INTEGER, name TEXT NOT NULL);
CREATE TABLE Medal (medal_id INTEGER PRIMARY KEY, format_id INTEGER, type TEXT NOT NULL, year INTEGER, location TEXT NOT NULL);
CREATE TABLE PersonalInformation (info_id INTEGER GENERATED ALWAYS AS IDENTITY PRIMARY KEY, athlete_id INTEGER, birth_year INTEGER, birth_month INTEGER, birth_day INTEGER);
INSERT INTO Athlete (athlete_id, name) VALUES (1, 'Andre Cason');
INSERT INTO PersonalInformation (athlete_id, birth_year, birth_month, birth_day) VALUES (1, 1969, 1, 20);
INSERT INTO Tournament (tournament_id, athlete_id, name) VALUES (1, 1, 'IAAF World Championships');
INSERT INTO Format (format_id, tournament_id, name) VALUES (1, 1, '4x100 m relay');
INSERT INTO Medal (medal_id, format_id, type, year, location) VALUES (1, 1, 'MedalGold', 1993, 'Stuttgart');
INSERT INTO Medal (medal_id, format_id, type, year, location) VALUES (2, 1, 'MedalGold', 1991, 'Tokyo');
INSERT INTO Format (format_id, tournament_id, name) VALUES (2, 1, '100 m');
INSERT INTO Medal (medal_id, format_id, type, year, location) VALUES (3, 2, 'MedalSilver', 1993, 'Stuttgart');
INSERT INTO Tournament (tournament_id, athlete_id, name) VALUES (2, 1, 'IAAF World Indoor Championships');
INSERT INTO Format (format_id, tournament_id, name) VALUES (3, 2, '60 m');
INSERT INTO Medal (medal_id, format_id, type, year, location) VALUES (4, 3, 'MedalGold', 1991, 'Seville');
INSERT INTO Tournament (tournament_id, athlete_id, name) VALUES (3, 1, 'Pan American Games');
INSERT INTO Format (format_id, tournament_id, name) VALUES (4, 3, '100 m');
INSERT INTO Medal (medal_id, format_id, type, year, location) VALUES (5, 4, 'MedalSilver', 1991, 'Havana');
INSERT INTO Tournament (tournament_id, athlete_id, name) VALUES (4, 1, 'Universiade');
INSERT INTO Format (format_id, tournament_id, name) VALUES (5, 4, '100 m');
INSERT INTO Medal (medal_id, format_id, type, year, location) VALUES (6, 5, 'MedalGold', 1989, 'Duisburg');
INSERT INTO Format (format_id, tournament_id, name) VALUES (6, 4, '4 x 100 m relay');
INSERT INTO Medal (medal_id, format_id, type, year, location) VALUES (7, 6, 'MedalGold', 1989, 'Duisburg');
INSERT INTO Tournament (tournament_id, athlete_id, name) VALUES (5, 1, 'IAAF World Cup');
INSERT INTO Format (format_id, tournament_id, name) VALUES (7, 5, '4 x 100 m relay');
INSERT INTO Medal (medal_id, format_id, type, year, location) VALUES (8, 7, 'MedalGold', 1989, 'Barcelona');
