CREATE TABLE Athlete (athlete_id INTEGER PRIMARY KEY, name TEXT NOT NULL);
CREATE TABLE Tournament (tournament_id INTEGER PRIMARY KEY, athlete_id INTEGER, name TEXT NOT NULL);
CREATE TABLE Format (format_id INTEGER PRIMARY KEY, tournament_id INTEGER, name TEXT NOT NULL);
CREATE TABLE Medal (medal_id INTEGER PRIMARY KEY, format_id INTEGER, type TEXT NOT NULL, year INTEGER, location TEXT NOT NULL);
CREATE TABLE PersonalInformation (info_id INTEGER GENERATED ALWAYS AS IDENTITY PRIMARY KEY, athlete_id INTEGER, birth_year INTEGER, birth_month INTEGER, birth_day INTEGER);
INSERT INTO Athlete (athlete_id, name) VALUES (1, 'Timo Boll');
INSERT INTO PersonalInformation (athlete_id, birth_year, birth_month, birth_day) VALUES (1, 1981, 3, 8);
INSERT INTO Tournament (tournament_id, athlete_id, name) VALUES (1, 1, 'Olympic Games');
INSERT INTO Format (format_id, tournament_id, name) VALUES (1, 1, 'Team');
INSERT INTO Medal (medal_id, format_id, type, year, location) VALUES (1, 1, 'MedalSilver', 2008, 'Beijing');
INSERT INTO Medal (medal_id, format_id, type, year, location) VALUES (2, 1, 'MedalSilver', 2020, 'Tokyo');
INSERT INTO Medal (medal_id, format_id, type, year, location) VALUES (3, 1, 'MedalBronze', 2012, 'London');
INSERT INTO Medal (medal_id, format_id, type, year, location) VALUES (4, 1, 'MedalBronze', 2016, 'Rio de Janeiro');
INSERT INTO Tournament (tournament_id, athlete_id, name) VALUES (2, 1, 'World Championships');
INSERT INTO Format (format_id, tournament_id, name) VALUES (2, 2, 'Team');
INSERT INTO Medal (medal_id, format_id, type, year, location) VALUES (5, 2, 'MedalSilver', 2004, 'Doha');
INSERT INTO Medal (medal_id, format_id, type, year, location) VALUES (6, 2, 'MedalSilver', 2010, 'Moscow');
INSERT INTO Medal (medal_id, format_id, type, year, location) VALUES (7, 2, 'MedalSilver', 2012, 'Dortmund');
INSERT INTO Medal (medal_id, format_id, type, year, location) VALUES (8, 2, 'MedalSilver', 2014, 'Tokyo');
INSERT INTO Medal (medal_id, format_id, type, year, location) VALUES (9, 2, 'MedalSilver', 2018, 'Halmstad');
INSERT INTO Medal (medal_id, format_id, type, year, location) VALUES (10, 2, 'MedalBronze', 2006, 'Bremen');
INSERT INTO Format (format_id, tournament_id, name) VALUES (3, 2, 'Doubles');
INSERT INTO Medal (medal_id, format_id, type, year, location) VALUES (11, 3, 'MedalSilver', 2005, 'Shanghai');
INSERT INTO Format (format_id, tournament_id, name) VALUES (4, 2, 'Singles');
INSERT INTO Medal (medal_id, format_id, type, year, location) VALUES (12, 4, 'MedalBronze', 2011, 'Rotterdam');
INSERT INTO Medal (medal_id, format_id, type, year, location) VALUES (13, 4, 'MedalBronze', 2021, 'Houston');
INSERT INTO Tournament (tournament_id, athlete_id, name) VALUES (3, 1, 'World Cup');
INSERT INTO Format (format_id, tournament_id, name) VALUES (5, 3, 'Singles');
INSERT INTO Medal (medal_id, format_id, type, year, location) VALUES (14, 5, 'MedalGold', 2002, 'Jinan');
INSERT INTO Medal (medal_id, format_id, type, year, location) VALUES (15, 5, 'MedalGold', 2005, 'Liège');
INSERT INTO Medal (medal_id, format_id, type, year, location) VALUES (16, 5, 'MedalSilver', 2008, 'Liège');
INSERT INTO Medal (medal_id, format_id, type, year, location) VALUES (17, 5, 'MedalSilver', 2012, 'Liverpool');
INSERT INTO Medal (medal_id, format_id, type, year, location) VALUES (18, 5, 'MedalSilver', 2017, 'Liège');
INSERT INTO Medal (medal_id, format_id, type, year, location) VALUES (19, 5, 'MedalSilver', 2018, 'Paris');
INSERT INTO Medal (medal_id, format_id, type, year, location) VALUES (20, 5, 'MedalBronze', 2014, 'Düsseldorf');
INSERT INTO Medal (medal_id, format_id, type, year, location) VALUES (21, 5, 'MedalBronze', 2010, 'Magdeburg');
INSERT INTO Tournament (tournament_id, athlete_id, name) VALUES (4, 1, 'European Games');
INSERT INTO Format (format_id, tournament_id, name) VALUES (6, 4, 'Singles');
INSERT INTO Medal (medal_id, format_id, type, year, location) VALUES (22, 6, 'MedalGold', 2019, 'Minsk');
INSERT INTO Format (format_id, tournament_id, name) VALUES (7, 4, 'Team');
INSERT INTO Medal (medal_id, format_id, type, year, location) VALUES (23, 7, 'MedalGold', 2019, 'Minsk');
INSERT INTO Medal (medal_id, format_id, type, year, location) VALUES (24, 7, 'MedalGold', 2023, 'Kraków');
INSERT INTO Tournament (tournament_id, athlete_id, name) VALUES (5, 1, 'European Championships');
INSERT INTO Format (format_id, tournament_id, name) VALUES (8, 5, 'Singles');
INSERT INTO Medal (medal_id, format_id, type, year, location) VALUES (25, 8, 'MedalGold', 2002, 'Zagreb');
INSERT INTO Medal (medal_id, format_id, type, year, location) VALUES (26, 8, 'MedalGold', 2007, 'Belgrade');
INSERT INTO Medal (medal_id, format_id, type, year, location) VALUES (27, 8, 'MedalGold', 2008, 'Saint');
INSERT INTO Medal (medal_id, format_id, type, year, location) VALUES (28, 8, 'MedalGold', 2010, 'Ostrava');
INSERT INTO Medal (medal_id, format_id, type, year, location) VALUES (29, 8, 'MedalGold', 2011, 'Gdansk');
INSERT INTO Medal (medal_id, format_id, type, year, location) VALUES (30, 8, 'MedalGold', 2012, 'Herning');
INSERT INTO Medal (medal_id, format_id, type, year, location) VALUES (31, 8, 'MedalGold', 2018, 'Alicante');
INSERT INTO Medal (medal_id, format_id, type, year, location) VALUES (32, 8, 'MedalGold', 2021, 'Warsaw');
INSERT INTO Medal (medal_id, format_id, type, year, location) VALUES (33, 8, 'MedalBronze', 2003, 'Courmayeur');
INSERT INTO Medal (medal_id, format_id, type, year, location) VALUES (34, 8, 'MedalBronze', 2009, 'Stuttgart');
INSERT INTO Medal (medal_id, format_id, type, year, location) VALUES (35, 8, 'MedalBronze', 2016, 'Budapest');
INSERT INTO Format (format_id, tournament_id, name) VALUES (9, 5, 'Doubles');
INSERT INTO Medal (medal_id, format_id, type, year, location) VALUES (36, 9, 'MedalGold', 2002, 'Zagreb');
INSERT INTO Medal (medal_id, format_id, type, year, location) VALUES (37, 9, 'MedalGold', 2007, 'Belgrade');
INSERT INTO Medal (medal_id, format_id, type, year, location) VALUES (38, 9, 'MedalGold', 2008, 'Saint');
INSERT INTO Medal (medal_id, format_id, type, year, location) VALUES (39, 9, 'MedalGold', 2009, 'Stuttgart');
INSERT INTO Medal (medal_id, format_id, type, year, location) VALUES (40, 9, 'MedalGold', 2010, 'Ostrava');
INSERT INTO Medal (medal_id, format_id, type, year, location) VALUES (41, 9, 'MedalBronze', 2005, 'Aarhus');
INSERT INTO Format (format_id, tournament_id, name) VALUES (10, 5, 'Team');
INSERT INTO Medal (medal_id, format_id, type, year, location) VALUES (42, 10, 'MedalGold', 2007, 'Belgrade');
INSERT INTO Medal (medal_id, format_id, type, year, location) VALUES (43, 10, 'MedalGold', 2008, 'Saint');
INSERT INTO Medal (medal_id, format_id, type, year, location) VALUES (44, 10, 'MedalGold', 2009, 'Stuttgart');
INSERT INTO Medal (medal_id, format_id, type, year, location) VALUES (45, 10, 'MedalGold', 2010, 'Ostrava');
INSERT INTO Medal (medal_id, format_id, type, year, location) VALUES (46, 10, 'MedalGold', 2011, 'Gdansk');
INSERT INTO Medal (medal_id, format_id, type, year, location) VALUES (47, 10, 'MedalGold', 2017, 'Luxembourg');
INSERT INTO Medal (medal_id, format_id, type, year, location) VALUES (48, 10, 'MedalGold', 2019, 'Nantes');
INSERT INTO Medal (medal_id, format_id, type, year, location) VALUES (49, 10, 'MedalSilver', 2000, 'Bremen');
INSERT INTO Medal (medal_id, format_id, type, year, location) VALUES (50, 10, 'MedalSilver', 2002, 'Zagreb');
INSERT INTO Medal (medal_id, format_id, type, year, location) VALUES (51, 10, 'MedalSilver', 2003, 'Courmayeur');
INSERT INTO Medal (medal_id, format_id, type, year, location) VALUES (52, 10, 'MedalSilver', 2014, 'Lisbon');
INSERT INTO Medal (medal_id, format_id, type, year, location) VALUES (53, 10, 'MedalSilver', 2023, 'Malmö');
