CREATE TABLE Athlete (athlete_id INTEGER PRIMARY KEY, name TEXT NOT NULL);
CREATE TABLE Tournament (tournament_id INTEGER PRIMARY KEY, athlete_id INTEGER, name TEXT NOT NULL);
CREATE TABLE Format (format_id INTEGER PRIMARY KEY, tournament_id INTEGER, name TEXT NOT NULL);
CREATE TABLE Medal (medal_id INTEGER PRIMARY KEY, format_id INTEGER, type TEXT NOT NULL, year INTEGER, location TEXT NOT NULL);
CREATE TABLE PersonalInformation (info_id INTEGER GENERATED ALWAYS AS IDENTITY PRIMARY KEY, athlete_id INTEGER, birth_year INTEGER, birth_month INTEGER, birth_day INTEGER);
INSERT INTO Athlete (athlete_id, name) VALUES (1, 'Emma McKeon');
INSERT INTO PersonalInformation (athlete_id, birth_year, birth_month, birth_day) VALUES (1, 1994, 5, 24);
INSERT INTO Tournament (tournament_id, athlete_id, name) VALUES (1, 1, 'Olympic Games');
INSERT INTO Format (format_id, tournament_id, name) VALUES (1, 1, '4x100 m freestyle');
INSERT INTO Medal (medal_id, format_id, type, year, location) VALUES (1, 1, 'MedalGold', 2016, 'SOG');
INSERT INTO Medal (medal_id, format_id, type, year, location) VALUES (2, 1, 'MedalGold', 2020, 'Tokyo');
INSERT INTO Format (format_id, tournament_id, name) VALUES (2, 1, '50 m freestyle');
INSERT INTO Medal (medal_id, format_id, type, year, location) VALUES (3, 2, 'MedalGold', 2020, 'SOG');
INSERT INTO Format (format_id, tournament_id, name) VALUES (3, 1, '100 m freestyle');
INSERT INTO Medal (medal_id, format_id, type, year, location) VALUES (4, 3, 'MedalGold', 2020, 'Tokyo');
INSERT INTO Format (format_id, tournament_id, name) VALUES (4, 1, '4x100 m medley');
INSERT INTO Medal (medal_id, format_id, type, year, location) VALUES (5, 4, 'MedalGold', 2020, 'Tokyo');
INSERT INTO Medal (medal_id, format_id, type, year, location) VALUES (6, 4, 'MedalSilver', 2016, 'Rio de Janeiro');
INSERT INTO Format (format_id, tournament_id, name) VALUES (5, 1, '4x200 m freestyle');
INSERT INTO Medal (medal_id, format_id, type, year, location) VALUES (7, 5, 'MedalSilver', 2016, 'Rio de Janeiro');
INSERT INTO Medal (medal_id, format_id, type, year, location) VALUES (8, 5, 'MedalBronze', 2020, 'Tokyo');
INSERT INTO Format (format_id, tournament_id, name) VALUES (6, 1, '200 m freestyle');
INSERT INTO Medal (medal_id, format_id, type, year, location) VALUES (9, 6, 'MedalBronze', 2016, 'Rio de Janeiro');
INSERT INTO Format (format_id, tournament_id, name) VALUES (7, 1, '100 m butterfly');
INSERT INTO Medal (medal_id, format_id, type, year, location) VALUES (10, 7, 'MedalBronze', 2020, 'Tokyo');
INSERT INTO Format (format_id, tournament_id, name) VALUES (8, 1, '4x100 m mixed medley');
INSERT INTO Medal (medal_id, format_id, type, year, location) VALUES (11, 8, 'MedalBronze', 2020, 'Tokyo');
INSERT INTO Tournament (tournament_id, athlete_id, name) VALUES (2, 1, 'World Championships (LC)');
INSERT INTO Format (format_id, tournament_id, name) VALUES (9, 2, '4x100 m freestyle');
INSERT INTO Medal (medal_id, format_id, type, year, location) VALUES (12, 9, 'MedalGold', 2015, 'Kazan');
INSERT INTO Medal (medal_id, format_id, type, year, location) VALUES (13, 9, 'MedalGold', 2019, 'Gwangju');
INSERT INTO Medal (medal_id, format_id, type, year, location) VALUES (14, 9, 'MedalGold', 2023, 'Fukuoka');
INSERT INTO Medal (medal_id, format_id, type, year, location) VALUES (15, 9, 'MedalSilver', 2013, 'Barcelona');
INSERT INTO Medal (medal_id, format_id, type, year, location) VALUES (16, 9, 'MedalSilver', 2017, 'Budapest');
INSERT INTO Format (format_id, tournament_id, name) VALUES (10, 2, '4x200 m freestyle');
INSERT INTO Medal (medal_id, format_id, type, year, location) VALUES (17, 10, 'MedalGold', 2019, 'Gwangju');
INSERT INTO Medal (medal_id, format_id, type, year, location) VALUES (18, 10, 'MedalSilver', 2013, 'Barcelona');
INSERT INTO Medal (medal_id, format_id, type, year, location) VALUES (19, 10, 'MedalBronze', 2017, 'Budapest');
INSERT INTO Format (format_id, tournament_id, name) VALUES (11, 2, '4x100 m mixed medley');
INSERT INTO Medal (medal_id, format_id, type, year, location) VALUES (20, 11, 'MedalGold', 2019, 'Gwangju');
INSERT INTO Medal (medal_id, format_id, type, year, location) VALUES (21, 11, 'MedalSilver', 2017, 'Budapest');
INSERT INTO Medal (medal_id, format_id, type, year, location) VALUES (22, 11, 'MedalSilver', 2023, 'Fukuoka');
INSERT INTO Format (format_id, tournament_id, name) VALUES (12, 2, '4x100 m medley');
INSERT INTO Medal (medal_id, format_id, type, year, location) VALUES (23, 12, 'MedalSilver', 2013, 'Barcelona');
INSERT INTO Medal (medal_id, format_id, type, year, location) VALUES (24, 12, 'MedalSilver', 2019, 'Gwangju');
INSERT INTO Medal (medal_id, format_id, type, year, location) VALUES (25, 12, 'MedalSilver', 2023, 'Fukuoka');
INSERT INTO Medal (medal_id, format_id, type, year, location) VALUES (26, 12, 'MedalBronze', 2015, 'Kazan');
INSERT INTO Medal (medal_id, format_id, type, year, location) VALUES (27, 12, 'MedalBronze', 2017, 'Budapest');
INSERT INTO Format (format_id, tournament_id, name) VALUES (13, 2, '200 m freestyle');
INSERT INTO Medal (medal_id, format_id, type, year, location) VALUES (28, 13, 'MedalSilver', 2017, 'Budapest');
INSERT INTO Format (format_id, tournament_id, name) VALUES (14, 2, '100 m butterfly');
INSERT INTO Medal (medal_id, format_id, type, year, location) VALUES (29, 14, 'MedalSilver', 2017, 'Budapest');
INSERT INTO Medal (medal_id, format_id, type, year, location) VALUES (30, 14, 'MedalBronze', 2019, 'Gwangju');
INSERT INTO Format (format_id, tournament_id, name) VALUES (15, 2, '4x100 m mixed freestyle');
INSERT INTO Medal (medal_id, format_id, type, year, location) VALUES (31, 15, 'MedalSilver', 2019, 'Gwangju');
INSERT INTO Tournament (tournament_id, athlete_id, name) VALUES (3, 1, 'World Championships (SC)');
INSERT INTO Format (format_id, tournament_id, name) VALUES (16, 3, '50 m freestyle');
INSERT INTO Medal (medal_id, format_id, type, year, location) VALUES (32, 16, 'MedalGold', 2022, 'Melbourne');
INSERT INTO Format (format_id, tournament_id, name) VALUES (17, 3, '100 m freestyle');
INSERT INTO Medal (medal_id, format_id, type, year, location) VALUES (33, 17, 'MedalGold', 2022, 'Melbourne');
INSERT INTO Format (format_id, tournament_id, name) VALUES (18, 3, '4x100 m freestyle');
INSERT INTO Medal (medal_id, format_id, type, year, location) VALUES (34, 18, 'MedalGold', 2022, 'Melbourne');
INSERT INTO Format (format_id, tournament_id, name) VALUES (19, 3, '4x50 m medley');
INSERT INTO Medal (medal_id, format_id, type, year, location) VALUES (35, 19, 'MedalGold', 2022, 'Melbourne');
INSERT INTO Format (format_id, tournament_id, name) VALUES (20, 3, '4x50 m freestyle');
INSERT INTO Medal (medal_id, format_id, type, year, location) VALUES (36, 20, 'MedalSilver', 2022, 'Melbourne');
INSERT INTO Format (format_id, tournament_id, name) VALUES (21, 3, '4x100 m medley');
INSERT INTO Medal (medal_id, format_id, type, year, location) VALUES (37, 21, 'MedalSilver', 2022, 'Melbourne');
INSERT INTO Medal (medal_id, format_id, type, year, location) VALUES (38, 21, 'MedalBronze', 2010, 'Dubai');
INSERT INTO Format (format_id, tournament_id, name) VALUES (22, 3, '4x50 m mixed freestyle');
INSERT INTO Medal (medal_id, format_id, type, year, location) VALUES (39, 22, 'MedalSilver', 2022, 'Melbourne');
INSERT INTO Tournament (tournament_id, athlete_id, name) VALUES (4, 1, 'Pan Pacific Championships');
INSERT INTO Format (format_id, tournament_id, name) VALUES (23, 4, '4x100 m freestyle');
INSERT INTO Medal (medal_id, format_id, type, year, location) VALUES (40, 23, 'MedalGold', 2018, 'Tokyo');
INSERT INTO Format (format_id, tournament_id, name) VALUES (24, 4, '4x200 m freestyle');
INSERT INTO Medal (medal_id, format_id, type, year, location) VALUES (41, 24, 'MedalGold', 2018, 'Tokyo');
INSERT INTO Medal (medal_id, format_id, type, year, location) VALUES (42, 24, 'MedalSilver', 2014, 'Gold Coast');
INSERT INTO Format (format_id, tournament_id, name) VALUES (25, 4, '4x100 m medley');
INSERT INTO Medal (medal_id, format_id, type, year, location) VALUES (43, 25, 'MedalGold', 2018, 'Tokyo');
INSERT INTO Format (format_id, tournament_id, name) VALUES (26, 4, '4x100 m mixed medley');
INSERT INTO Medal (medal_id, format_id, type, year, location) VALUES (44, 26, 'MedalGold', 2018, 'Tokyo');
INSERT INTO Format (format_id, tournament_id, name) VALUES (27, 4, '50 m freestyle');
INSERT INTO Medal (medal_id, format_id, type, year, location) VALUES (45, 27, 'MedalBronze', 2018, 'Tokyo');
INSERT INTO Format (format_id, tournament_id, name) VALUES (28, 4, '100 m butterfly');
INSERT INTO Medal (medal_id, format_id, type, year, location) VALUES (46, 28, 'MedalBronze', 2018, 'Tokyo');
INSERT INTO Tournament (tournament_id, athlete_id, name) VALUES (5, 1, 'Commonwealth Games');
INSERT INTO Format (format_id, tournament_id, name) VALUES (29, 5, '200 m freestyle');
INSERT INTO Medal (medal_id, format_id, type, year, location) VALUES (47, 29, 'MedalGold', 2014, 'Glasgow');
INSERT INTO Medal (medal_id, format_id, type, year, location) VALUES (48, 29, 'MedalBronze', 2018, 'Gold Coast');
INSERT INTO Format (format_id, tournament_id, name) VALUES (30, 5, '4x100 m freestyle');
INSERT INTO Medal (medal_id, format_id, type, year, location) VALUES (49, 30, 'MedalGold', 2014, 'Glasgow');
INSERT INTO Medal (medal_id, format_id, type, year, location) VALUES (50, 30, 'MedalGold', 2018, 'Gold Coast');
INSERT INTO Medal (medal_id, format_id, type, year, location) VALUES (51, 30, 'MedalGold', 2022, 'Birmingham');
INSERT INTO Format (format_id, tournament_id, name) VALUES (31, 5, '4x200 m freestyle');
INSERT INTO Medal (medal_id, format_id, type, year, location) VALUES (52, 31, 'MedalGold', 2014, 'Glasgow');
INSERT INTO Medal (medal_id, format_id, type, year, location) VALUES (53, 31, 'MedalGold', 2018, 'Gold Coast');
INSERT INTO Format (format_id, tournament_id, name) VALUES (32, 5, '4x100 m medley');
INSERT INTO Medal (medal_id, format_id, type, year, location) VALUES (54, 32, 'MedalGold', 2014, 'Glasgow');
INSERT INTO Medal (medal_id, format_id, type, year, location) VALUES (55, 32, 'MedalGold', 2018, 'Gold Coast');
INSERT INTO Medal (medal_id, format_id, type, year, location) VALUES (56, 32, 'MedalGold', 2022, 'Birmingham');
INSERT INTO Format (format_id, tournament_id, name) VALUES (33, 5, '100 m butterfly');
INSERT INTO Medal (medal_id, format_id, type, year, location) VALUES (57, 33, 'MedalGold', 2018, 'Gold Coast');
INSERT INTO Medal (medal_id, format_id, type, year, location) VALUES (58, 33, 'MedalSilver', 2022, 'Birmingham');
INSERT INTO Medal (medal_id, format_id, type, year, location) VALUES (59, 33, 'MedalBronze', 2014, 'Glasgow');
INSERT INTO Format (format_id, tournament_id, name) VALUES (34, 5, '50 m freestyle');
INSERT INTO Medal (medal_id, format_id, type, year, location) VALUES (60, 34, 'MedalGold', 2022, 'Birmingham');
INSERT INTO Format (format_id, tournament_id, name) VALUES (35, 5, '50 m butterfly');
INSERT INTO Medal (medal_id, format_id, type, year, location) VALUES (61, 35, 'MedalGold', 2022, 'Birmingham');
INSERT INTO Format (format_id, tournament_id, name) VALUES (36, 5, '4x100 m mixed freestyle');
INSERT INTO Medal (medal_id, format_id, type, year, location) VALUES (62, 36, 'MedalGold', 2022, 'Birmingham');
INSERT INTO Format (format_id, tournament_id, name) VALUES (37, 5, '4x100 m mixed medley');
INSERT INTO Medal (medal_id, format_id, type, year, location) VALUES (63, 37, 'MedalGold', 2022, 'Birmingham');
INSERT INTO Format (format_id, tournament_id, name) VALUES (38, 5, '100 m freestyle');
INSERT INTO Medal (medal_id, format_id, type, year, location) VALUES (64, 38, 'MedalBronze', 2014, 'Glasgow');
INSERT INTO Medal (medal_id, format_id, type, year, location) VALUES (65, 38, 'MedalBronze', 2022, 'Birmingham');
INSERT INTO Format (format_id, tournament_id, name) VALUES (39, 5, '200 m butterfly');
INSERT INTO Medal (medal_id, format_id, type, year, location) VALUES (66, 39, 'MedalBronze', 2018, 'Gold Coast');
INSERT INTO Tournament (tournament_id, athlete_id, name) VALUES (6, 1, 'Youth Olympic Games');
INSERT INTO Format (format_id, tournament_id, name) VALUES (40, 6, '4x100 metre medley');
INSERT INTO Medal (medal_id, format_id, type, year, location) VALUES (67, 40, 'MedalGold', 2010, 'Singapore');
INSERT INTO Format (format_id, tournament_id, name) VALUES (41, 6, '100 metre freestyle');
INSERT INTO Medal (medal_id, format_id, type, year, location) VALUES (68, 41, 'MedalSilver', 2010, 'Singapore');
INSERT INTO Format (format_id, tournament_id, name) VALUES (42, 6, '4x100m mixed freestyle');
INSERT INTO Medal (medal_id, format_id, type, year, location) VALUES (69, 42, 'MedalSilver', 2010, 'Singapore');
INSERT INTO Format (format_id, tournament_id, name) VALUES (43, 6, '50 metre freestyle');
INSERT INTO Medal (medal_id, format_id, type, year, location) VALUES (70, 43, 'MedalBronze', 2010, 'Singapore');
INSERT INTO Format (format_id, tournament_id, name) VALUES (44, 6, '4x100m mixed medley');
INSERT INTO Medal (medal_id, format_id, type, year, location) VALUES (71, 44, 'MedalBronze', 2010, 'Singapore');
