CREATE TABLE Athlete (athlete_id INTEGER PRIMARY KEY, name TEXT NOT NULL);
CREATE TABLE Tournament (tournament_id INTEGER PRIMARY KEY, athlete_id INTEGER, name TEXT NOT NULL);
CREATE TABLE Format (format_id INTEGER PRIMARY KEY, tournament_id INTEGER, name TEXT NOT NULL);
CREATE TABLE Medal (medal_id INTEGER PRIMARY KEY, format_id INTEGER, type TEXT NOT NULL, year INTEGER, location TEXT NOT NULL);
CREATE TABLE PersonalInformation (info_id INTEGER GENERATED ALWAYS AS IDENTITY PRIMARY KEY, athlete_id INTEGER, birth_year INTEGER, birth_month INTEGER, birth_day INTEGER);
INSERT INTO Athlete (athlete_id, name) VALUES (1, 'Alisa Buchinger');
INSERT INTO PersonalInformation (athlete_id, birth_year, birth_month, birth_day) VALUES (1, 1992, 10, 26);
INSERT INTO Tournament (tournament_id, athlete_id, name) VALUES (1, 1, 'World Games');
INSERT INTO Format (format_id, tournament_id, name) VALUES (1, 1, 'Kumite 61 kg');
INSERT INTO Medal (medal_id, format_id, type, year, location) VALUES (1, 1, 'MedalGold', 2015, 'Baku');
INSERT INTO Medal (medal_id, format_id, type, year, location) VALUES (2, 1, 'MedalSilver', 2016, 'Birmingham');
INSERT INTO Format (format_id, tournament_id, name) VALUES (2, 1, 'Kumite 68 kg');
INSERT INTO Medal (medal_id, format_id, type, year, location) VALUES (3, 2, 'MedalGold', 2020, 'İzmit');
INSERT INTO Tournament (tournament_id, athlete_id, name) VALUES (2, 1, 'World Championships');
INSERT INTO Format (format_id, tournament_id, name) VALUES (3, 2, 'Kumite 68 kg');
INSERT INTO Medal (medal_id, format_id, type, year, location) VALUES (4, 3, 'MedalSilver', 2017, 'Bremen');
INSERT INTO Medal (medal_id, format_id, type, year, location) VALUES (5, 3, 'MedalSilver', 2015, 'Bremen');
INSERT INTO Medal (medal_id, format_id, type, year, location) VALUES (6, 3, 'MedalGold', 2021, 'Wrocław');
INSERT INTO Format (format_id, tournament_id, name) VALUES (4, 2, 'Kumite 61 kg');
INSERT INTO Medal (medal_id, format_id, type, year, location) VALUES (7, 4, 'MedalBronze', 2012, 'Istanbul');
INSERT INTO Tournament (tournament_id, athlete_id, name) VALUES (3, 1, 'European Games');
INSERT INTO Format (format_id, tournament_id, name) VALUES (5, 3, 'Kumite 68 kg');
INSERT INTO Medal (medal_id, format_id, type, year, location) VALUES (8, 5, 'MedalGold', 2012, 'Zürich');
INSERT INTO Medal (medal_id, format_id, type, year, location) VALUES (9, 5, 'MedalBronze', 2021, 'Montpellier');
INSERT INTO Medal (medal_id, format_id, type, year, location) VALUES (10, 5, 'MedalBronze', 2007, 'Wrocław');
INSERT INTO Medal (medal_id, format_id, type, year, location) VALUES (11, 5, 'MedalGold', 2019, 'Zürich');
INSERT INTO Format (format_id, tournament_id, name) VALUES (6, 3, 'Kumite 61 kg');
INSERT INTO Medal (medal_id, format_id, type, year, location) VALUES (12, 6, 'MedalGold', 2017, 'İzmit');
INSERT INTO Medal (medal_id, format_id, type, year, location) VALUES (13, 6, 'MedalBronze', 2008, 'Wrocław');
INSERT INTO Tournament (tournament_id, athlete_id, name) VALUES (4, 1, 'European Championships');
INSERT INTO Format (format_id, tournament_id, name) VALUES (7, 4, 'Kumite 68 kg');
INSERT INTO Medal (medal_id, format_id, type, year, location) VALUES (14, 7, 'MedalBronze', 2015, 'Bremen');
INSERT INTO Medal (medal_id, format_id, type, year, location) VALUES (15, 7, 'MedalGold', 2023, 'Linz');
INSERT INTO Medal (medal_id, format_id, type, year, location) VALUES (16, 7, 'MedalGold', 2009, 'Zürich');
INSERT INTO Format (format_id, tournament_id, name) VALUES (8, 4, 'Kumite 61 kg');
INSERT INTO Medal (medal_id, format_id, type, year, location) VALUES (17, 8, 'MedalGold', 2010, 'Istanbul');
INSERT INTO Medal (medal_id, format_id, type, year, location) VALUES (18, 8, 'MedalGold', 2013, 'Montpellier');
INSERT INTO Medal (medal_id, format_id, type, year, location) VALUES (19, 8, 'MedalGold', 2016, 'Zürich');
