CREATE TABLE Athlete (athlete_id INTEGER PRIMARY KEY, name TEXT NOT NULL);
CREATE TABLE Tournament (tournament_id INTEGER PRIMARY KEY, athlete_id INTEGER, name TEXT NOT NULL);
CREATE TABLE Format (format_id INTEGER PRIMARY KEY, tournament_id INTEGER, name TEXT NOT NULL);
CREATE TABLE Medal (medal_id INTEGER PRIMARY KEY, format_id INTEGER, type TEXT NOT NULL, year INTEGER, location TEXT NOT NULL);
CREATE TABLE PersonalInformation (info_id INTEGER GENERATED ALWAYS AS IDENTITY PRIMARY KEY, athlete_id INTEGER, birth_year INTEGER, birth_month INTEGER, birth_day INTEGER);
INSERT INTO Athlete (athlete_id, name) VALUES (1, 'Ludger Beerbaum');
INSERT INTO PersonalInformation (athlete_id, birth_year, birth_month, birth_day) VALUES (1, 1962, 8, 26);
INSERT INTO Tournament (tournament_id, athlete_id, name) VALUES (1, 1, 'World Cup');
INSERT INTO Format (format_id, tournament_id, name) VALUES (1, 1, 'Individual jumping');
INSERT INTO Medal (medal_id, format_id, type, year, location) VALUES (1, 1, 'MedalGold', 2010, 'Geneva');
INSERT INTO Medal (medal_id, format_id, type, year, location) VALUES (2, 1, 'MedalBronze', 2016, 'Leipzig');
INSERT INTO Format (format_id, tournament_id, name) VALUES (2, 1, 'Team jumping');
INSERT INTO Medal (medal_id, format_id, type, year, location) VALUES (3, 2, 'MedalGold', 1995, 'Mannheim');
INSERT INTO Tournament (tournament_id, athlete_id, name) VALUES (2, 1, 'World Championships');
INSERT INTO Format (format_id, tournament_id, name) VALUES (3, 2, 'Team jumping');
INSERT INTO Medal (medal_id, format_id, type, year, location) VALUES (4, 3, 'MedalSilver', 2001, 'Donaueschingen');
INSERT INTO Medal (medal_id, format_id, type, year, location) VALUES (5, 3, 'MedalGold', 2001, 'Mannheim');
INSERT INTO Format (format_id, tournament_id, name) VALUES (4, 2, 'Individual jumping');
INSERT INTO Medal (medal_id, format_id, type, year, location) VALUES (6, 4, 'MedalBronze', 1993, 'Hickstead');
INSERT INTO Tournament (tournament_id, athlete_id, name) VALUES (3, 1, 'Olympic Games');
INSERT INTO Format (format_id, tournament_id, name) VALUES (5, 3, 'Team jumping');
INSERT INTO Medal (medal_id, format_id, type, year, location) VALUES (7, 5, 'MedalGold', 1993, 'Stockholm');
INSERT INTO Medal (medal_id, format_id, type, year, location) VALUES (8, 5, 'MedalBronze', 2000, 'Helsinki');
INSERT INTO Medal (medal_id, format_id, type, year, location) VALUES (9, 5, 'MedalBronze', 1993, 'Hickstead');
INSERT INTO Medal (medal_id, format_id, type, year, location) VALUES (10, 5, 'MedalSilver', 1996, 'Atlanta');
INSERT INTO Format (format_id, tournament_id, name) VALUES (6, 3, 'Individual jumping');
INSERT INTO Medal (medal_id, format_id, type, year, location) VALUES (11, 6, 'MedalSilver', 2000, 'Barcelona');
INSERT INTO Medal (medal_id, format_id, type, year, location) VALUES (12, 6, 'MedalBronze', 2005, 'Gothenburg');
INSERT INTO Medal (medal_id, format_id, type, year, location) VALUES (13, 6, 'MedalGold', 2008, 'Rome');
INSERT INTO Medal (medal_id, format_id, type, year, location) VALUES (14, 6, 'MedalBronze', 1997, 'Stockholm');
INSERT INTO Tournament (tournament_id, athlete_id, name) VALUES (4, 1, 'European Championships');
INSERT INTO Format (format_id, tournament_id, name) VALUES (7, 4, 'Team jumping');
INSERT INTO Medal (medal_id, format_id, type, year, location) VALUES (15, 7, 'MedalBronze', 1994, 'Seoul');
INSERT INTO Medal (medal_id, format_id, type, year, location) VALUES (16, 7, 'MedalGold', 2003, 'Helsinki');
INSERT INTO Medal (medal_id, format_id, type, year, location) VALUES (17, 7, 'MedalBronze', 2010, 'Leipzig');
INSERT INTO Format (format_id, tournament_id, name) VALUES (8, 4, 'Individual jumping');
INSERT INTO Medal (medal_id, format_id, type, year, location) VALUES (18, 8, 'MedalGold', 2009, 'The Hague');
