CREATE TABLE Athlete (athlete_id INTEGER PRIMARY KEY, name TEXT NOT NULL);
CREATE TABLE Tournament (tournament_id INTEGER PRIMARY KEY, athlete_id INTEGER, name TEXT NOT NULL);
CREATE TABLE Format (format_id INTEGER PRIMARY KEY, tournament_id INTEGER, name TEXT NOT NULL);
CREATE TABLE Medal (medal_id INTEGER PRIMARY KEY, format_id INTEGER, type TEXT NOT NULL, year INTEGER, location TEXT NOT NULL);
CREATE TABLE PersonalInformation (info_id INTEGER GENERATED ALWAYS AS IDENTITY PRIMARY KEY, athlete_id INTEGER, birth_year INTEGER, birth_month INTEGER, birth_day INTEGER);
INSERT INTO Athlete (athlete_id, name) VALUES (1, 'Dorothee Schneider');
INSERT INTO PersonalInformation (athlete_id, birth_year, birth_month, birth_day) VALUES (1, 1969, 2, 17);
INSERT INTO Tournament (tournament_id, athlete_id, name) VALUES (1, 1, 'Olympic Games');
INSERT INTO Format (format_id, tournament_id, name) VALUES (1, 1, 'Team dressage');
INSERT INTO Medal (medal_id, format_id, type, year, location) VALUES (1, 1, 'MedalGold', 2016, 'Rio de Janeiro');
INSERT INTO Medal (medal_id, format_id, type, year, location) VALUES (2, 1, 'MedalGold', 2020, 'Tokyo');
INSERT INTO Medal (medal_id, format_id, type, year, location) VALUES (3, 1, 'MedalSilver', 2012, 'London');
INSERT INTO Tournament (tournament_id, athlete_id, name) VALUES (2, 1, 'World Championships');
INSERT INTO Format (format_id, tournament_id, name) VALUES (2, 2, 'Team dressage');
INSERT INTO Medal (medal_id, format_id, type, year, location) VALUES (4, 2, 'MedalGold', 2018, 'Tryon');
INSERT INTO Tournament (tournament_id, athlete_id, name) VALUES (3, 1, 'European Championships');
INSERT INTO Format (format_id, tournament_id, name) VALUES (3, 3, 'Team dressage');
INSERT INTO Medal (medal_id, format_id, type, year, location) VALUES (5, 3, 'MedalGold', 2017, 'Gothenburg');
INSERT INTO Medal (medal_id, format_id, type, year, location) VALUES (6, 3, 'MedalGold', 2019, 'Rotterdam');
INSERT INTO Medal (medal_id, format_id, type, year, location) VALUES (7, 3, 'MedalGold', 2021, 'Hagen');
INSERT INTO Format (format_id, tournament_id, name) VALUES (4, 3, 'Special dressage');
INSERT INTO Medal (medal_id, format_id, type, year, location) VALUES (8, 4, 'MedalSilver', 2019, 'Rotterdam');
INSERT INTO Format (format_id, tournament_id, name) VALUES (5, 3, 'Freestyle dressage');
INSERT INTO Medal (medal_id, format_id, type, year, location) VALUES (9, 5, 'MedalSilver', 2019, 'Rotterdam');
