CREATE TABLE Athlete (athlete_id INTEGER PRIMARY KEY, name TEXT NOT NULL);
CREATE TABLE Tournament (tournament_id INTEGER PRIMARY KEY, athlete_id INTEGER, name TEXT NOT NULL);
CREATE TABLE Format (format_id INTEGER PRIMARY KEY, tournament_id INTEGER, name TEXT NOT NULL);
CREATE TABLE Medal (medal_id INTEGER PRIMARY KEY, format_id INTEGER, type TEXT NOT NULL, year INTEGER, location TEXT NOT NULL);
CREATE TABLE PersonalInformation (info_id INTEGER GENERATED ALWAYS AS IDENTITY PRIMARY KEY, athlete_id INTEGER, birth_year INTEGER, birth_month INTEGER, birth_day INTEGER);
INSERT INTO Athlete (athlete_id, name) VALUES (1, 'Mariel Zagunis');
INSERT INTO PersonalInformation (athlete_id, birth_year, birth_month, birth_day) VALUES (1, 1985, 3, 3);
INSERT INTO Tournament (tournament_id, athlete_id, name) VALUES (1, 1, 'Olympic Games');
INSERT INTO Format (format_id, tournament_id, name) VALUES (1, 1, 'Individual');
INSERT INTO Medal (medal_id, format_id, type, year, location) VALUES (1, 1, 'MedalGold', 2004, 'Athens');
INSERT INTO Medal (medal_id, format_id, type, year, location) VALUES (2, 1, 'MedalGold', 2008, 'Beijing');
INSERT INTO Format (format_id, tournament_id, name) VALUES (2, 1, 'Team');
INSERT INTO Medal (medal_id, format_id, type, year, location) VALUES (3, 2, 'MedalBronze', 2008, 'Beijing');
INSERT INTO Medal (medal_id, format_id, type, year, location) VALUES (4, 2, 'MedalBronze', 2016, 'Rio de Janeiro');
INSERT INTO Tournament (tournament_id, athlete_id, name) VALUES (2, 1, 'World Championships');
INSERT INTO Format (format_id, tournament_id, name) VALUES (3, 2, 'Team');
INSERT INTO Medal (medal_id, format_id, type, year, location) VALUES (5, 3, 'MedalGold', 2005, 'Leipzig');
INSERT INTO Medal (medal_id, format_id, type, year, location) VALUES (6, 3, 'MedalGold', 2014, 'Kazan');
INSERT INTO Medal (medal_id, format_id, type, year, location) VALUES (7, 3, 'MedalSilver', 2004, 'New York');
INSERT INTO Medal (medal_id, format_id, type, year, location) VALUES (8, 3, 'MedalSilver', 2006, 'Turin');
INSERT INTO Medal (medal_id, format_id, type, year, location) VALUES (9, 3, 'MedalBronze', 2011, 'Catania');
INSERT INTO Medal (medal_id, format_id, type, year, location) VALUES (10, 3, 'MedalBronze', 2012, 'Kiev');
INSERT INTO Medal (medal_id, format_id, type, year, location) VALUES (11, 3, 'MedalBronze', 2013, 'Budapest');
INSERT INTO Medal (medal_id, format_id, type, year, location) VALUES (12, 3, 'MedalBronze', 2015, 'Moscow');
INSERT INTO Format (format_id, tournament_id, name) VALUES (4, 2, 'Individual');
INSERT INTO Medal (medal_id, format_id, type, year, location) VALUES (13, 4, 'MedalGold', 2009, 'Antalya');
INSERT INTO Medal (medal_id, format_id, type, year, location) VALUES (14, 4, 'MedalGold', 2010, 'Paris');
INSERT INTO Medal (medal_id, format_id, type, year, location) VALUES (15, 4, 'MedalSilver', 2006, 'Turin');
INSERT INTO Medal (medal_id, format_id, type, year, location) VALUES (16, 4, 'MedalSilver', 2011, 'Catania');
INSERT INTO Medal (medal_id, format_id, type, year, location) VALUES (17, 4, 'MedalSilver', 2014, 'Kazan');
