CREATE TABLE Athlete (athlete_id INTEGER PRIMARY KEY, name TEXT NOT NULL);
CREATE TABLE Tournament (tournament_id INTEGER PRIMARY KEY, athlete_id INTEGER, name TEXT NOT NULL);
CREATE TABLE Format (format_id INTEGER PRIMARY KEY, tournament_id INTEGER, name TEXT NOT NULL);
CREATE TABLE Medal (medal_id INTEGER PRIMARY KEY, format_id INTEGER, type TEXT NOT NULL, year INTEGER, location TEXT NOT NULL);
CREATE TABLE PersonalInformation (info_id INTEGER GENERATED ALWAYS AS IDENTITY PRIMARY KEY, athlete_id INTEGER, birth_year INTEGER, birth_month INTEGER, birth_day INTEGER);
INSERT INTO Athlete (athlete_id, name) VALUES (1, 'Charlotte Dujardin');
INSERT INTO PersonalInformation (athlete_id, birth_year, birth_month, birth_day) VALUES (1, 1985, 7, 13);
INSERT INTO Tournament (tournament_id, athlete_id, name) VALUES (1, 1, 'Olympic Games');
INSERT INTO Format (format_id, tournament_id, name) VALUES (1, 1, 'Team dressage');
INSERT INTO Medal (medal_id, format_id, type, year, location) VALUES (1, 1, 'MedalGold', 2012, 'London');
INSERT INTO Medal (medal_id, format_id, type, year, location) VALUES (2, 1, 'MedalSilver', 2016, 'Rio de Janeiro');
INSERT INTO Medal (medal_id, format_id, type, year, location) VALUES (3, 1, 'MedalBronze', 2020, 'Tokyo');
INSERT INTO Format (format_id, tournament_id, name) VALUES (2, 1, 'Individual dressage');
INSERT INTO Medal (medal_id, format_id, type, year, location) VALUES (4, 2, 'MedalGold', 2012, 'London');
INSERT INTO Medal (medal_id, format_id, type, year, location) VALUES (5, 2, 'MedalGold', 2016, 'Rio de Janeiro');
INSERT INTO Medal (medal_id, format_id, type, year, location) VALUES (6, 2, 'MedalBronze', 2020, 'Tokyo');
INSERT INTO Tournament (tournament_id, athlete_id, name) VALUES (2, 1, 'World Equestrian Games');
INSERT INTO Format (format_id, tournament_id, name) VALUES (3, 2, 'Spécial dressage');
INSERT INTO Medal (medal_id, format_id, type, year, location) VALUES (7, 3, 'MedalGold', 2014, 'Normandy');
INSERT INTO Medal (medal_id, format_id, type, year, location) VALUES (8, 3, 'MedalBronze', 2018, 'Tryon');
INSERT INTO Format (format_id, tournament_id, name) VALUES (4, 2, 'Freestyle dressage');
INSERT INTO Medal (medal_id, format_id, type, year, location) VALUES (9, 4, 'MedalGold', 2014, 'Normandy');
INSERT INTO Format (format_id, tournament_id, name) VALUES (5, 2, 'Team dressage');
INSERT INTO Medal (medal_id, format_id, type, year, location) VALUES (10, 5, 'MedalSilver', 2014, 'Normandy');
INSERT INTO Medal (medal_id, format_id, type, year, location) VALUES (11, 5, 'MedalBronze', 2018, 'Tryon');
INSERT INTO Medal (medal_id, format_id, type, year, location) VALUES (12, 5, 'MedalSilver', 2022, 'Herning');
INSERT INTO Tournament (tournament_id, athlete_id, name) VALUES (3, 1, 'European Dressage Championships');
INSERT INTO Format (format_id, tournament_id, name) VALUES (6, 3, 'Team dressage');
INSERT INTO Medal (medal_id, format_id, type, year, location) VALUES (13, 6, 'MedalGold', 2011, 'Rotterdam');
INSERT INTO Medal (medal_id, format_id, type, year, location) VALUES (14, 6, 'MedalGold', 2023, 'Riesenbeck');
INSERT INTO Medal (medal_id, format_id, type, year, location) VALUES (15, 6, 'MedalSilver', 2015, 'Aachen');
INSERT INTO Medal (medal_id, format_id, type, year, location) VALUES (16, 6, 'MedalSilver', 2021, 'Hagen');
INSERT INTO Medal (medal_id, format_id, type, year, location) VALUES (17, 6, 'MedalBronze', 2013, 'Herning');
INSERT INTO Format (format_id, tournament_id, name) VALUES (7, 3, 'Spécial dressage');
INSERT INTO Medal (medal_id, format_id, type, year, location) VALUES (18, 7, 'MedalGold', 2013, 'Herning');
INSERT INTO Medal (medal_id, format_id, type, year, location) VALUES (19, 7, 'MedalGold', 2015, 'Aachen');
INSERT INTO Format (format_id, tournament_id, name) VALUES (8, 3, 'Freestyle dressage');
INSERT INTO Medal (medal_id, format_id, type, year, location) VALUES (20, 8, 'MedalGold', 2013, 'Herning');
INSERT INTO Medal (medal_id, format_id, type, year, location) VALUES (21, 8, 'MedalGold', 2015, 'Aachen');
INSERT INTO Medal (medal_id, format_id, type, year, location) VALUES (22, 8, 'MedalBronze', 2023, 'Riesenbeck');
INSERT INTO Format (format_id, tournament_id, name) VALUES (9, 3, 'Individual dressage');
INSERT INTO Medal (medal_id, format_id, type, year, location) VALUES (23, 9, 'MedalBronze', 2021, 'Hagen');
INSERT INTO Format (format_id, tournament_id, name) VALUES (10, 3, 'Special dressage');
INSERT INTO Medal (medal_id, format_id, type, year, location) VALUES (24, 10, 'MedalBronze', 2023, 'Riesenbeck');
INSERT INTO Tournament (tournament_id, athlete_id, name) VALUES (4, 1, 'Dressage World Cup');
INSERT INTO Format (format_id, tournament_id, name) VALUES (11, 4, 'Individual dressage');
INSERT INTO Medal (medal_id, format_id, type, year, location) VALUES (25, 11, 'MedalGold', 2014, 'Lyon');
INSERT INTO Medal (medal_id, format_id, type, year, location) VALUES (26, 11, 'MedalGold', 2015, 'Las Vegas');
