CREATE TABLE Athlete (athlete_id INTEGER PRIMARY KEY, name TEXT NOT NULL);
CREATE TABLE Tournament (tournament_id INTEGER PRIMARY KEY, athlete_id INTEGER, name TEXT NOT NULL);
CREATE TABLE Format (format_id INTEGER PRIMARY KEY, tournament_id INTEGER, name TEXT NOT NULL);
CREATE TABLE Medal (medal_id INTEGER PRIMARY KEY, format_id INTEGER, type TEXT NOT NULL, year INTEGER, location TEXT NOT NULL);
CREATE TABLE PersonalInformation (info_id INTEGER GENERATED ALWAYS AS IDENTITY PRIMARY KEY, athlete_id INTEGER, birth_year INTEGER, birth_month INTEGER, birth_day INTEGER);
INSERT INTO Athlete (athlete_id, name) VALUES (1, 'Charlotte Fry');
INSERT INTO PersonalInformation (athlete_id, birth_year, birth_month, birth_day) VALUES (1, 1996, 2, 11);
INSERT INTO Tournament (tournament_id, athlete_id, name) VALUES (1, 1, 'World Championships');
INSERT INTO Format (format_id, tournament_id, name) VALUES (1, 1, 'Team dressage');
INSERT INTO Medal (medal_id, format_id, type, year, location) VALUES (1, 1, 'MedalBronze', 2019, 'Ermelo');
INSERT INTO Format (format_id, tournament_id, name) VALUES (2, 1, 'Team Dressage');
INSERT INTO Medal (medal_id, format_id, type, year, location) VALUES (2, 2, 'MedalBronze', 2021, 'Ermelo');
INSERT INTO Medal (medal_id, format_id, type, year, location) VALUES (3, 2, 'MedalGold', 2021, 'Herning');
INSERT INTO Medal (medal_id, format_id, type, year, location) VALUES (4, 2, 'MedalGold', 2020, 'Tokyo');
INSERT INTO Format (format_id, tournament_id, name) VALUES (3, 1, 'Individual special dressage');
INSERT INTO Medal (medal_id, format_id, type, year, location) VALUES (5, 3, 'MedalGold', 2023, 'Riesenbeck');
INSERT INTO Medal (medal_id, format_id, type, year, location) VALUES (6, 3, 'MedalGold', 2014, 'Exloo');
INSERT INTO Format (format_id, tournament_id, name) VALUES (4, 1, 'Individual freestyle dressage');
INSERT INTO Medal (medal_id, format_id, type, year, location) VALUES (7, 4, 'MedalGold', 2024, 'Verden');
INSERT INTO Medal (medal_id, format_id, type, year, location) VALUES (8, 4, 'MedalBronze', 2024, 'Verden');
INSERT INTO Tournament (tournament_id, athlete_id, name) VALUES (2, 1, 'World Championships for Young Dressage Horses');
INSERT INTO Format (format_id, tournament_id, name) VALUES (5, 2, 'Individual freestyle dressage');
INSERT INTO Medal (medal_id, format_id, type, year, location) VALUES (9, 5, 'MedalBronze', 2014, 'Herning');
INSERT INTO Medal (medal_id, format_id, type, year, location) VALUES (10, 5, 'MedalGold', 2020, 'Riesenbeck');
INSERT INTO Medal (medal_id, format_id, type, year, location) VALUES (11, 5, 'MedalBronze', 2022, 'Riesenbeck');
INSERT INTO Medal (medal_id, format_id, type, year, location) VALUES (12, 5, 'MedalGold', 2021, 'Ermelo');
INSERT INTO Format (format_id, tournament_id, name) VALUES (6, 2, 'Individual dressage');
INSERT INTO Medal (medal_id, format_id, type, year, location) VALUES (13, 6, 'MedalBronze', 2021, 'Herning');
INSERT INTO Medal (medal_id, format_id, type, year, location) VALUES (14, 6, 'MedalGold', 2021, 'Tokyo');
INSERT INTO Medal (medal_id, format_id, type, year, location) VALUES (15, 6, 'MedalGold', 2024, 'Exloo');
INSERT INTO Medal (medal_id, format_id, type, year, location) VALUES (16, 6, 'MedalBronze', 2024, 'Hagen');
INSERT INTO Tournament (tournament_id, athlete_id, name) VALUES (3, 1, 'Olympic Games');
INSERT INTO Format (format_id, tournament_id, name) VALUES (7, 3, 'Individual freestyle dressage');
INSERT INTO Medal (medal_id, format_id, type, year, location) VALUES (17, 7, 'MedalGold', 2023, 'Exloo');
INSERT INTO Medal (medal_id, format_id, type, year, location) VALUES (18, 7, 'MedalBronze', 2019, 'Hagen');
INSERT INTO Medal (medal_id, format_id, type, year, location) VALUES (19, 7, 'MedalGold', 2017, 'Hagen');
INSERT INTO Medal (medal_id, format_id, type, year, location) VALUES (20, 7, 'MedalGold', 2020, 'Herning');
INSERT INTO Format (format_id, tournament_id, name) VALUES (8, 3, 'Team Dressage');
INSERT INTO Medal (medal_id, format_id, type, year, location) VALUES (21, 8, 'MedalSilver', 2023, 'Riesenbeck');
INSERT INTO Medal (medal_id, format_id, type, year, location) VALUES (22, 8, 'MedalGold', 2023, 'Tokyo');
INSERT INTO Tournament (tournament_id, athlete_id, name) VALUES (4, 1, 'U25 European Dressage Championships');
INSERT INTO Format (format_id, tournament_id, name) VALUES (9, 4, 'Team Dressage');
INSERT INTO Medal (medal_id, format_id, type, year, location) VALUES (23, 9, 'MedalSilver', 2024, 'Herning');
INSERT INTO Medal (medal_id, format_id, type, year, location) VALUES (24, 9, 'MedalBronze', 2018, 'Verden');
INSERT INTO Medal (medal_id, format_id, type, year, location) VALUES (25, 9, 'MedalBronze', 2019, 'Ermelo');
INSERT INTO Medal (medal_id, format_id, type, year, location) VALUES (26, 9, 'MedalBronze', 2021, 'Verden');
INSERT INTO Format (format_id, tournament_id, name) VALUES (10, 4, 'Individual freestyle dressage');
INSERT INTO Medal (medal_id, format_id, type, year, location) VALUES (27, 10, 'MedalGold', 2024, 'Herning');
INSERT INTO Medal (medal_id, format_id, type, year, location) VALUES (28, 10, 'MedalGold', 2021, 'Riesenbeck');
INSERT INTO Medal (medal_id, format_id, type, year, location) VALUES (29, 10, 'MedalBronze', 2023, 'Ermelo');
INSERT INTO Medal (medal_id, format_id, type, year, location) VALUES (30, 10, 'MedalBronze', 2023, 'Verden');
INSERT INTO Format (format_id, tournament_id, name) VALUES (11, 4, 'Individual special dressage');
INSERT INTO Medal (medal_id, format_id, type, year, location) VALUES (31, 11, 'MedalBronze', 2018, 'Exloo');
INSERT INTO Format (format_id, tournament_id, name) VALUES (12, 4, 'Team dressage');
INSERT INTO Medal (medal_id, format_id, type, year, location) VALUES (32, 12, 'MedalBronze', 2019, 'Ermelo');
INSERT INTO Medal (medal_id, format_id, type, year, location) VALUES (33, 12, 'MedalSilver', 2022, 'Exloo');
INSERT INTO Medal (medal_id, format_id, type, year, location) VALUES (34, 12, 'MedalBronze', 2024, 'Verden');
INSERT INTO Medal (medal_id, format_id, type, year, location) VALUES (35, 12, 'MedalSilver', 2022, 'Hagen');
INSERT INTO Format (format_id, tournament_id, name) VALUES (13, 4, 'Individual dressage');
INSERT INTO Medal (medal_id, format_id, type, year, location) VALUES (36, 13, 'MedalBronze', 2024, 'Verden');
INSERT INTO Tournament (tournament_id, athlete_id, name) VALUES (5, 1, 'European Championships');
INSERT INTO Format (format_id, tournament_id, name) VALUES (14, 5, 'Individual dressage');
INSERT INTO Medal (medal_id, format_id, type, year, location) VALUES (37, 14, 'MedalGold', 2022, 'Herning');
INSERT INTO Format (format_id, tournament_id, name) VALUES (15, 5, 'Team Dressage');
INSERT INTO Medal (medal_id, format_id, type, year, location) VALUES (38, 15, 'MedalSilver', 2024, 'Tokyo');
INSERT INTO Medal (medal_id, format_id, type, year, location) VALUES (39, 15, 'MedalGold', 2023, 'Herning');
INSERT INTO Format (format_id, tournament_id, name) VALUES (16, 5, 'Individual special dressage');
INSERT INTO Medal (medal_id, format_id, type, year, location) VALUES (40, 16, 'MedalSilver', 2024, 'Herning');
INSERT INTO Medal (medal_id, format_id, type, year, location) VALUES (41, 16, 'MedalGold', 2024, 'Verden');
INSERT INTO Medal (medal_id, format_id, type, year, location) VALUES (42, 16, 'MedalSilver', 2020, 'Riesenbeck');
INSERT INTO Format (format_id, tournament_id, name) VALUES (17, 5, 'Team dressage');
INSERT INTO Medal (medal_id, format_id, type, year, location) VALUES (43, 17, 'MedalSilver', 2017, 'Riesenbeck');
