CREATE TABLE Athlete (athlete_id INTEGER PRIMARY KEY, name TEXT NOT NULL);
CREATE TABLE Tournament (tournament_id INTEGER PRIMARY KEY, athlete_id INTEGER, name TEXT NOT NULL);
CREATE TABLE Format (format_id INTEGER PRIMARY KEY, tournament_id INTEGER, name TEXT NOT NULL);
CREATE TABLE Medal (medal_id INTEGER PRIMARY KEY, format_id INTEGER, type TEXT NOT NULL, year INTEGER, location TEXT NOT NULL);
CREATE TABLE PersonalInformation (info_id INTEGER GENERATED ALWAYS AS IDENTITY PRIMARY KEY, athlete_id INTEGER, birth_year INTEGER, birth_month INTEGER, birth_day INTEGER);
INSERT INTO Athlete (athlete_id, name) VALUES (1, 'Christian Coleman');
INSERT INTO PersonalInformation (athlete_id, birth_year, birth_month, birth_day) VALUES (1, 1996, 3, 6);
INSERT INTO Tournament (tournament_id, athlete_id, name) VALUES (1, 1, 'World Championships');
INSERT INTO Format (format_id, tournament_id, name) VALUES (1, 1, '100 m');
INSERT INTO Medal (medal_id, format_id, type, year, location) VALUES (1, 1, 'MedalGold', 2019, 'Doha');
INSERT INTO Medal (medal_id, format_id, type, year, location) VALUES (2, 1, 'MedalSilver', 2017, 'London');
INSERT INTO Format (format_id, tournament_id, name) VALUES (2, 1, '4x100 m relay');
INSERT INTO Medal (medal_id, format_id, type, year, location) VALUES (3, 2, 'MedalGold', 2019, 'Doha');
INSERT INTO Medal (medal_id, format_id, type, year, location) VALUES (4, 2, 'MedalGold', 2023, 'Budapest');
INSERT INTO Medal (medal_id, format_id, type, year, location) VALUES (5, 2, 'MedalSilver', 2017, 'London');
INSERT INTO Medal (medal_id, format_id, type, year, location) VALUES (6, 2, 'MedalSilver', 2022, 'Eugene');
INSERT INTO Tournament (tournament_id, athlete_id, name) VALUES (2, 1, 'World Indoor Championships');
INSERT INTO Format (format_id, tournament_id, name) VALUES (3, 2, '60 m');
INSERT INTO Medal (medal_id, format_id, type, year, location) VALUES (7, 3, 'MedalGold', 2018, 'Birmingham');
