CREATE TABLE Athlete (athlete_id INTEGER PRIMARY KEY, name TEXT NOT NULL);
CREATE TABLE Tournament (tournament_id INTEGER PRIMARY KEY, athlete_id INTEGER, name TEXT NOT NULL);
CREATE TABLE Format (format_id INTEGER PRIMARY KEY, tournament_id INTEGER, name TEXT NOT NULL);
CREATE TABLE Medal (medal_id INTEGER PRIMARY KEY, format_id INTEGER, type TEXT NOT NULL, year INTEGER, location TEXT NOT NULL);
CREATE TABLE PersonalInformation (info_id INTEGER GENERATED ALWAYS AS IDENTITY PRIMARY KEY, athlete_id INTEGER, birth_year INTEGER, birth_month INTEGER, birth_day INTEGER);
INSERT INTO Athlete (athlete_id, name) VALUES (1, 'Ryan Held');
INSERT INTO PersonalInformation (athlete_id, birth_year, birth_month, birth_day) VALUES (1, 1995, 6, 27);
INSERT INTO Tournament (tournament_id, athlete_id, name) VALUES (1, 1, 'Olympic Games');
INSERT INTO Format (format_id, tournament_id, name) VALUES (1, 1, '4x100 m freestyle');
INSERT INTO Medal (medal_id, format_id, type, year, location) VALUES (1, 1, 'MedalGold', 2016, 'SOG');
INSERT INTO Tournament (tournament_id, athlete_id, name) VALUES (2, 1, 'World Championships (LC)');
INSERT INTO Format (format_id, tournament_id, name) VALUES (2, 2, '4x100 m freestyle');
INSERT INTO Medal (medal_id, format_id, type, year, location) VALUES (2, 2, 'MedalGold', 2022, 'Budapest');
INSERT INTO Medal (medal_id, format_id, type, year, location) VALUES (3, 2, 'MedalBronze', 2023, 'Fukuoka');
INSERT INTO Format (format_id, tournament_id, name) VALUES (3, 2, '4x100 m medley');
INSERT INTO Medal (medal_id, format_id, type, year, location) VALUES (4, 3, 'MedalSilver', 2022, 'Budapest');
INSERT INTO Format (format_id, tournament_id, name) VALUES (4, 2, '4x100 m mixed freestyle');
INSERT INTO Medal (medal_id, format_id, type, year, location) VALUES (5, 4, 'MedalBronze', 2022, 'Budapest');
INSERT INTO Tournament (tournament_id, athlete_id, name) VALUES (3, 1, 'World Championships (SC)');
INSERT INTO Format (format_id, tournament_id, name) VALUES (5, 3, '4x50 m freestyle');
INSERT INTO Medal (medal_id, format_id, type, year, location) VALUES (6, 5, 'MedalGold', 2018, 'Hangzhou');
INSERT INTO Format (format_id, tournament_id, name) VALUES (6, 3, '4x100 m freestyle');
INSERT INTO Medal (medal_id, format_id, type, year, location) VALUES (7, 6, 'MedalGold', 2018, 'Hangzhou');
INSERT INTO Medal (medal_id, format_id, type, year, location) VALUES (8, 6, 'MedalBronze', 2021, 'Abu Dhabi');
INSERT INTO Format (format_id, tournament_id, name) VALUES (7, 3, '4x100 m medley');
INSERT INTO Medal (medal_id, format_id, type, year, location) VALUES (9, 7, 'MedalGold', 2018, 'Hangzhou');
INSERT INTO Medal (medal_id, format_id, type, year, location) VALUES (10, 7, 'MedalSilver', 2021, 'Abu Dhabi');
INSERT INTO Format (format_id, tournament_id, name) VALUES (8, 3, '4x50 m mixed freestyle');
INSERT INTO Medal (medal_id, format_id, type, year, location) VALUES (11, 8, 'MedalGold', 2018, 'Hangzhou');
INSERT INTO Format (format_id, tournament_id, name) VALUES (9, 3, '4x200 m freestyle');
INSERT INTO Medal (medal_id, format_id, type, year, location) VALUES (12, 9, 'MedalGold', 2021, 'Abu Dhabi');
INSERT INTO Format (format_id, tournament_id, name) VALUES (10, 3, '4x50 m medley');
INSERT INTO Medal (medal_id, format_id, type, year, location) VALUES (13, 10, 'MedalGold', 2021, 'Abu Dhabi');
INSERT INTO Medal (medal_id, format_id, type, year, location) VALUES (14, 10, 'MedalSilver', 2018, 'Hangzhou');
INSERT INTO Format (format_id, tournament_id, name) VALUES (11, 3, '50 m freestyle');
INSERT INTO Medal (medal_id, format_id, type, year, location) VALUES (15, 11, 'MedalSilver', 2021, 'Abu Dhabi');
INSERT INTO Format (format_id, tournament_id, name) VALUES (12, 3, '100 m freestyle');
INSERT INTO Medal (medal_id, format_id, type, year, location) VALUES (16, 12, 'MedalSilver', 2021, 'Abu Dhabi');
INSERT INTO Tournament (tournament_id, athlete_id, name) VALUES (4, 1, 'World University Games');
INSERT INTO Format (format_id, tournament_id, name) VALUES (13, 4, '100 m freestyle');
INSERT INTO Medal (medal_id, format_id, type, year, location) VALUES (17, 13, 'MedalGold', 2017, 'Taipei');
INSERT INTO Format (format_id, tournament_id, name) VALUES (14, 4, '4x100 m freestyle');
INSERT INTO Medal (medal_id, format_id, type, year, location) VALUES (18, 14, 'MedalGold', 2017, 'Taipei');
INSERT INTO Format (format_id, tournament_id, name) VALUES (15, 4, '4x100 m medley');
INSERT INTO Medal (medal_id, format_id, type, year, location) VALUES (19, 15, 'MedalGold', 2017, 'Taipei');
