CREATE TABLE Athlete (athlete_id INTEGER PRIMARY KEY, name TEXT NOT NULL);
CREATE TABLE Tournament (tournament_id INTEGER PRIMARY KEY, athlete_id INTEGER, name TEXT NOT NULL);
CREATE TABLE Format (format_id INTEGER PRIMARY KEY, tournament_id INTEGER, name TEXT NOT NULL);
CREATE TABLE Medal (medal_id INTEGER PRIMARY KEY, format_id INTEGER, type TEXT NOT NULL, year INTEGER, location TEXT NOT NULL);
CREATE TABLE PersonalInformation (info_id INTEGER GENERATED ALWAYS AS IDENTITY PRIMARY KEY, athlete_id INTEGER, birth_year INTEGER, birth_month INTEGER, birth_day INTEGER);
INSERT INTO Athlete (athlete_id, name) VALUES (1, 'Emma Weyant');
INSERT INTO PersonalInformation (athlete_id, birth_year, birth_month, birth_day) VALUES (1, 2001, 12, 24);
INSERT INTO Tournament (tournament_id, athlete_id, name) VALUES (1, 1, 'Olympic Games');
INSERT INTO Format (format_id, tournament_id, name) VALUES (1, 1, '400 m medley');
INSERT INTO Medal (medal_id, format_id, type, year, location) VALUES (1, 1, 'MedalSilver', 2020, 'Tokyo');
INSERT INTO Tournament (tournament_id, athlete_id, name) VALUES (2, 1, 'World Championships (LC)');
INSERT INTO Format (format_id, tournament_id, name) VALUES (2, 2, '400 m medley');
INSERT INTO Medal (medal_id, format_id, type, year, location) VALUES (2, 2, 'MedalBronze', 2022, 'Budapest');
INSERT INTO Tournament (tournament_id, athlete_id, name) VALUES (3, 1, 'World Championships (SC)');
INSERT INTO Format (format_id, tournament_id, name) VALUES (3, 3, '4x200 m freestyle');
INSERT INTO Medal (medal_id, format_id, type, year, location) VALUES (3, 3, 'MedalSilver', 2021, 'Abu Dhabi');
INSERT INTO Tournament (tournament_id, athlete_id, name) VALUES (4, 1, 'Junior Pan Pacific Championships');
INSERT INTO Format (format_id, tournament_id, name) VALUES (4, 4, '400 m medley');
INSERT INTO Medal (medal_id, format_id, type, year, location) VALUES (4, 4, 'MedalGold', 2018, 'Suva');
INSERT INTO Format (format_id, tournament_id, name) VALUES (5, 4, '800 m freestyle');
INSERT INTO Medal (medal_id, format_id, type, year, location) VALUES (5, 5, 'MedalBronze', 2018, 'Suva');
