CREATE TABLE Athlete (athlete_id INTEGER PRIMARY KEY, name TEXT NOT NULL);
CREATE TABLE Tournament (tournament_id INTEGER PRIMARY KEY, athlete_id INTEGER, name TEXT NOT NULL);
CREATE TABLE Format (format_id INTEGER PRIMARY KEY, tournament_id INTEGER, name TEXT NOT NULL);
CREATE TABLE Medal (medal_id INTEGER PRIMARY KEY, format_id INTEGER, type TEXT NOT NULL, year INTEGER, location TEXT NOT NULL);
CREATE TABLE PersonalInformation (info_id INTEGER GENERATED ALWAYS AS IDENTITY PRIMARY KEY, athlete_id INTEGER, birth_year INTEGER, birth_month INTEGER, birth_day INTEGER);
INSERT INTO Athlete (athlete_id, name) VALUES (1, 'Abhinav Bindra');
INSERT INTO PersonalInformation (athlete_id, birth_year, birth_month, birth_day) VALUES (1, 1982, 9, 28);
INSERT INTO Tournament (tournament_id, athlete_id, name) VALUES (1, 1, '80px');
INSERT INTO Format (format_id, tournament_id, name) VALUES (1, 1, '10 m air rifle');
INSERT INTO Medal (medal_id, format_id, type, year, location) VALUES (1, 1, 'MedalGold', 2008, 'Beijing');
INSERT INTO Tournament (tournament_id, athlete_id, name) VALUES (2, 1, 'World Championships');
INSERT INTO Format (format_id, tournament_id, name) VALUES (2, 2, '10 m Air Rifle');
INSERT INTO Medal (medal_id, format_id, type, year, location) VALUES (2, 2, 'MedalGold', 2006, 'Zagreb');
INSERT INTO Tournament (tournament_id, athlete_id, name) VALUES (3, 1, 'Commonwealth Games');
INSERT INTO Format (format_id, tournament_id, name) VALUES (3, 3, '10m Air Rifle');
INSERT INTO Medal (medal_id, format_id, type, year, location) VALUES (3, 3, 'MedalGold', 2002, 'Manchester');
INSERT INTO Medal (medal_id, format_id, type, year, location) VALUES (4, 3, 'MedalGold', 2006, 'Melbourne');
INSERT INTO Medal (medal_id, format_id, type, year, location) VALUES (5, 3, 'MedalGold', 2010, 'Delhi');
INSERT INTO Medal (medal_id, format_id, type, year, location) VALUES (6, 3, 'MedalSilver', 2002, 'Manchester');
INSERT INTO Medal (medal_id, format_id, type, year, location) VALUES (7, 3, 'MedalBronze', 2006, 'Melbourne');
INSERT INTO Medal (medal_id, format_id, type, year, location) VALUES (8, 3, 'MedalGold', 2014, 'Glasgow');
INSERT INTO Medal (medal_id, format_id, type, year, location) VALUES (9, 3, 'MedalSilver', 2010, 'Delhi');
INSERT INTO Tournament (tournament_id, athlete_id, name) VALUES (4, 1, 'Asian Games');
INSERT INTO Format (format_id, tournament_id, name) VALUES (4, 4, '10m Air Rifle');
INSERT INTO Medal (medal_id, format_id, type, year, location) VALUES (10, 4, 'MedalSilver', 2010, 'Guangzhou');
INSERT INTO Medal (medal_id, format_id, type, year, location) VALUES (11, 4, 'MedalBronze', 2014, 'Incheon');
INSERT INTO Format (format_id, tournament_id, name) VALUES (5, 4, 'Men''s 10m Air Rifle');
INSERT INTO Medal (medal_id, format_id, type, year, location) VALUES (12, 5, 'MedalBronze', 2014, 'Incheon');
