CREATE TABLE Athlete (athlete_id INTEGER PRIMARY KEY, name TEXT NOT NULL);
CREATE TABLE Tournament (tournament_id INTEGER PRIMARY KEY, athlete_id INTEGER, name TEXT NOT NULL);
CREATE TABLE Format (format_id INTEGER PRIMARY KEY, tournament_id INTEGER, name TEXT NOT NULL);
CREATE TABLE Medal (medal_id INTEGER PRIMARY KEY, format_id INTEGER, type TEXT NOT NULL, year INTEGER, location TEXT NOT NULL);
CREATE TABLE PersonalInformation (info_id INTEGER GENERATED ALWAYS AS IDENTITY PRIMARY KEY, athlete_id INTEGER, birth_year INTEGER, birth_month INTEGER, birth_day INTEGER);
INSERT INTO Athlete (athlete_id, name) VALUES (1, 'Keston Bledman');
INSERT INTO PersonalInformation (athlete_id, birth_year, birth_month, birth_day) VALUES (1, 1988, 3, 8);
INSERT INTO Tournament (tournament_id, athlete_id, name) VALUES (1, 1, 'Olympic Games');
INSERT INTO Format (format_id, tournament_id, name) VALUES (1, 1, '4x100 m relay');
INSERT INTO Medal (medal_id, format_id, type, year, location) VALUES (1, 1, 'MedalGold', 2008, 'Beijing');
INSERT INTO Medal (medal_id, format_id, type, year, location) VALUES (2, 1, 'MedalSilver', 2012, 'London');
INSERT INTO Tournament (tournament_id, athlete_id, name) VALUES (2, 1, 'Commonwealth Games');
INSERT INTO Format (format_id, tournament_id, name) VALUES (2, 2, '4x100 m relay');
INSERT INTO Medal (medal_id, format_id, type, year, location) VALUES (3, 2, 'MedalBronze', 2014, 'Glasgow');
INSERT INTO Tournament (tournament_id, athlete_id, name) VALUES (3, 1, 'Pan American Games');
INSERT INTO Format (format_id, tournament_id, name) VALUES (3, 3, '4x100 m relay');
INSERT INTO Medal (medal_id, format_id, type, year, location) VALUES (4, 3, 'MedalSilver', 2019, 'Lima');
INSERT INTO Medal (medal_id, format_id, type, year, location) VALUES (5, 3, 'MedalBronze', 2015, 'Toronto');
INSERT INTO Tournament (tournament_id, athlete_id, name) VALUES (4, 1, 'CAC Championships');
INSERT INTO Format (format_id, tournament_id, name) VALUES (4, 4, '4x100 m relay');
INSERT INTO Medal (medal_id, format_id, type, year, location) VALUES (6, 4, 'MedalGold', 2008, 'Cali');
INSERT INTO Medal (medal_id, format_id, type, year, location) VALUES (7, 4, 'MedalGold', 2009, 'Havanna');
INSERT INTO Medal (medal_id, format_id, type, year, location) VALUES (8, 4, 'MedalSilver', 2011, 'Mayag端ez');
INSERT INTO Format (format_id, tournament_id, name) VALUES (5, 4, '100 m');
INSERT INTO Medal (medal_id, format_id, type, year, location) VALUES (9, 5, 'MedalGold', 2011, 'Mayag端ez');
INSERT INTO Tournament (tournament_id, athlete_id, name) VALUES (5, 1, 'Pan American Junior Championships');
INSERT INTO Format (format_id, tournament_id, name) VALUES (6, 5, '100 m');
INSERT INTO Medal (medal_id, format_id, type, year, location) VALUES (10, 6, 'MedalGold', 2007, 'S達o Paulo');
INSERT INTO Format (format_id, tournament_id, name) VALUES (7, 5, '4x100 m relay');
INSERT INTO Medal (medal_id, format_id, type, year, location) VALUES (11, 7, 'MedalSilver', 2007, 'S達o Paulo');
INSERT INTO Tournament (tournament_id, athlete_id, name) VALUES (6, 1, 'World Youth Championships');
INSERT INTO Format (format_id, tournament_id, name) VALUES (8, 6, 'Medley relay');
INSERT INTO Medal (medal_id, format_id, type, year, location) VALUES (12, 8, 'MedalSilver', 2005, 'Marrakech');
INSERT INTO Format (format_id, tournament_id, name) VALUES (9, 6, '100 m');
INSERT INTO Medal (medal_id, format_id, type, year, location) VALUES (13, 9, 'MedalBronze', 2005, 'Marrakech');
