CREATE TABLE Athlete (athlete_id INTEGER PRIMARY KEY, name TEXT NOT NULL);
CREATE TABLE Tournament (tournament_id INTEGER PRIMARY KEY, athlete_id INTEGER, name TEXT NOT NULL);
CREATE TABLE Format (format_id INTEGER PRIMARY KEY, tournament_id INTEGER, name TEXT NOT NULL);
CREATE TABLE Medal (medal_id INTEGER PRIMARY KEY, format_id INTEGER, type TEXT NOT NULL, year INTEGER, location TEXT NOT NULL);
CREATE TABLE PersonalInformation (info_id INTEGER GENERATED ALWAYS AS IDENTITY PRIMARY KEY, athlete_id INTEGER, birth_year INTEGER, birth_month INTEGER, birth_day INTEGER);
INSERT INTO Athlete (athlete_id, name) VALUES (1, 'Kylie Masse');
INSERT INTO PersonalInformation (athlete_id, birth_year, birth_month, birth_day) VALUES (1, 1996, 1, 18);
INSERT INTO Tournament (tournament_id, athlete_id, name) VALUES (1, 1, 'Olympic Games');
INSERT INTO Format (format_id, tournament_id, name) VALUES (1, 1, '100 m backstroke');
INSERT INTO Medal (medal_id, format_id, type, year, location) VALUES (1, 1, 'MedalSilver', 2020, 'Tokyo');
INSERT INTO Medal (medal_id, format_id, type, year, location) VALUES (2, 1, 'MedalBronze', 2016, 'Rio de Janeiro');
INSERT INTO Format (format_id, tournament_id, name) VALUES (2, 1, '200 m backstroke');
INSERT INTO Medal (medal_id, format_id, type, year, location) VALUES (3, 2, 'MedalSilver', 2020, 'Tokyo');
INSERT INTO Format (format_id, tournament_id, name) VALUES (3, 1, '4x100 m medley');
INSERT INTO Medal (medal_id, format_id, type, year, location) VALUES (4, 3, 'MedalBronze', 2020, 'Tokyo');
INSERT INTO Tournament (tournament_id, athlete_id, name) VALUES (2, 1, 'World Championships (LC)');
INSERT INTO Format (format_id, tournament_id, name) VALUES (4, 2, '100 m backstroke');
INSERT INTO Medal (medal_id, format_id, type, year, location) VALUES (5, 4, 'MedalGold', 2017, 'Budapest');
INSERT INTO Medal (medal_id, format_id, type, year, location) VALUES (6, 4, 'MedalGold', 2019, 'Gwangju');
INSERT INTO Medal (medal_id, format_id, type, year, location) VALUES (7, 4, 'MedalSilver', 2022, 'Budapest');
INSERT INTO Format (format_id, tournament_id, name) VALUES (5, 2, '50 m backstroke');
INSERT INTO Medal (medal_id, format_id, type, year, location) VALUES (8, 5, 'MedalGold', 2022, 'Budapest');
INSERT INTO Format (format_id, tournament_id, name) VALUES (6, 2, '4x100 m mixed medley');
INSERT INTO Medal (medal_id, format_id, type, year, location) VALUES (9, 6, 'MedalBronze', 2017, 'Budapest');
INSERT INTO Format (format_id, tournament_id, name) VALUES (7, 2, '200 m backstroke');
INSERT INTO Medal (medal_id, format_id, type, year, location) VALUES (10, 7, 'MedalBronze', 2019, 'Gwangju');
INSERT INTO Format (format_id, tournament_id, name) VALUES (8, 2, '4x100 m medley');
INSERT INTO Medal (medal_id, format_id, type, year, location) VALUES (11, 8, 'MedalBronze', 2019, 'Gwangju');
INSERT INTO Medal (medal_id, format_id, type, year, location) VALUES (12, 8, 'MedalBronze', 2022, 'Budapest');
INSERT INTO Medal (medal_id, format_id, type, year, location) VALUES (13, 8, 'MedalBronze', 2023, 'Fukuoka');
INSERT INTO Tournament (tournament_id, athlete_id, name) VALUES (3, 1, 'World Championships (SC)');
INSERT INTO Format (format_id, tournament_id, name) VALUES (9, 3, '100 m backstroke');
INSERT INTO Medal (medal_id, format_id, type, year, location) VALUES (14, 9, 'MedalSilver', 2016, 'Windsor');
INSERT INTO Medal (medal_id, format_id, type, year, location) VALUES (15, 9, 'MedalSilver', 2021, 'Abu Dhabi');
INSERT INTO Format (format_id, tournament_id, name) VALUES (10, 3, '4x100 m medley');
INSERT INTO Medal (medal_id, format_id, type, year, location) VALUES (16, 10, 'MedalSilver', 2016, 'Windsor');
INSERT INTO Medal (medal_id, format_id, type, year, location) VALUES (17, 10, 'MedalSilver', 2021, 'Abu Dhabi');
INSERT INTO Medal (medal_id, format_id, type, year, location) VALUES (18, 10, 'MedalBronze', 2022, 'Melbourne');
INSERT INTO Format (format_id, tournament_id, name) VALUES (11, 3, '50 m backstroke');
INSERT INTO Medal (medal_id, format_id, type, year, location) VALUES (19, 11, 'MedalSilver', 2021, 'Abu Dhabi');
INSERT INTO Format (format_id, tournament_id, name) VALUES (12, 3, '200 m backstroke');
INSERT INTO Medal (medal_id, format_id, type, year, location) VALUES (20, 12, 'MedalSilver', 2021, 'Abu Dhabi');
INSERT INTO Medal (medal_id, format_id, type, year, location) VALUES (21, 12, 'MedalBronze', 2022, 'Melbourne');
INSERT INTO Format (format_id, tournament_id, name) VALUES (13, 3, '4x50 m mixed medley');
INSERT INTO Medal (medal_id, format_id, type, year, location) VALUES (22, 13, 'MedalBronze', 2022, 'Melbourne');
INSERT INTO Tournament (tournament_id, athlete_id, name) VALUES (4, 1, 'Pan Pacific Championships');
INSERT INTO Format (format_id, tournament_id, name) VALUES (14, 4, '100 m backstroke');
INSERT INTO Medal (medal_id, format_id, type, year, location) VALUES (23, 14, 'MedalGold', 2018, 'Tokyo');
INSERT INTO Tournament (tournament_id, athlete_id, name) VALUES (5, 1, 'Commonwealth Games');
INSERT INTO Format (format_id, tournament_id, name) VALUES (15, 5, '100 m backstroke');
INSERT INTO Medal (medal_id, format_id, type, year, location) VALUES (24, 15, 'MedalGold', 2018, 'Gold Coast');
INSERT INTO Medal (medal_id, format_id, type, year, location) VALUES (25, 15, 'MedalSilver', 2022, 'Birmingham');
INSERT INTO Format (format_id, tournament_id, name) VALUES (16, 5, '200 m backstroke');
INSERT INTO Medal (medal_id, format_id, type, year, location) VALUES (26, 16, 'MedalGold', 2018, 'Gold Coast');
INSERT INTO Medal (medal_id, format_id, type, year, location) VALUES (27, 16, 'MedalSilver', 2022, 'Birmingham');
INSERT INTO Format (format_id, tournament_id, name) VALUES (17, 5, '50 m backstroke');
INSERT INTO Medal (medal_id, format_id, type, year, location) VALUES (28, 17, 'MedalGold', 2022, 'Birmingham');
INSERT INTO Medal (medal_id, format_id, type, year, location) VALUES (29, 17, 'MedalSilver', 2018, 'Gold Coast');
INSERT INTO Format (format_id, tournament_id, name) VALUES (18, 5, '4x100 m medley');
INSERT INTO Medal (medal_id, format_id, type, year, location) VALUES (30, 18, 'MedalSilver', 2018, 'Gold Coast');
INSERT INTO Medal (medal_id, format_id, type, year, location) VALUES (31, 18, 'MedalSilver', 2022, 'Birmingham');
INSERT INTO Format (format_id, tournament_id, name) VALUES (19, 5, '4x100 m mixed medley');
INSERT INTO Medal (medal_id, format_id, type, year, location) VALUES (32, 19, 'MedalSilver', 2022, 'Birmingham');
INSERT INTO Tournament (tournament_id, athlete_id, name) VALUES (6, 1, 'Summer Universiade');
INSERT INTO Format (format_id, tournament_id, name) VALUES (20, 6, '100 m backstroke');
INSERT INTO Medal (medal_id, format_id, type, year, location) VALUES (33, 20, 'MedalGold', 2015, 'Gwangju');
