CREATE TABLE Athlete (athlete_id INTEGER PRIMARY KEY, name TEXT NOT NULL);
CREATE TABLE Tournament (tournament_id INTEGER PRIMARY KEY, athlete_id INTEGER, name TEXT NOT NULL);
CREATE TABLE Format (format_id INTEGER PRIMARY KEY, tournament_id INTEGER, name TEXT NOT NULL);
CREATE TABLE Medal (medal_id INTEGER PRIMARY KEY, format_id INTEGER, type TEXT NOT NULL, year INTEGER, location TEXT NOT NULL);
CREATE TABLE PersonalInformation (info_id INTEGER GENERATED ALWAYS AS IDENTITY PRIMARY KEY, athlete_id INTEGER, birth_year INTEGER, birth_month INTEGER, birth_day INTEGER);
INSERT INTO Athlete (athlete_id, name) VALUES (1, 'Charlotte Fry');
INSERT INTO PersonalInformation (athlete_id, birth_year, birth_month, birth_day) VALUES (1, 1996, 2, 11);
INSERT INTO Tournament (tournament_id, athlete_id, name) VALUES (1, 1, 'Olympic Games');
INSERT INTO Format (format_id, tournament_id, name) VALUES (1, 1, 'Team Dressage');
INSERT INTO Medal (medal_id, format_id, type, year, location) VALUES (1, 1, 'MedalBronze', 2020, 'Tokyo');
INSERT INTO Tournament (tournament_id, athlete_id, name) VALUES (2, 1, 'World Championships');
INSERT INTO Format (format_id, tournament_id, name) VALUES (2, 2, 'Individual special dressage');
INSERT INTO Medal (medal_id, format_id, type, year, location) VALUES (2, 2, 'MedalGold', 2022, 'Herning');
INSERT INTO Format (format_id, tournament_id, name) VALUES (3, 2, 'Individual freestyle dressage');
INSERT INTO Medal (medal_id, format_id, type, year, location) VALUES (3, 3, 'MedalGold', 2022, 'Herning');
INSERT INTO Format (format_id, tournament_id, name) VALUES (4, 2, 'Team dressage');
INSERT INTO Medal (medal_id, format_id, type, year, location) VALUES (4, 4, 'MedalSilver', 2022, 'Herning');
INSERT INTO Tournament (tournament_id, athlete_id, name) VALUES (3, 1, 'European Championships');
INSERT INTO Format (format_id, tournament_id, name) VALUES (5, 3, 'Team dressage');
INSERT INTO Medal (medal_id, format_id, type, year, location) VALUES (5, 5, 'MedalGold', 2023, 'Riesenbeck');
INSERT INTO Medal (medal_id, format_id, type, year, location) VALUES (6, 5, 'MedalSilver', 2021, 'Hagen');
INSERT INTO Format (format_id, tournament_id, name) VALUES (6, 3, 'Individual dressage');
INSERT INTO Medal (medal_id, format_id, type, year, location) VALUES (7, 6, 'MedalSilver', 2023, 'Riesenbeck');
INSERT INTO Tournament (tournament_id, athlete_id, name) VALUES (4, 1, 'World Championships for Young Dressage Horses');
INSERT INTO Format (format_id, tournament_id, name) VALUES (7, 4, 'Individual dressage');
INSERT INTO Medal (medal_id, format_id, type, year, location) VALUES (8, 7, 'MedalGold', 2018, 'Ermelo');
INSERT INTO Medal (medal_id, format_id, type, year, location) VALUES (9, 7, 'MedalGold', 2021, 'Verden');
INSERT INTO Tournament (tournament_id, athlete_id, name) VALUES (5, 1, 'U25 European Dressage Championships');
INSERT INTO Format (format_id, tournament_id, name) VALUES (8, 5, 'Individual dressage');
INSERT INTO Medal (medal_id, format_id, type, year, location) VALUES (10, 8, 'MedalGold', 2018, 'Exloo');
