CREATE TABLE Athlete (athlete_id INTEGER PRIMARY KEY, name TEXT NOT NULL);
CREATE TABLE Tournament (tournament_id INTEGER PRIMARY KEY, athlete_id INTEGER, name TEXT NOT NULL);
CREATE TABLE Format (format_id INTEGER PRIMARY KEY, tournament_id INTEGER, name TEXT NOT NULL);
CREATE TABLE Medal (medal_id INTEGER PRIMARY KEY, format_id INTEGER, type TEXT NOT NULL, year INTEGER, location TEXT NOT NULL);
CREATE TABLE PersonalInformation (info_id INTEGER GENERATED ALWAYS AS IDENTITY PRIMARY KEY, athlete_id INTEGER, birth_year INTEGER, birth_month INTEGER, birth_day INTEGER);
INSERT INTO Athlete (athlete_id, name) VALUES (1, 'Kieran Smith');
INSERT INTO PersonalInformation (athlete_id, birth_year, birth_month, birth_day) VALUES (1, 2000, 5, 20);
INSERT INTO Tournament (tournament_id, athlete_id, name) VALUES (1, 1, 'Olympic Games');
INSERT INTO Format (format_id, tournament_id, name) VALUES (1, 1, '400 m freestyle');
INSERT INTO Medal (medal_id, format_id, type, year, location) VALUES (1, 1, 'MedalBronze', 2020, 'SOG');
INSERT INTO Tournament (tournament_id, athlete_id, name) VALUES (2, 1, 'World Championships (LC)');
INSERT INTO Format (format_id, tournament_id, name) VALUES (2, 2, '4x200 m freestyle');
INSERT INTO Medal (medal_id, format_id, type, year, location) VALUES (2, 2, 'MedalGold', 2022, 'Budapest');
INSERT INTO Medal (medal_id, format_id, type, year, location) VALUES (3, 2, 'MedalSilver', 2023, 'Fukuoka');
INSERT INTO Tournament (tournament_id, athlete_id, name) VALUES (3, 1, 'World Championships (SC)');
INSERT INTO Format (format_id, tournament_id, name) VALUES (3, 3, '4x200 m freestyle');
INSERT INTO Medal (medal_id, format_id, type, year, location) VALUES (4, 3, 'MedalGold', 2021, 'Abu Dhabi');
INSERT INTO Medal (medal_id, format_id, type, year, location) VALUES (5, 3, 'MedalGold', 2022, 'Melbourne');
INSERT INTO Format (format_id, tournament_id, name) VALUES (4, 3, '400 m freestyle');
INSERT INTO Medal (medal_id, format_id, type, year, location) VALUES (6, 4, 'MedalGold', 2022, 'Melbourne');
INSERT INTO Format (format_id, tournament_id, name) VALUES (5, 3, '4x100 m medley');
INSERT INTO Medal (medal_id, format_id, type, year, location) VALUES (7, 5, 'MedalGold', 2022, 'Melbourne');
INSERT INTO Format (format_id, tournament_id, name) VALUES (6, 3, '4x50 m medley');
INSERT INTO Medal (medal_id, format_id, type, year, location) VALUES (8, 6, 'MedalSilver', 2022, 'Melbourne');
INSERT INTO Format (format_id, tournament_id, name) VALUES (7, 3, '4x100 m freestyle');
INSERT INTO Medal (medal_id, format_id, type, year, location) VALUES (9, 7, 'MedalBronze', 2022, 'Melbourne');
INSERT INTO Tournament (tournament_id, athlete_id, name) VALUES (4, 1, 'World Junior Championships');
INSERT INTO Format (format_id, tournament_id, name) VALUES (8, 4, '200 m medley');
INSERT INTO Medal (medal_id, format_id, type, year, location) VALUES (10, 8, 'MedalSilver', 2017, 'Indianapolis');
