CREATE TABLE Athlete (athlete_id INTEGER PRIMARY KEY, name TEXT NOT NULL);
CREATE TABLE Tournament (tournament_id INTEGER PRIMARY KEY, athlete_id INTEGER, name TEXT NOT NULL);
CREATE TABLE Format (format_id INTEGER PRIMARY KEY, tournament_id INTEGER, name TEXT NOT NULL);
CREATE TABLE Medal (medal_id INTEGER PRIMARY KEY, format_id INTEGER, type TEXT NOT NULL, year INTEGER, location TEXT NOT NULL);
CREATE TABLE PersonalInformation (info_id INTEGER GENERATED ALWAYS AS IDENTITY PRIMARY KEY, athlete_id INTEGER, birth_year INTEGER, birth_month INTEGER, birth_day INTEGER);
INSERT INTO Athlete (athlete_id, name) VALUES (1, 'Shin Seung-chan');
INSERT INTO PersonalInformation (athlete_id, birth_year, birth_month, birth_day) VALUES (1, 1994, 12, 6);
INSERT INTO Tournament (tournament_id, athlete_id, name) VALUES (1, 1, 'Olympic Games');
INSERT INTO Format (format_id, tournament_id, name) VALUES (1, 1, 'Women''s doubles');
INSERT INTO Medal (medal_id, format_id, type, year, location) VALUES (1, 1, 'MedalBronze', 2016, 'Rio de Janeiro');
INSERT INTO Tournament (tournament_id, athlete_id, name) VALUES (2, 1, 'World Championships');
INSERT INTO Format (format_id, tournament_id, name) VALUES (2, 2, 'Women''s doubles');
INSERT INTO Medal (medal_id, format_id, type, year, location) VALUES (2, 2, 'MedalSilver', 2021, 'Huelva');
INSERT INTO Medal (medal_id, format_id, type, year, location) VALUES (3, 2, 'MedalBronze', 2014, 'Copenhagen');
INSERT INTO Tournament (tournament_id, athlete_id, name) VALUES (3, 1, 'Sudirman Cup');
INSERT INTO Format (format_id, tournament_id, name) VALUES (3, 3, 'Mixed team');
INSERT INTO Medal (medal_id, format_id, type, year, location) VALUES (4, 3, 'MedalBronze', 2015, 'Dongguan');
INSERT INTO Medal (medal_id, format_id, type, year, location) VALUES (5, 3, 'MedalBronze', 2021, 'Vantaa');
INSERT INTO Tournament (tournament_id, athlete_id, name) VALUES (4, 1, 'Uber Cup');
INSERT INTO Format (format_id, tournament_id, name) VALUES (4, 4, 'Women''s team');
INSERT INTO Medal (medal_id, format_id, type, year, location) VALUES (6, 4, 'MedalGold', 2022, 'Bangkok');
INSERT INTO Medal (medal_id, format_id, type, year, location) VALUES (7, 4, 'MedalSilver', 2016, 'Kunshan');
INSERT INTO Medal (medal_id, format_id, type, year, location) VALUES (8, 4, 'MedalBronze', 2018, 'Bangkok');
INSERT INTO Medal (medal_id, format_id, type, year, location) VALUES (9, 4, 'MedalBronze', 2020, 'Aarhus');
INSERT INTO Tournament (tournament_id, athlete_id, name) VALUES (5, 1, 'Asia Team Championships');
INSERT INTO Format (format_id, tournament_id, name) VALUES (5, 5, 'Women''s team');
INSERT INTO Medal (medal_id, format_id, type, year, location) VALUES (10, 5, 'MedalSilver', 2020, 'Manila');
INSERT INTO Medal (medal_id, format_id, type, year, location) VALUES (11, 5, 'MedalBronze', 2016, 'Hyderabad');
INSERT INTO Medal (medal_id, format_id, type, year, location) VALUES (12, 5, 'MedalBronze', 2018, 'Alor Setar');
INSERT INTO Tournament (tournament_id, athlete_id, name) VALUES (6, 1, 'Summer Universiade');
INSERT INTO Format (format_id, tournament_id, name) VALUES (6, 6, 'Mixed team');
INSERT INTO Medal (medal_id, format_id, type, year, location) VALUES (13, 6, 'MedalGold', 2013, 'Kazan');
INSERT INTO Medal (medal_id, format_id, type, year, location) VALUES (14, 6, 'MedalGold', 2015, 'Gwangju');
INSERT INTO Format (format_id, tournament_id, name) VALUES (7, 6, 'Mixed doubles');
INSERT INTO Medal (medal_id, format_id, type, year, location) VALUES (15, 7, 'MedalGold', 2015, 'Gwangju');
INSERT INTO Format (format_id, tournament_id, name) VALUES (8, 6, 'Women''s doubles');
INSERT INTO Medal (medal_id, format_id, type, year, location) VALUES (16, 8, 'MedalGold', 2015, 'Gwangju');
INSERT INTO Medal (medal_id, format_id, type, year, location) VALUES (17, 8, 'MedalBronze', 2013, 'Kazan');
INSERT INTO Tournament (tournament_id, athlete_id, name) VALUES (7, 1, 'World Junior Championships');
INSERT INTO Format (format_id, tournament_id, name) VALUES (9, 7, 'Girls'' doubles');
INSERT INTO Medal (medal_id, format_id, type, year, location) VALUES (18, 9, 'MedalGold', 2011, 'Taipei');
INSERT INTO Medal (medal_id, format_id, type, year, location) VALUES (19, 9, 'MedalGold', 2012, 'Chiba');
INSERT INTO Format (format_id, tournament_id, name) VALUES (10, 7, 'Mixed team');
INSERT INTO Medal (medal_id, format_id, type, year, location) VALUES (20, 10, 'MedalSilver', 2010, 'Guadalajara');
INSERT INTO Medal (medal_id, format_id, type, year, location) VALUES (21, 10, 'MedalSilver', 2011, 'Taipei');
INSERT INTO Medal (medal_id, format_id, type, year, location) VALUES (22, 10, 'MedalBronze', 2012, 'Chiba');
INSERT INTO Tournament (tournament_id, athlete_id, name) VALUES (8, 1, 'Asian Junior Championships');
INSERT INTO Format (format_id, tournament_id, name) VALUES (11, 8, 'Girls'' doubles');
INSERT INTO Medal (medal_id, format_id, type, year, location) VALUES (23, 11, 'MedalGold', 2012, 'Gimcheon');
INSERT INTO Format (format_id, tournament_id, name) VALUES (12, 8, 'Mixed team');
INSERT INTO Medal (medal_id, format_id, type, year, location) VALUES (24, 12, 'MedalSilver', 2008, 'Kuala Lumpur');
INSERT INTO Medal (medal_id, format_id, type, year, location) VALUES (25, 12, 'MedalBronze', 2012, 'Gimcheon');
