CREATE TABLE Athlete (athlete_id INTEGER PRIMARY KEY, name TEXT NOT NULL);
CREATE TABLE Tournament (tournament_id INTEGER PRIMARY KEY, athlete_id INTEGER, name TEXT NOT NULL);
CREATE TABLE Format (format_id INTEGER PRIMARY KEY, tournament_id INTEGER, name TEXT NOT NULL);
CREATE TABLE Medal (medal_id INTEGER PRIMARY KEY, format_id INTEGER, type TEXT NOT NULL, year INTEGER, location TEXT NOT NULL);
CREATE TABLE PersonalInformation (info_id INTEGER GENERATED ALWAYS AS IDENTITY PRIMARY KEY, athlete_id INTEGER, birth_year INTEGER, birth_month INTEGER, birth_day INTEGER);
INSERT INTO Athlete (athlete_id, name) VALUES (1, 'Hugo Calderano');
INSERT INTO PersonalInformation (athlete_id, birth_year, birth_month, birth_day) VALUES (1, 1996, 6, 22);
INSERT INTO Tournament (tournament_id, athlete_id, name) VALUES (1, 1, 'WTT Cup Finals');
INSERT INTO Format (format_id, tournament_id, name) VALUES (1, 1, 'Singles');
INSERT INTO Medal (medal_id, format_id, type, year, location) VALUES (1, 1, 'MedalBronze', 2021, 'Singapore');
INSERT INTO Tournament (tournament_id, athlete_id, name) VALUES (2, 1, 'ITTF World Tour Grand Finals');
INSERT INTO Format (format_id, tournament_id, name) VALUES (2, 2, 'Singles');
INSERT INTO Medal (medal_id, format_id, type, year, location) VALUES (2, 2, 'MedalBronze', 2018, 'Incheon');
INSERT INTO Tournament (tournament_id, athlete_id, name) VALUES (3, 1, 'Pan American Games');
INSERT INTO Format (format_id, tournament_id, name) VALUES (3, 3, 'Singles');
INSERT INTO Medal (medal_id, format_id, type, year, location) VALUES (3, 3, 'MedalGold', 2015, 'Toronto');
INSERT INTO Medal (medal_id, format_id, type, year, location) VALUES (4, 3, 'MedalGold', 2019, 'Lima');
INSERT INTO Medal (medal_id, format_id, type, year, location) VALUES (5, 3, 'MedalGold', 2023, 'Santiago');
INSERT INTO Format (format_id, tournament_id, name) VALUES (4, 3, 'Team');
INSERT INTO Medal (medal_id, format_id, type, year, location) VALUES (6, 4, 'MedalGold', 2015, 'Toronto');
INSERT INTO Medal (medal_id, format_id, type, year, location) VALUES (7, 4, 'MedalGold', 2023, 'Santiago');
INSERT INTO Medal (medal_id, format_id, type, year, location) VALUES (8, 4, 'MedalBronze', 2019, 'Lima');
INSERT INTO Format (format_id, tournament_id, name) VALUES (5, 3, 'Doubles');
INSERT INTO Medal (medal_id, format_id, type, year, location) VALUES (9, 5, 'MedalGold', 2019, 'Lima');
INSERT INTO Medal (medal_id, format_id, type, year, location) VALUES (10, 5, 'MedalSilver', 2023, 'Santiago');
INSERT INTO Tournament (tournament_id, athlete_id, name) VALUES (4, 1, 'Pan American Championships');
INSERT INTO Format (format_id, tournament_id, name) VALUES (6, 4, 'Singles');
INSERT INTO Medal (medal_id, format_id, type, year, location) VALUES (11, 6, 'MedalGold', 2017, 'Cartagena de Indias');
INSERT INTO Medal (medal_id, format_id, type, year, location) VALUES (12, 6, 'MedalGold', 2021, 'Lima');
INSERT INTO Medal (medal_id, format_id, type, year, location) VALUES (13, 6, 'MedalGold', 2022, 'Santiago');
INSERT INTO Medal (medal_id, format_id, type, year, location) VALUES (14, 6, 'MedalGold', 2023, 'Havana');
INSERT INTO Format (format_id, tournament_id, name) VALUES (7, 4, 'Team');
INSERT INTO Medal (medal_id, format_id, type, year, location) VALUES (15, 7, 'MedalGold', 2017, 'Cartagena de Indias');
INSERT INTO Medal (medal_id, format_id, type, year, location) VALUES (16, 7, 'MedalGold', 2021, 'Lima');
INSERT INTO Medal (medal_id, format_id, type, year, location) VALUES (17, 7, 'MedalGold', 2022, 'Santiago');
INSERT INTO Medal (medal_id, format_id, type, year, location) VALUES (18, 7, 'MedalGold', 2023, 'Havana');
INSERT INTO Tournament (tournament_id, athlete_id, name) VALUES (5, 1, 'Pan American Cup');
INSERT INTO Format (format_id, tournament_id, name) VALUES (8, 5, 'Singles');
INSERT INTO Medal (medal_id, format_id, type, year, location) VALUES (19, 8, 'MedalGold', 2018, 'Asunción');
INSERT INTO Medal (medal_id, format_id, type, year, location) VALUES (20, 8, 'MedalGold', 2019, 'Guaynabo');
INSERT INTO Medal (medal_id, format_id, type, year, location) VALUES (21, 8, 'MedalGold', 2020, 'Guaynabo');
INSERT INTO Tournament (tournament_id, athlete_id, name) VALUES (6, 1, 'Latin American Championships');
INSERT INTO Format (format_id, tournament_id, name) VALUES (9, 6, 'Singles');
INSERT INTO Medal (medal_id, format_id, type, year, location) VALUES (22, 9, 'MedalGold', 2014, 'Santo Domingo');
INSERT INTO Medal (medal_id, format_id, type, year, location) VALUES (23, 9, 'MedalGold', 2015, 'Buenos Aires');
INSERT INTO Medal (medal_id, format_id, type, year, location) VALUES (24, 9, 'MedalGold', 2016, 'San Juan');
INSERT INTO Format (format_id, tournament_id, name) VALUES (10, 6, 'Team');
INSERT INTO Medal (medal_id, format_id, type, year, location) VALUES (25, 10, 'MedalGold', 2014, 'Santo Domingo');
INSERT INTO Medal (medal_id, format_id, type, year, location) VALUES (26, 10, 'MedalGold', 2015, 'Buenos Aires');
INSERT INTO Medal (medal_id, format_id, type, year, location) VALUES (27, 10, 'MedalGold', 2016, 'San Juan');
INSERT INTO Format (format_id, tournament_id, name) VALUES (11, 6, 'Doubles');
INSERT INTO Medal (medal_id, format_id, type, year, location) VALUES (28, 11, 'MedalSilver', 2014, 'Santo Domingo');
INSERT INTO Tournament (tournament_id, athlete_id, name) VALUES (7, 1, 'Latin American Table Tennis Cup');
INSERT INTO Format (format_id, tournament_id, name) VALUES (12, 7, 'Singles');
INSERT INTO Medal (medal_id, format_id, type, year, location) VALUES (29, 12, 'MedalGold', 2016, 'Guatemala City');
INSERT INTO Tournament (tournament_id, athlete_id, name) VALUES (8, 1, 'Youth Olympic Games');
INSERT INTO Format (format_id, tournament_id, name) VALUES (13, 8, 'Singles');
INSERT INTO Medal (medal_id, format_id, type, year, location) VALUES (30, 13, 'MedalBronze', 2014, 'Nanjing');
