CREATE TABLE Athlete (athlete_id INTEGER PRIMARY KEY, name TEXT NOT NULL);
CREATE TABLE Tournament (tournament_id INTEGER PRIMARY KEY, athlete_id INTEGER, name TEXT NOT NULL);
CREATE TABLE Format (format_id INTEGER PRIMARY KEY, tournament_id INTEGER, name TEXT NOT NULL);
CREATE TABLE Medal (medal_id INTEGER PRIMARY KEY, format_id INTEGER, type TEXT NOT NULL, year INTEGER, location TEXT NOT NULL);
CREATE TABLE PersonalInformation (info_id INTEGER GENERATED ALWAYS AS IDENTITY PRIMARY KEY, athlete_id INTEGER, birth_year INTEGER, birth_month INTEGER, birth_day INTEGER);
INSERT INTO Athlete (athlete_id, name) VALUES (1, 'Bettina Plank');
INSERT INTO PersonalInformation (athlete_id, birth_year, birth_month, birth_day) VALUES (1, 1990, 2, 24);
INSERT INTO Tournament (tournament_id, athlete_id, name) VALUES (1, 1, 'World Championships');
INSERT INTO Format (format_id, tournament_id, name) VALUES (1, 1, 'Team kumite');
INSERT INTO Medal (medal_id, format_id, type, year, location) VALUES (1, 1, 'MedalBronze', 2023, 'Linz');
INSERT INTO Format (format_id, tournament_id, name) VALUES (2, 1, 'Kumite 50 kg');
INSERT INTO Medal (medal_id, format_id, type, year, location) VALUES (2, 2, 'MedalSilver', 2021, 'Guadalajara');
INSERT INTO Tournament (tournament_id, athlete_id, name) VALUES (2, 1, 'European Games');
INSERT INTO Format (format_id, tournament_id, name) VALUES (3, 2, 'Kumite 55 kg');
INSERT INTO Medal (medal_id, format_id, type, year, location) VALUES (3, 3, 'MedalGold', 2016, 'Minsk');
INSERT INTO Format (format_id, tournament_id, name) VALUES (4, 2, 'Team kumite');
INSERT INTO Medal (medal_id, format_id, type, year, location) VALUES (4, 4, 'MedalGold', 2015, 'Zürich');
INSERT INTO Medal (medal_id, format_id, type, year, location) VALUES (5, 4, 'MedalGold', 2018, 'Kraków');
INSERT INTO Medal (medal_id, format_id, type, year, location) VALUES (6, 4, 'MedalGold', 2015, 'Tokyo');
INSERT INTO Format (format_id, tournament_id, name) VALUES (5, 2, 'Kumite 50 kg');
INSERT INTO Medal (medal_id, format_id, type, year, location) VALUES (7, 5, 'MedalBronze', 2016, 'Tampere');
INSERT INTO Medal (medal_id, format_id, type, year, location) VALUES (8, 5, 'MedalGold', 2017, 'Zürich');
INSERT INTO Tournament (tournament_id, athlete_id, name) VALUES (3, 1, 'European Championships');
INSERT INTO Format (format_id, tournament_id, name) VALUES (6, 3, 'Team kumite');
INSERT INTO Medal (medal_id, format_id, type, year, location) VALUES (9, 6, 'MedalSilver', 2014, 'Minsk');
INSERT INTO Medal (medal_id, format_id, type, year, location) VALUES (10, 6, 'MedalBronze', 2007, 'Novi Sad');
INSERT INTO Medal (medal_id, format_id, type, year, location) VALUES (11, 6, 'MedalGold', 2018, 'Guadalajara');
INSERT INTO Format (format_id, tournament_id, name) VALUES (7, 3, 'Kumite 50 kg');
INSERT INTO Medal (medal_id, format_id, type, year, location) VALUES (12, 7, 'MedalSilver', 2016, 'Guadalajara');
INSERT INTO Medal (medal_id, format_id, type, year, location) VALUES (13, 7, 'MedalBronze', 2018, 'Kraków');
INSERT INTO Medal (medal_id, format_id, type, year, location) VALUES (14, 7, 'MedalGold', 2021, 'Novi Sad');
INSERT INTO Medal (medal_id, format_id, type, year, location) VALUES (15, 7, 'MedalBronze', 2015, 'Tokyo');
INSERT INTO Format (format_id, tournament_id, name) VALUES (8, 3, 'Kumite 55 kg');
INSERT INTO Medal (medal_id, format_id, type, year, location) VALUES (16, 8, 'MedalGold', 2013, 'Istanbul');
INSERT INTO Medal (medal_id, format_id, type, year, location) VALUES (17, 8, 'MedalGold', 2019, 'Minsk');
INSERT INTO Medal (medal_id, format_id, type, year, location) VALUES (18, 8, 'MedalBronze', 2015, 'İzmit');
INSERT INTO Medal (medal_id, format_id, type, year, location) VALUES (19, 8, 'MedalBronze', 2019, 'Kraków');
INSERT INTO Tournament (tournament_id, athlete_id, name) VALUES (4, 1, 'Summer Olympics');
INSERT INTO Format (format_id, tournament_id, name) VALUES (9, 4, 'Kumite 55 kg');
INSERT INTO Medal (medal_id, format_id, type, year, location) VALUES (20, 9, 'MedalGold', 2019, 'İzmit');
INSERT INTO Medal (medal_id, format_id, type, year, location) VALUES (21, 9, 'MedalSilver', 2021, 'Novi Sad');
INSERT INTO Format (format_id, tournament_id, name) VALUES (10, 4, 'Team kumite');
INSERT INTO Medal (medal_id, format_id, type, year, location) VALUES (22, 10, 'MedalBronze', 2018, 'Zürich');
INSERT INTO Medal (medal_id, format_id, type, year, location) VALUES (23, 10, 'MedalGold', 2017, 'Minsk');
INSERT INTO Medal (medal_id, format_id, type, year, location) VALUES (24, 10, 'MedalSilver', 2022, 'Minsk');
INSERT INTO Medal (medal_id, format_id, type, year, location) VALUES (25, 10, 'MedalGold', 2019, 'Novi Sad');
