CREATE TABLE Athlete (athlete_id INTEGER PRIMARY KEY, name TEXT NOT NULL);
CREATE TABLE Tournament (tournament_id INTEGER PRIMARY KEY, athlete_id INTEGER, name TEXT NOT NULL);
CREATE TABLE Format (format_id INTEGER PRIMARY KEY, tournament_id INTEGER, name TEXT NOT NULL);
CREATE TABLE Medal (medal_id INTEGER PRIMARY KEY, format_id INTEGER, type TEXT NOT NULL, year INTEGER, location TEXT NOT NULL);
CREATE TABLE PersonalInformation (info_id INTEGER GENERATED ALWAYS AS IDENTITY PRIMARY KEY, athlete_id INTEGER, birth_year INTEGER, birth_month INTEGER, birth_day INTEGER);
INSERT INTO Athlete (athlete_id, name) VALUES (1, 'Todd Harrity');
INSERT INTO PersonalInformation (athlete_id, birth_year, birth_month, birth_day) VALUES (1, 1990, 9, 16);
INSERT INTO Tournament (tournament_id, athlete_id, name) VALUES (1, 1, 'Pan American Games');
INSERT INTO Format (format_id, tournament_id, name) VALUES (1, 1, 'Team');
INSERT INTO Medal (medal_id, format_id, type, year, location) VALUES (1, 1, 'MedalGold', 2019, 'Lima');
INSERT INTO Medal (medal_id, format_id, type, year, location) VALUES (2, 1, 'MedalBronze', 2015, 'Toronto');
INSERT INTO Format (format_id, tournament_id, name) VALUES (2, 1, 'Doubles');
INSERT INTO Medal (medal_id, format_id, type, year, location) VALUES (3, 2, 'MedalGold', 2019, 'Lima');
INSERT INTO Tournament (tournament_id, athlete_id, name) VALUES (2, 1, 'Pan American Championship');
INSERT INTO Format (format_id, tournament_id, name) VALUES (3, 2, 'Team');
INSERT INTO Medal (medal_id, format_id, type, year, location) VALUES (4, 3, 'MedalGold', 2016, 'Hartford');
INSERT INTO Medal (medal_id, format_id, type, year, location) VALUES (5, 3, 'MedalBronze', 2014, 'Toluca');
INSERT INTO Medal (medal_id, format_id, type, year, location) VALUES (6, 3, 'MedalBronze', 2018, 'Cayman Island');
INSERT INTO Format (format_id, tournament_id, name) VALUES (4, 2, 'Individual');
INSERT INTO Medal (medal_id, format_id, type, year, location) VALUES (7, 4, 'MedalBronze', 2018, 'Cayman Island');
INSERT INTO Format (format_id, tournament_id, name) VALUES (5, 2, 'Doubles');
INSERT INTO Medal (medal_id, format_id, type, year, location) VALUES (8, 5, 'MedalBronze', 2018, 'Cayman Island');
