CREATE TABLE Athlete (athlete_id INTEGER PRIMARY KEY, name TEXT NOT NULL);
CREATE TABLE Tournament (tournament_id INTEGER PRIMARY KEY, athlete_id INTEGER, name TEXT NOT NULL);
CREATE TABLE Format (format_id INTEGER PRIMARY KEY, tournament_id INTEGER, name TEXT NOT NULL);
CREATE TABLE Medal (medal_id INTEGER PRIMARY KEY, format_id INTEGER, type TEXT NOT NULL, year INTEGER, location TEXT NOT NULL);
CREATE TABLE PersonalInformation (info_id INTEGER GENERATED ALWAYS AS IDENTITY PRIMARY KEY, athlete_id INTEGER, birth_year INTEGER, birth_month INTEGER, birth_day INTEGER);
INSERT INTO Athlete (athlete_id, name) VALUES (1, 'Kemar Bailey-Cole');
INSERT INTO PersonalInformation (athlete_id, birth_year, birth_month, birth_day) VALUES (1, 1992, 1, 10);
INSERT INTO Tournament (tournament_id, athlete_id, name) VALUES (1, 1, 'Olympic Games');
INSERT INTO Format (format_id, tournament_id, name) VALUES (1, 1, '4x100 m relay');
INSERT INTO Medal (medal_id, format_id, type, year, location) VALUES (1, 1, 'MedalGold', 2012, 'London');
INSERT INTO Medal (medal_id, format_id, type, year, location) VALUES (2, 1, 'MedalGold', 2016, 'Rio de Janeiro');
INSERT INTO Tournament (tournament_id, athlete_id, name) VALUES (2, 1, 'World Championships');
INSERT INTO Format (format_id, tournament_id, name) VALUES (2, 2, '4x100 m relay');
INSERT INTO Medal (medal_id, format_id, type, year, location) VALUES (3, 2, 'MedalGold', 2013, 'Moscow');
INSERT INTO Tournament (tournament_id, athlete_id, name) VALUES (3, 1, 'World Relay Championships');
INSERT INTO Format (format_id, tournament_id, name) VALUES (3, 3, '4x100 m relay');
INSERT INTO Medal (medal_id, format_id, type, year, location) VALUES (4, 3, 'MedalSilver', 2015, 'Nassau');
INSERT INTO Tournament (tournament_id, athlete_id, name) VALUES (4, 1, 'Commonwealth Games');
INSERT INTO Format (format_id, tournament_id, name) VALUES (4, 4, '100 m');
INSERT INTO Medal (medal_id, format_id, type, year, location) VALUES (5, 4, 'MedalGold', 2014, 'Glasgow');
INSERT INTO Format (format_id, tournament_id, name) VALUES (5, 4, '4x100 m relay');
INSERT INTO Medal (medal_id, format_id, type, year, location) VALUES (6, 5, 'MedalGold', 2014, 'Glasgow');
INSERT INTO Tournament (tournament_id, athlete_id, name) VALUES (5, 1, 'CARIFTA Games');
INSERT INTO Format (format_id, tournament_id, name) VALUES (6, 5, '4x100 m relay');
INSERT INTO Medal (medal_id, format_id, type, year, location) VALUES (7, 6, 'MedalGold', 2009, 'Vieux Fort');
INSERT INTO Medal (medal_id, format_id, type, year, location) VALUES (8, 6, 'MedalGold', 2010, 'George Town');
INSERT INTO Medal (medal_id, format_id, type, year, location) VALUES (9, 6, 'MedalGold', 2011, 'Montego Bay');
INSERT INTO Format (format_id, tournament_id, name) VALUES (7, 5, '100 m');
INSERT INTO Medal (medal_id, format_id, type, year, location) VALUES (10, 7, 'MedalSilver', 2011, 'Montego Bay');
INSERT INTO Medal (medal_id, format_id, type, year, location) VALUES (11, 7, 'MedalBronze', 2009, 'Vieux Fort');
