CREATE TABLE Athlete (athlete_id INTEGER PRIMARY KEY, name TEXT NOT NULL);
CREATE TABLE Tournament (tournament_id INTEGER PRIMARY KEY, athlete_id INTEGER, name TEXT NOT NULL);
CREATE TABLE Format (format_id INTEGER PRIMARY KEY, tournament_id INTEGER, name TEXT NOT NULL);
CREATE TABLE Medal (medal_id INTEGER PRIMARY KEY, format_id INTEGER, type TEXT NOT NULL, year INTEGER, location TEXT NOT NULL);
CREATE TABLE PersonalInformation (info_id INTEGER GENERATED ALWAYS AS IDENTITY PRIMARY KEY, athlete_id INTEGER, birth_year INTEGER, birth_month INTEGER, birth_day INTEGER);
INSERT INTO Athlete (athlete_id, name) VALUES (1, 'Kristian Karlsson');
INSERT INTO PersonalInformation (athlete_id, birth_year, birth_month, birth_day) VALUES (1, 1991, 8, 6);
INSERT INTO Tournament (tournament_id, athlete_id, name) VALUES (1, 1, 'World Championships');
INSERT INTO Format (format_id, tournament_id, name) VALUES (1, 1, 'Doubles');
INSERT INTO Medal (medal_id, format_id, type, year, location) VALUES (1, 1, 'MedalGold', 2021, 'Houston');
INSERT INTO Format (format_id, tournament_id, name) VALUES (2, 1, 'Team');
INSERT INTO Medal (medal_id, format_id, type, year, location) VALUES (2, 2, 'MedalBronze', 2018, 'Halmstad');
INSERT INTO Tournament (tournament_id, athlete_id, name) VALUES (2, 1, 'European Games');
INSERT INTO Format (format_id, tournament_id, name) VALUES (3, 2, 'Team');
INSERT INTO Medal (medal_id, format_id, type, year, location) VALUES (3, 3, 'MedalSilver', 2019, 'Minsk');
INSERT INTO Medal (medal_id, format_id, type, year, location) VALUES (4, 3, 'MedalSilver', 2023, 'Kraków');
INSERT INTO Tournament (tournament_id, athlete_id, name) VALUES (3, 1, 'European Championships');
INSERT INTO Format (format_id, tournament_id, name) VALUES (4, 3, 'Doubles');
INSERT INTO Medal (medal_id, format_id, type, year, location) VALUES (5, 4, 'MedalGold', 2022, 'Munich');
INSERT INTO Medal (medal_id, format_id, type, year, location) VALUES (6, 4, 'MedalSilver', 2012, 'Herning');
INSERT INTO Medal (medal_id, format_id, type, year, location) VALUES (7, 4, 'MedalSilver', 2018, 'Alicante');
INSERT INTO Medal (medal_id, format_id, type, year, location) VALUES (8, 4, 'MedalBronze', 2015, 'Yekaterinburg');
INSERT INTO Medal (medal_id, format_id, type, year, location) VALUES (9, 4, 'MedalBronze', 2016, 'Budapest');
INSERT INTO Format (format_id, tournament_id, name) VALUES (5, 3, 'Team');
INSERT INTO Medal (medal_id, format_id, type, year, location) VALUES (10, 5, 'MedalGold', 2023, 'Malmö');
INSERT INTO Medal (medal_id, format_id, type, year, location) VALUES (11, 5, 'MedalBronze', 2014, 'Lisbon');
INSERT INTO Medal (medal_id, format_id, type, year, location) VALUES (12, 5, 'MedalBronze', 2019, 'Nantes');
INSERT INTO Format (format_id, tournament_id, name) VALUES (6, 3, 'Singles');
INSERT INTO Medal (medal_id, format_id, type, year, location) VALUES (13, 6, 'MedalBronze', 2018, 'Alicante');
INSERT INTO Medal (medal_id, format_id, type, year, location) VALUES (14, 6, 'MedalBronze', 2022, 'Munich');
INSERT INTO Tournament (tournament_id, athlete_id, name) VALUES (4, 1, 'Swedish Championship');
INSERT INTO Format (format_id, tournament_id, name) VALUES (7, 4, 'Singles');
INSERT INTO Medal (medal_id, format_id, type, year, location) VALUES (15, 7, 'MedalGold', 2014, 'Helsingborg');
INSERT INTO Medal (medal_id, format_id, type, year, location) VALUES (16, 7, 'MedalGold', 2015, 'Falkenberg');
INSERT INTO Medal (medal_id, format_id, type, year, location) VALUES (17, 7, 'MedalGold', 2018, 'Helsingborg');
INSERT INTO Medal (medal_id, format_id, type, year, location) VALUES (18, 7, 'MedalSilver', 2019, 'Eskilstuna');
