CREATE TABLE Athlete (athlete_id INTEGER PRIMARY KEY, name TEXT NOT NULL);
CREATE TABLE Tournament (tournament_id INTEGER PRIMARY KEY, athlete_id INTEGER, name TEXT NOT NULL);
CREATE TABLE Format (format_id INTEGER PRIMARY KEY, tournament_id INTEGER, name TEXT NOT NULL);
CREATE TABLE Medal (medal_id INTEGER PRIMARY KEY, format_id INTEGER, type TEXT NOT NULL, year INTEGER, location TEXT NOT NULL);
CREATE TABLE PersonalInformation (info_id INTEGER GENERATED ALWAYS AS IDENTITY PRIMARY KEY, athlete_id INTEGER, birth_year INTEGER, birth_month INTEGER, birth_day INTEGER);
INSERT INTO Athlete (athlete_id, name) VALUES (1, 'Luigi Busà');
INSERT INTO PersonalInformation (athlete_id, birth_year, birth_month, birth_day) VALUES (1, 1987, 10, 9);
INSERT INTO Tournament (tournament_id, athlete_id, name) VALUES (1, 1, 'Olympic Games');
INSERT INTO Format (format_id, tournament_id, name) VALUES (1, 1, '75 kg');
INSERT INTO Medal (medal_id, format_id, type, year, location) VALUES (1, 1, 'MedalGold', 2020, 'Tokyo');
INSERT INTO Tournament (tournament_id, athlete_id, name) VALUES (2, 1, 'World Championships');
INSERT INTO Format (format_id, tournament_id, name) VALUES (2, 2, '80 kg');
INSERT INTO Medal (medal_id, format_id, type, year, location) VALUES (2, 2, 'MedalGold', 2006, 'Tampere');
INSERT INTO Format (format_id, tournament_id, name) VALUES (3, 2, '75 kg');
INSERT INTO Medal (medal_id, format_id, type, year, location) VALUES (3, 3, 'MedalGold', 2012, 'Paris');
INSERT INTO Medal (medal_id, format_id, type, year, location) VALUES (4, 3, 'MedalSilver', 2010, 'Belgrade');
INSERT INTO Medal (medal_id, format_id, type, year, location) VALUES (5, 3, 'MedalSilver', 2014, 'Bremen');
INSERT INTO Medal (medal_id, format_id, type, year, location) VALUES (6, 3, 'MedalSilver', 2018, 'Madrid');
INSERT INTO Medal (medal_id, format_id, type, year, location) VALUES (7, 3, 'MedalBronze', 2016, 'Linz');
INSERT INTO Tournament (tournament_id, athlete_id, name) VALUES (3, 1, 'European Championships');
INSERT INTO Format (format_id, tournament_id, name) VALUES (4, 3, '75 kg');
INSERT INTO Medal (medal_id, format_id, type, year, location) VALUES (8, 4, 'MedalGold', 2007, 'Bratislava');
INSERT INTO Medal (medal_id, format_id, type, year, location) VALUES (9, 4, 'MedalGold', 2012, 'Adeje');
INSERT INTO Medal (medal_id, format_id, type, year, location) VALUES (10, 4, 'MedalGold', 2014, 'Tampere');
INSERT INTO Medal (medal_id, format_id, type, year, location) VALUES (11, 4, 'MedalGold', 2017, 'İzmit');
INSERT INTO Medal (medal_id, format_id, type, year, location) VALUES (12, 4, 'MedalGold', 2019, 'Guadalajara');
INSERT INTO Medal (medal_id, format_id, type, year, location) VALUES (13, 4, 'MedalSilver', 2009, 'Zagreb');
INSERT INTO Medal (medal_id, format_id, type, year, location) VALUES (14, 4, 'MedalSilver', 2011, 'Zürich');
INSERT INTO Medal (medal_id, format_id, type, year, location) VALUES (15, 4, 'MedalBronze', 2008, 'Tallinn');
INSERT INTO Medal (medal_id, format_id, type, year, location) VALUES (16, 4, 'MedalBronze', 2010, 'Athens');
INSERT INTO Medal (medal_id, format_id, type, year, location) VALUES (17, 4, 'MedalBronze', 2013, 'Budapest');
INSERT INTO Medal (medal_id, format_id, type, year, location) VALUES (18, 4, 'MedalBronze', 2015, 'Istanbul');
INSERT INTO Medal (medal_id, format_id, type, year, location) VALUES (19, 4, 'MedalBronze', 2018, 'Novi Sad');
INSERT INTO Medal (medal_id, format_id, type, year, location) VALUES (20, 4, 'MedalBronze', 2022, 'Gaziantep');
INSERT INTO Format (format_id, tournament_id, name) VALUES (5, 3, '80 kg');
INSERT INTO Medal (medal_id, format_id, type, year, location) VALUES (21, 5, 'MedalBronze', 2006, 'Stavanger');
INSERT INTO Format (format_id, tournament_id, name) VALUES (6, 3, 'Team kumite');
INSERT INTO Medal (medal_id, format_id, type, year, location) VALUES (22, 6, 'MedalBronze', 2007, 'Bratislava');
INSERT INTO Medal (medal_id, format_id, type, year, location) VALUES (23, 6, 'MedalBronze', 2011, 'Zürich');
INSERT INTO Tournament (tournament_id, athlete_id, name) VALUES (4, 1, 'European Games');
INSERT INTO Format (format_id, tournament_id, name) VALUES (7, 4, '75 kg');
INSERT INTO Medal (medal_id, format_id, type, year, location) VALUES (24, 7, 'MedalSilver', 2015, 'Baku');
INSERT INTO Tournament (tournament_id, athlete_id, name) VALUES (5, 1, 'Mediterranean Games');
INSERT INTO Format (format_id, tournament_id, name) VALUES (8, 5, '75 kg');
INSERT INTO Medal (medal_id, format_id, type, year, location) VALUES (25, 8, 'MedalSilver', 2009, 'Pescara');
INSERT INTO Medal (medal_id, format_id, type, year, location) VALUES (26, 8, 'MedalBronze', 2013, 'Mersin');
INSERT INTO Medal (medal_id, format_id, type, year, location) VALUES (27, 8, 'MedalBronze', 2022, 'Oran');
