CREATE TABLE Athlete (athlete_id INTEGER PRIMARY KEY, name TEXT NOT NULL);
CREATE TABLE Tournament (tournament_id INTEGER PRIMARY KEY, athlete_id INTEGER, name TEXT NOT NULL);
CREATE TABLE Format (format_id INTEGER PRIMARY KEY, tournament_id INTEGER, name TEXT NOT NULL);
CREATE TABLE Medal (medal_id INTEGER PRIMARY KEY, format_id INTEGER, type TEXT NOT NULL, year INTEGER, location TEXT NOT NULL);
CREATE TABLE PersonalInformation (info_id INTEGER GENERATED ALWAYS AS IDENTITY PRIMARY KEY, athlete_id INTEGER, birth_year INTEGER, birth_month INTEGER, birth_day INTEGER);
INSERT INTO Athlete (athlete_id, name) VALUES (1, 'Xu Jiayu');
INSERT INTO PersonalInformation (athlete_id, birth_year, birth_month, birth_day) VALUES (1, 1995, 8, 19);
INSERT INTO Tournament (tournament_id, athlete_id, name) VALUES (1, 1, 'Olympic Games');
INSERT INTO Format (format_id, tournament_id, name) VALUES (1, 1, '100 m backstroke');
INSERT INTO Medal (medal_id, format_id, type, year, location) VALUES (1, 1, 'MedalSilver', 2016, 'SOG');
INSERT INTO Format (format_id, tournament_id, name) VALUES (2, 1, '4x100 m mixed medley');
INSERT INTO Medal (medal_id, format_id, type, year, location) VALUES (2, 2, 'MedalSilver', 2020, 'SOG');
INSERT INTO Tournament (tournament_id, athlete_id, name) VALUES (2, 1, 'World Championships (LC)');
INSERT INTO Format (format_id, tournament_id, name) VALUES (3, 2, '100 m backstroke');
INSERT INTO Medal (medal_id, format_id, type, year, location) VALUES (3, 3, 'MedalGold', 2017, 'Budapest');
INSERT INTO Medal (medal_id, format_id, type, year, location) VALUES (4, 3, 'MedalGold', 2019, 'Gwangju');
INSERT INTO Format (format_id, tournament_id, name) VALUES (4, 2, '4x100 m mixed medley');
INSERT INTO Medal (medal_id, format_id, type, year, location) VALUES (5, 4, 'MedalGold', 2023, 'Fukuoka');
INSERT INTO Medal (medal_id, format_id, type, year, location) VALUES (6, 4, 'MedalBronze', 2017, 'Budapest');
INSERT INTO Format (format_id, tournament_id, name) VALUES (5, 2, '4x100 m medley');
INSERT INTO Medal (medal_id, format_id, type, year, location) VALUES (7, 5, 'MedalSilver', 2023, 'Fukuoka');
INSERT INTO Format (format_id, tournament_id, name) VALUES (6, 2, '50 m backstroke');
INSERT INTO Medal (medal_id, format_id, type, year, location) VALUES (8, 6, 'MedalBronze', 2023, 'Fukuoka');
INSERT INTO Tournament (tournament_id, athlete_id, name) VALUES (3, 1, 'World Championships (SC)');
INSERT INTO Format (format_id, tournament_id, name) VALUES (7, 3, '100 m backstroke');
INSERT INTO Medal (medal_id, format_id, type, year, location) VALUES (9, 7, 'MedalSilver', 2018, 'Hangzhou');
INSERT INTO Medal (medal_id, format_id, type, year, location) VALUES (10, 7, 'MedalBronze', 2016, 'Windsor');
INSERT INTO Format (format_id, tournament_id, name) VALUES (8, 3, '4x200 m freestyle');
INSERT INTO Medal (medal_id, format_id, type, year, location) VALUES (11, 8, 'MedalBronze', 2018, 'Hangzhou');
INSERT INTO Tournament (tournament_id, athlete_id, name) VALUES (4, 1, 'Asian Games');
INSERT INTO Format (format_id, tournament_id, name) VALUES (9, 4, '4x100 m medley');
INSERT INTO Medal (medal_id, format_id, type, year, location) VALUES (12, 9, 'MedalGold', 2014, 'Incheon');
INSERT INTO Medal (medal_id, format_id, type, year, location) VALUES (13, 9, 'MedalGold', 2018, 'Jakarta');
INSERT INTO Format (format_id, tournament_id, name) VALUES (10, 4, '50 m backstroke');
INSERT INTO Medal (medal_id, format_id, type, year, location) VALUES (14, 10, 'MedalGold', 2018, 'Jakarta');
INSERT INTO Medal (medal_id, format_id, type, year, location) VALUES (15, 10, 'MedalGold', 2022, 'Hangzhou');
INSERT INTO Medal (medal_id, format_id, type, year, location) VALUES (16, 10, 'MedalBronze', 2014, 'Incheon');
INSERT INTO Format (format_id, tournament_id, name) VALUES (11, 4, '100 m backstroke');
INSERT INTO Medal (medal_id, format_id, type, year, location) VALUES (17, 11, 'MedalGold', 2018, 'Jakarta');
INSERT INTO Medal (medal_id, format_id, type, year, location) VALUES (18, 11, 'MedalGold', 2022, 'Hangzhou');
INSERT INTO Medal (medal_id, format_id, type, year, location) VALUES (19, 11, 'MedalSilver', 2014, 'Incheon');
INSERT INTO Format (format_id, tournament_id, name) VALUES (12, 4, '200 m backstroke');
INSERT INTO Medal (medal_id, format_id, type, year, location) VALUES (20, 12, 'MedalGold', 2018, 'Jakarta');
INSERT INTO Medal (medal_id, format_id, type, year, location) VALUES (21, 12, 'MedalGold', 2022, 'Hangzhou');
INSERT INTO Medal (medal_id, format_id, type, year, location) VALUES (22, 12, 'MedalSilver', 2014, 'Incheon');
INSERT INTO Format (format_id, tournament_id, name) VALUES (13, 4, '4x100 m mixed medley');
INSERT INTO Medal (medal_id, format_id, type, year, location) VALUES (23, 13, 'MedalGold', 2018, 'Jakarta');
INSERT INTO Medal (medal_id, format_id, type, year, location) VALUES (24, 13, 'MedalGold', 2022, 'Hangzhou');
INSERT INTO Format (format_id, tournament_id, name) VALUES (14, 4, '4 x 100 m medley');
INSERT INTO Medal (medal_id, format_id, type, year, location) VALUES (25, 14, 'MedalGold', 2022, 'Hangzhou');
