CREATE TABLE Athlete (athlete_id INTEGER PRIMARY KEY, name TEXT NOT NULL);
CREATE TABLE Tournament (tournament_id INTEGER PRIMARY KEY, athlete_id INTEGER, name TEXT NOT NULL);
CREATE TABLE Format (format_id INTEGER PRIMARY KEY, tournament_id INTEGER, name TEXT NOT NULL);
CREATE TABLE Medal (medal_id INTEGER PRIMARY KEY, format_id INTEGER, type TEXT NOT NULL, year INTEGER, location TEXT NOT NULL);
CREATE TABLE PersonalInformation (info_id INTEGER GENERATED ALWAYS AS IDENTITY PRIMARY KEY, athlete_id INTEGER, birth_year INTEGER, birth_month INTEGER, birth_day INTEGER);
INSERT INTO Athlete (athlete_id, name) VALUES (1, 'Du Yue');
INSERT INTO PersonalInformation (athlete_id, birth_year, birth_month, birth_day) VALUES (1, 1998, 2, 15);
INSERT INTO Tournament (tournament_id, athlete_id, name) VALUES (1, 1, 'World Championships');
INSERT INTO Format (format_id, tournament_id, name) VALUES (1, 1, 'Women''s doubles');
INSERT INTO Medal (medal_id, format_id, type, year, location) VALUES (1, 1, 'MedalBronze', 2019, 'Basel');
INSERT INTO Tournament (tournament_id, athlete_id, name) VALUES (2, 1, 'Sudirman Cup');
INSERT INTO Format (format_id, tournament_id, name) VALUES (2, 2, 'Mixed team');
INSERT INTO Medal (medal_id, format_id, type, year, location) VALUES (2, 2, 'MedalGold', 2019, 'Nanning');
INSERT INTO Medal (medal_id, format_id, type, year, location) VALUES (3, 2, 'MedalGold', 2021, 'Vantaa');
INSERT INTO Tournament (tournament_id, athlete_id, name) VALUES (3, 1, 'Uber Cup');
INSERT INTO Format (format_id, tournament_id, name) VALUES (3, 3, 'Women''s team');
INSERT INTO Medal (medal_id, format_id, type, year, location) VALUES (4, 3, 'MedalSilver', 2022, 'Bangkok');
INSERT INTO Tournament (tournament_id, athlete_id, name) VALUES (4, 1, 'Asian Championships');
INSERT INTO Format (format_id, tournament_id, name) VALUES (4, 4, 'Mixed doubles');
INSERT INTO Medal (medal_id, format_id, type, year, location) VALUES (5, 4, 'MedalSilver', 2019, 'Wuhan');
INSERT INTO Format (format_id, tournament_id, name) VALUES (5, 4, 'Women''s doubles');
INSERT INTO Medal (medal_id, format_id, type, year, location) VALUES (6, 5, 'MedalBronze', 2022, 'Manila');
INSERT INTO Tournament (tournament_id, athlete_id, name) VALUES (5, 1, 'Asia Mixed Team Championships');
INSERT INTO Format (format_id, tournament_id, name) VALUES (6, 5, 'Mixed team');
INSERT INTO Medal (medal_id, format_id, type, year, location) VALUES (7, 6, 'MedalGold', 2019, 'Hong Kong');
INSERT INTO Tournament (tournament_id, athlete_id, name) VALUES (6, 1, 'Asia Team Championships');
INSERT INTO Format (format_id, tournament_id, name) VALUES (7, 6, 'Women''s team');
INSERT INTO Medal (medal_id, format_id, type, year, location) VALUES (8, 7, 'MedalSilver', 2018, 'Alor Setar');
INSERT INTO Tournament (tournament_id, athlete_id, name) VALUES (7, 1, 'World University Games');
INSERT INTO Format (format_id, tournament_id, name) VALUES (8, 7, 'Women''s doubles');
INSERT INTO Medal (medal_id, format_id, type, year, location) VALUES (9, 8, 'MedalSilver', 2021, 'Chengdu');
INSERT INTO Format (format_id, tournament_id, name) VALUES (9, 7, 'Mixed team');
INSERT INTO Medal (medal_id, format_id, type, year, location) VALUES (10, 9, 'MedalSilver', 2021, 'Chengdu');
INSERT INTO Tournament (tournament_id, athlete_id, name) VALUES (8, 1, 'World Junior Championships');
INSERT INTO Format (format_id, tournament_id, name) VALUES (10, 8, 'Mixed team');
INSERT INTO Medal (medal_id, format_id, type, year, location) VALUES (11, 10, 'MedalGold', 2014, 'Alor Setar');
INSERT INTO Medal (medal_id, format_id, type, year, location) VALUES (12, 10, 'MedalGold', 2015, 'Lima');
INSERT INTO Medal (medal_id, format_id, type, year, location) VALUES (13, 10, 'MedalGold', 2016, 'Bilbao');
INSERT INTO Format (format_id, tournament_id, name) VALUES (11, 8, 'Mixed doubles');
INSERT INTO Medal (medal_id, format_id, type, year, location) VALUES (14, 11, 'MedalGold', 2016, 'Bilbao');
INSERT INTO Format (format_id, tournament_id, name) VALUES (12, 8, 'Girls'' doubles');
INSERT INTO Medal (medal_id, format_id, type, year, location) VALUES (15, 12, 'MedalSilver', 2015, 'Lima');
INSERT INTO Medal (medal_id, format_id, type, year, location) VALUES (16, 12, 'MedalSilver', 2016, 'Bilbao');
INSERT INTO Medal (medal_id, format_id, type, year, location) VALUES (17, 12, 'MedalBronze', 2014, 'Alor Setar');
INSERT INTO Tournament (tournament_id, athlete_id, name) VALUES (9, 1, 'Asian Junior Championships');
INSERT INTO Format (format_id, tournament_id, name) VALUES (13, 9, 'Mixed team');
INSERT INTO Medal (medal_id, format_id, type, year, location) VALUES (18, 13, 'MedalGold', 2014, 'Taipei');
INSERT INTO Medal (medal_id, format_id, type, year, location) VALUES (19, 13, 'MedalGold', 2015, 'Bangkok');
INSERT INTO Medal (medal_id, format_id, type, year, location) VALUES (20, 13, 'MedalGold', 2016, 'Bangkok');
INSERT INTO Format (format_id, tournament_id, name) VALUES (14, 9, 'Girls'' doubles');
INSERT INTO Medal (medal_id, format_id, type, year, location) VALUES (21, 14, 'MedalGold', 2015, 'Bangkok');
INSERT INTO Medal (medal_id, format_id, type, year, location) VALUES (22, 14, 'MedalGold', 2016, 'Bangkok');
INSERT INTO Medal (medal_id, format_id, type, year, location) VALUES (23, 14, 'MedalSilver', 2014, 'Taipei');
INSERT INTO Format (format_id, tournament_id, name) VALUES (15, 9, 'Mixed doubles');
INSERT INTO Medal (medal_id, format_id, type, year, location) VALUES (24, 15, 'MedalGold', 2016, 'Bangkok');
INSERT INTO Medal (medal_id, format_id, type, year, location) VALUES (25, 15, 'MedalBronze', 2015, 'Bangkok');
