CREATE TABLE Athlete (athlete_id INTEGER PRIMARY KEY, name TEXT NOT NULL);
CREATE TABLE Tournament (tournament_id INTEGER PRIMARY KEY, athlete_id INTEGER, name TEXT NOT NULL);
CREATE TABLE Format (format_id INTEGER PRIMARY KEY, tournament_id INTEGER, name TEXT NOT NULL);
CREATE TABLE Medal (medal_id INTEGER PRIMARY KEY, format_id INTEGER, type TEXT NOT NULL, year INTEGER, location TEXT NOT NULL);
CREATE TABLE PersonalInformation (info_id INTEGER GENERATED ALWAYS AS IDENTITY PRIMARY KEY, athlete_id INTEGER, birth_year INTEGER, birth_month INTEGER, birth_day INTEGER);
INSERT INTO Athlete (athlete_id, name) VALUES (1, 'Jessica von Bredow-Werndl');
INSERT INTO PersonalInformation (athlete_id, birth_year, birth_month, birth_day) VALUES (1, 1986, 2, 16);
INSERT INTO Tournament (tournament_id, athlete_id, name) VALUES (1, 1, 'Olympic Games');
INSERT INTO Format (format_id, tournament_id, name) VALUES (1, 1, 'Team dressage');
INSERT INTO Medal (medal_id, format_id, type, year, location) VALUES (1, 1, 'MedalGold', 2020, 'Tokyo');
INSERT INTO Format (format_id, tournament_id, name) VALUES (2, 1, 'Individual dressage');
INSERT INTO Medal (medal_id, format_id, type, year, location) VALUES (2, 2, 'MedalGold', 2020, 'Tokyo');
INSERT INTO Tournament (tournament_id, athlete_id, name) VALUES (2, 1, 'World Championships');
INSERT INTO Format (format_id, tournament_id, name) VALUES (3, 2, 'Team dressage');
INSERT INTO Medal (medal_id, format_id, type, year, location) VALUES (3, 3, 'MedalGold', 2018, 'Tryon');
INSERT INTO Tournament (tournament_id, athlete_id, name) VALUES (3, 1, 'European Championships');
INSERT INTO Format (format_id, tournament_id, name) VALUES (4, 3, 'Team dressage');
INSERT INTO Medal (medal_id, format_id, type, year, location) VALUES (4, 4, 'MedalGold', 2019, 'Rotterdam');
INSERT INTO Medal (medal_id, format_id, type, year, location) VALUES (5, 4, 'MedalGold', 2021, 'Hagen');
INSERT INTO Medal (medal_id, format_id, type, year, location) VALUES (6, 4, 'MedalSilver', 2023, 'Riesenbeck');
INSERT INTO Medal (medal_id, format_id, type, year, location) VALUES (7, 4, 'MedalBronze', 2015, 'Aachen');
INSERT INTO Format (format_id, tournament_id, name) VALUES (5, 3, 'Special dressage');
INSERT INTO Medal (medal_id, format_id, type, year, location) VALUES (8, 5, 'MedalGold', 2021, 'Hagen');
INSERT INTO Medal (medal_id, format_id, type, year, location) VALUES (9, 5, 'MedalGold', 2023, 'Riesenbeck');
INSERT INTO Format (format_id, tournament_id, name) VALUES (6, 3, 'Freestyle dressage');
INSERT INTO Medal (medal_id, format_id, type, year, location) VALUES (10, 6, 'MedalGold', 2021, 'Hagen');
INSERT INTO Medal (medal_id, format_id, type, year, location) VALUES (11, 6, 'MedalGold', 2023, 'Riesenbeck');
INSERT INTO Medal (medal_id, format_id, type, year, location) VALUES (12, 6, 'MedalBronze', 2019, 'Rotterdam');
INSERT INTO Tournament (tournament_id, athlete_id, name) VALUES (4, 1, 'World Cup');
INSERT INTO Format (format_id, tournament_id, name) VALUES (7, 4, 'Individual dressage');
INSERT INTO Medal (medal_id, format_id, type, year, location) VALUES (13, 7, 'MedalGold', 2022, 'Leipzig');
INSERT INTO Medal (medal_id, format_id, type, year, location) VALUES (14, 7, 'MedalGold', 2023, 'Omaha');
INSERT INTO Medal (medal_id, format_id, type, year, location) VALUES (15, 7, 'MedalBronze', 2015, 'Las Vegas');
INSERT INTO Medal (medal_id, format_id, type, year, location) VALUES (16, 7, 'MedalBronze', 2016, 'Göteborg');
INSERT INTO Medal (medal_id, format_id, type, year, location) VALUES (17, 7, 'MedalBronze', 2018, 'Paris');
INSERT INTO Tournament (tournament_id, athlete_id, name) VALUES (5, 1, 'European Young Riders Championships');
INSERT INTO Format (format_id, tournament_id, name) VALUES (8, 5, 'Individual dressage');
INSERT INTO Medal (medal_id, format_id, type, year, location) VALUES (18, 8, 'MedalGold', 2004, 'Aarhus');
INSERT INTO Format (format_id, tournament_id, name) VALUES (9, 5, 'Team dressage');
INSERT INTO Medal (medal_id, format_id, type, year, location) VALUES (19, 9, 'MedalSilver', 2004, 'Aarhus');
