CREATE TABLE Athlete (athlete_id INTEGER PRIMARY KEY, name TEXT NOT NULL);
CREATE TABLE Tournament (tournament_id INTEGER PRIMARY KEY, athlete_id INTEGER, name TEXT NOT NULL);
CREATE TABLE Format (format_id INTEGER PRIMARY KEY, tournament_id INTEGER, name TEXT NOT NULL);
CREATE TABLE Medal (medal_id INTEGER PRIMARY KEY, format_id INTEGER, type TEXT NOT NULL, year INTEGER, location TEXT NOT NULL);
CREATE TABLE PersonalInformation (info_id INTEGER GENERATED ALWAYS AS IDENTITY PRIMARY KEY, athlete_id INTEGER, birth_year INTEGER, birth_month INTEGER, birth_day INTEGER);
INSERT INTO Athlete (athlete_id, name) VALUES (1, 'Li Bingjie');
INSERT INTO PersonalInformation (athlete_id, birth_year, birth_month, birth_day) VALUES (1, 2002, 3, 3);
INSERT INTO Tournament (tournament_id, athlete_id, name) VALUES (1, 1, 'Olympic Games');
INSERT INTO Format (format_id, tournament_id, name) VALUES (1, 1, '4x200 m freestyle');
INSERT INTO Medal (medal_id, format_id, type, year, location) VALUES (1, 1, 'MedalGold', 2020, 'SOG');
INSERT INTO Format (format_id, tournament_id, name) VALUES (2, 1, '400 m freestyle');
INSERT INTO Medal (medal_id, format_id, type, year, location) VALUES (2, 2, 'MedalBronze', 2020, 'Tokyo');
INSERT INTO Tournament (tournament_id, athlete_id, name) VALUES (2, 1, 'World Championships (LC)');
INSERT INTO Format (format_id, tournament_id, name) VALUES (3, 2, '4x200 m freestyle');
INSERT INTO Medal (medal_id, format_id, type, year, location) VALUES (3, 3, 'MedalGold', 2024, 'Doha');
INSERT INTO Medal (medal_id, format_id, type, year, location) VALUES (4, 3, 'MedalSilver', 2017, 'Budapest');
INSERT INTO Medal (medal_id, format_id, type, year, location) VALUES (5, 3, 'MedalBronze', 2023, 'Fukuoka');
INSERT INTO Format (format_id, tournament_id, name) VALUES (4, 2, '4x100 m mixed freestyle');
INSERT INTO Medal (medal_id, format_id, type, year, location) VALUES (6, 4, 'MedalGold', 2024, 'Doha');
INSERT INTO Format (format_id, tournament_id, name) VALUES (5, 2, '800 m freestyle');
INSERT INTO Medal (medal_id, format_id, type, year, location) VALUES (7, 5, 'MedalSilver', 2017, 'Budapest');
INSERT INTO Medal (medal_id, format_id, type, year, location) VALUES (8, 5, 'MedalSilver', 2023, 'Fukuoka');
INSERT INTO Format (format_id, tournament_id, name) VALUES (6, 2, '400 m freestyle');
INSERT INTO Medal (medal_id, format_id, type, year, location) VALUES (9, 6, 'MedalSilver', 2024, 'Doha');
INSERT INTO Medal (medal_id, format_id, type, year, location) VALUES (10, 6, 'MedalBronze', 2017, 'Budapest');
INSERT INTO Format (format_id, tournament_id, name) VALUES (7, 2, '1500 m freestyle');
INSERT INTO Medal (medal_id, format_id, type, year, location) VALUES (11, 7, 'MedalSilver', 1500, 'm freestyle');
INSERT INTO Medal (medal_id, format_id, type, year, location) VALUES (12, 7, 'MedalBronze', 1500, 'm freestyle');
INSERT INTO Tournament (tournament_id, athlete_id, name) VALUES (3, 1, 'World Championships (SC)');
INSERT INTO Format (format_id, tournament_id, name) VALUES (8, 3, '4x200 m freestyle');
INSERT INTO Medal (medal_id, format_id, type, year, location) VALUES (13, 8, 'MedalGold', 2018, 'Hangzhou');
INSERT INTO Medal (medal_id, format_id, type, year, location) VALUES (14, 8, 'MedalBronze', 2021, 'Abu Dhabi');
INSERT INTO Format (format_id, tournament_id, name) VALUES (9, 3, '400 m freestyle');
INSERT INTO Medal (medal_id, format_id, type, year, location) VALUES (15, 9, 'MedalGold', 2021, 'Abu Dhabi');
INSERT INTO Medal (medal_id, format_id, type, year, location) VALUES (16, 9, 'MedalBronze', 2018, 'Hangzhou');
INSERT INTO Format (format_id, tournament_id, name) VALUES (10, 3, '800 m freestyle');
INSERT INTO Medal (medal_id, format_id, type, year, location) VALUES (17, 10, 'MedalGold', 2021, 'Abu Dhabi');
INSERT INTO Tournament (tournament_id, athlete_id, name) VALUES (4, 1, 'Asian Games');
INSERT INTO Format (format_id, tournament_id, name) VALUES (11, 4, '200 m freestyle');
INSERT INTO Medal (medal_id, format_id, type, year, location) VALUES (18, 11, 'MedalGold', 2018, 'Jakarta');
INSERT INTO Medal (medal_id, format_id, type, year, location) VALUES (19, 11, 'MedalSilver', 2022, 'Hangzhou');
INSERT INTO Format (format_id, tournament_id, name) VALUES (12, 4, '4x200 m freestyle');
INSERT INTO Medal (medal_id, format_id, type, year, location) VALUES (20, 12, 'MedalGold', 2018, 'Jakarta');
INSERT INTO Medal (medal_id, format_id, type, year, location) VALUES (21, 12, 'MedalGold', 2022, 'Hangzhou');
INSERT INTO Format (format_id, tournament_id, name) VALUES (13, 4, '400 m freestyle');
INSERT INTO Medal (medal_id, format_id, type, year, location) VALUES (22, 13, 'MedalGold', 2022, 'Hangzhou');
INSERT INTO Medal (medal_id, format_id, type, year, location) VALUES (23, 13, 'MedalSilver', 2018, 'Jakarta');
INSERT INTO Format (format_id, tournament_id, name) VALUES (14, 4, '800 m freestyle');
INSERT INTO Medal (medal_id, format_id, type, year, location) VALUES (24, 14, 'MedalGold', 2022, 'Hangzhou');
INSERT INTO Medal (medal_id, format_id, type, year, location) VALUES (25, 14, 'MedalSilver', 2018, 'Jakarta');
INSERT INTO Format (format_id, tournament_id, name) VALUES (15, 4, '1500 m freestyle');
INSERT INTO Medal (medal_id, format_id, type, year, location) VALUES (26, 15, 'MedalGold', 1500, 'm freestyle');
INSERT INTO Medal (medal_id, format_id, type, year, location) VALUES (27, 15, 'MedalSilver', 1500, 'm freestyle');
INSERT INTO Format (format_id, tournament_id, name) VALUES (16, 4, '4x100 m freestyle');
INSERT INTO Medal (medal_id, format_id, type, year, location) VALUES (28, 16, 'MedalGold', 2022, 'Hangzhou');
INSERT INTO Tournament (tournament_id, athlete_id, name) VALUES (5, 1, 'Junior Pan Pacific Championships');
INSERT INTO Format (format_id, tournament_id, name) VALUES (17, 5, '200 m freestyle');
INSERT INTO Medal (medal_id, format_id, type, year, location) VALUES (29, 17, 'MedalGold', 2016, 'Maui');
INSERT INTO Format (format_id, tournament_id, name) VALUES (18, 5, '400 m freestyle');
INSERT INTO Medal (medal_id, format_id, type, year, location) VALUES (30, 18, 'MedalGold', 2016, 'Maui');
INSERT INTO Format (format_id, tournament_id, name) VALUES (19, 5, '800 m freestyle');
INSERT INTO Medal (medal_id, format_id, type, year, location) VALUES (31, 19, 'MedalGold', 2016, 'Maui');
INSERT INTO Tournament (tournament_id, athlete_id, name) VALUES (6, 1, 'World University Games');
INSERT INTO Format (format_id, tournament_id, name) VALUES (20, 6, '400 m freestyle');
INSERT INTO Medal (medal_id, format_id, type, year, location) VALUES (32, 20, 'MedalGold', 2021, 'Chengdu');
INSERT INTO Format (format_id, tournament_id, name) VALUES (21, 6, '800 m freestyle');
INSERT INTO Medal (medal_id, format_id, type, year, location) VALUES (33, 21, 'MedalGold', 2021, 'Chengdu');
INSERT INTO Format (format_id, tournament_id, name) VALUES (22, 6, '1500 m freestyle');
INSERT INTO Medal (medal_id, format_id, type, year, location) VALUES (34, 22, 'MedalGold', 1500, 'm freestyle');
INSERT INTO Format (format_id, tournament_id, name) VALUES (23, 6, '4x100 m freestyle');
INSERT INTO Medal (medal_id, format_id, type, year, location) VALUES (35, 23, 'MedalGold', 2021, 'Chengdu');
INSERT INTO Format (format_id, tournament_id, name) VALUES (24, 6, '4x200 m freestyle');
INSERT INTO Medal (medal_id, format_id, type, year, location) VALUES (36, 24, 'MedalGold', 2021, 'Chengdu');
INSERT INTO Format (format_id, tournament_id, name) VALUES (25, 6, '4x100 m medley');
INSERT INTO Medal (medal_id, format_id, type, year, location) VALUES (37, 25, 'MedalGold', 2021, 'Chengdu');
INSERT INTO Format (format_id, tournament_id, name) VALUES (26, 6, '4x100 m mixed freestyle');
INSERT INTO Medal (medal_id, format_id, type, year, location) VALUES (38, 26, 'MedalGold', 2021, 'Chengdu');
INSERT INTO Format (format_id, tournament_id, name) VALUES (27, 6, '4x100 m mixed medley');
INSERT INTO Medal (medal_id, format_id, type, year, location) VALUES (39, 27, 'MedalGold', 2021, 'Chengdu');
