CREATE TABLE Athlete (athlete_id INTEGER PRIMARY KEY, name TEXT NOT NULL);
CREATE TABLE Tournament (tournament_id INTEGER PRIMARY KEY, athlete_id INTEGER, name TEXT NOT NULL);
CREATE TABLE Format (format_id INTEGER PRIMARY KEY, tournament_id INTEGER, name TEXT NOT NULL);
CREATE TABLE Medal (medal_id INTEGER PRIMARY KEY, format_id INTEGER, type TEXT NOT NULL, year INTEGER, location TEXT NOT NULL);
CREATE TABLE PersonalInformation (info_id INTEGER GENERATED ALWAYS AS IDENTITY PRIMARY KEY, athlete_id INTEGER, birth_year INTEGER, birth_month INTEGER, birth_day INTEGER);
INSERT INTO Athlete (athlete_id, name) VALUES (1, 'Burak Uygur');
INSERT INTO PersonalInformation (athlete_id, birth_year, birth_month, birth_day) VALUES (1, 1995, 4, 14);
INSERT INTO Tournament (tournament_id, athlete_id, name) VALUES (1, 1, 'World Championships');
INSERT INTO Format (format_id, tournament_id, name) VALUES (1, 1, 'Team kumite');
INSERT INTO Medal (medal_id, format_id, type, year, location) VALUES (1, 1, 'MedalSilver', 2018, 'Madrid');
INSERT INTO Tournament (tournament_id, athlete_id, name) VALUES (2, 1, 'European Games');
INSERT INTO Format (format_id, tournament_id, name) VALUES (2, 2, 'Kumite 67 kg');
INSERT INTO Medal (medal_id, format_id, type, year, location) VALUES (2, 2, 'MedalGold', 2015, 'Baku');
INSERT INTO Tournament (tournament_id, athlete_id, name) VALUES (3, 1, 'European Championships');
INSERT INTO Format (format_id, tournament_id, name) VALUES (3, 3, 'Kumite 67 kg');
INSERT INTO Medal (medal_id, format_id, type, year, location) VALUES (3, 3, 'MedalGold', 2017, 'İzmit');
INSERT INTO Medal (medal_id, format_id, type, year, location) VALUES (4, 3, 'MedalGold', 2018, 'Novi Sad');
INSERT INTO Medal (medal_id, format_id, type, year, location) VALUES (5, 3, 'MedalGold', 2022, 'Gaziantep');
INSERT INTO Medal (medal_id, format_id, type, year, location) VALUES (6, 3, 'MedalSilver', 2015, 'Istanbul');
INSERT INTO Medal (medal_id, format_id, type, year, location) VALUES (7, 3, 'MedalBronze', 2023, 'Guadalajara');
INSERT INTO Format (format_id, tournament_id, name) VALUES (4, 3, 'Team kumite');
INSERT INTO Medal (medal_id, format_id, type, year, location) VALUES (8, 4, 'MedalGold', 2018, 'Novi Sad');
INSERT INTO Medal (medal_id, format_id, type, year, location) VALUES (9, 4, 'MedalGold', 2019, 'Guadalajara');
INSERT INTO Tournament (tournament_id, athlete_id, name) VALUES (4, 1, 'Mediterranean Games');
INSERT INTO Format (format_id, tournament_id, name) VALUES (5, 4, 'Kumite 67 kg');
INSERT INTO Medal (medal_id, format_id, type, year, location) VALUES (10, 5, 'MedalSilver', 2018, 'Tarragona');
