CREATE TABLE Athlete (athlete_id INTEGER PRIMARY KEY, name TEXT NOT NULL);
CREATE TABLE Tournament (tournament_id INTEGER PRIMARY KEY, athlete_id INTEGER, name TEXT NOT NULL);
CREATE TABLE Format (format_id INTEGER PRIMARY KEY, tournament_id INTEGER, name TEXT NOT NULL);
CREATE TABLE Medal (medal_id INTEGER PRIMARY KEY, format_id INTEGER, type TEXT NOT NULL, year INTEGER, location TEXT NOT NULL);
CREATE TABLE PersonalInformation (info_id INTEGER GENERATED ALWAYS AS IDENTITY PRIMARY KEY, athlete_id INTEGER, birth_year INTEGER, birth_month INTEGER, birth_day INTEGER);
INSERT INTO Athlete (athlete_id, name) VALUES (1, 'Michele Frangilli');
INSERT INTO PersonalInformation (athlete_id, birth_year, birth_month, birth_day) VALUES (1, 2012, NULL, NULL);
INSERT INTO Tournament (tournament_id, athlete_id, name) VALUES (1, 1, 'Olympic Games');
INSERT INTO Format (format_id, tournament_id, name) VALUES (1, 1, 'Team');
INSERT INTO Medal (medal_id, format_id, type, year, location) VALUES (1, 1, 'MedalGold', 2012, 'London');
INSERT INTO Medal (medal_id, format_id, type, year, location) VALUES (2, 1, 'MedalSilver', 2000, 'Sydney');
INSERT INTO Medal (medal_id, format_id, type, year, location) VALUES (3, 1, 'MedalBronze', 1996, 'Atlanta');
INSERT INTO Tournament (tournament_id, athlete_id, name) VALUES (2, 1, 'World Championships');
INSERT INTO Format (format_id, tournament_id, name) VALUES (2, 2, 'Team');
INSERT INTO Medal (medal_id, format_id, type, year, location) VALUES (4, 2, 'MedalGold', 1999, 'Riom');
INSERT INTO Medal (medal_id, format_id, type, year, location) VALUES (5, 2, 'MedalSilver', 1995, 'Jakarta');
INSERT INTO Medal (medal_id, format_id, type, year, location) VALUES (6, 2, 'MedalSilver', 2001, 'Beijing');
INSERT INTO Medal (medal_id, format_id, type, year, location) VALUES (7, 2, 'MedalSilver', 2015, 'Copenhagen');
INSERT INTO Medal (medal_id, format_id, type, year, location) VALUES (8, 2, 'MedalBronze', 2003, 'New York');
INSERT INTO Medal (medal_id, format_id, type, year, location) VALUES (9, 2, 'MedalBronze', 2011, 'Turin');
INSERT INTO Format (format_id, tournament_id, name) VALUES (3, 2, 'Individual');
INSERT INTO Medal (medal_id, format_id, type, year, location) VALUES (10, 3, 'MedalGold', 2003, 'New York');
INSERT INTO Tournament (tournament_id, athlete_id, name) VALUES (3, 1, 'World Junior Championships');
INSERT INTO Format (format_id, tournament_id, name) VALUES (4, 3, 'Team');
INSERT INTO Medal (medal_id, format_id, type, year, location) VALUES (11, 4, 'MedalGold', 1994, 'Roncegno');
INSERT INTO Medal (medal_id, format_id, type, year, location) VALUES (12, 4, 'MedalSilver', 1993, 'Moliet');
INSERT INTO Tournament (tournament_id, athlete_id, name) VALUES (4, 1, 'World Indoor Championships');
INSERT INTO Format (format_id, tournament_id, name) VALUES (5, 4, 'Individual');
INSERT INTO Medal (medal_id, format_id, type, year, location) VALUES (13, 5, 'MedalGold', 2001, 'Florence');
INSERT INTO Medal (medal_id, format_id, type, year, location) VALUES (14, 5, 'MedalSilver', 2003, 'Nimes');
INSERT INTO Format (format_id, tournament_id, name) VALUES (6, 4, 'Team');
INSERT INTO Medal (medal_id, format_id, type, year, location) VALUES (15, 6, 'MedalGold', 2001, 'Nimes');
INSERT INTO Medal (medal_id, format_id, type, year, location) VALUES (16, 6, 'MedalGold', 2007, 'Izmir');
INSERT INTO Medal (medal_id, format_id, type, year, location) VALUES (17, 6, 'MedalSilver', 2007, 'Rzeszów');
INSERT INTO Medal (medal_id, format_id, type, year, location) VALUES (18, 6, 'MedalBronze', 1997, 'Cuba');
INSERT INTO Medal (medal_id, format_id, type, year, location) VALUES (19, 6, 'MedalBronze', 2001, 'Florence');
INSERT INTO Tournament (tournament_id, athlete_id, name) VALUES (5, 1, 'World Field Championships');
INSERT INTO Format (format_id, tournament_id, name) VALUES (7, 5, 'Individual');
INSERT INTO Medal (medal_id, format_id, type, year, location) VALUES (20, 7, 'MedalGold', 2000, 'Cortina');
INSERT INTO Medal (medal_id, format_id, type, year, location) VALUES (21, 7, 'MedalGold', 2002, 'Canberra');
INSERT INTO Medal (medal_id, format_id, type, year, location) VALUES (22, 7, 'MedalGold', 2006, 'Goteborg');
INSERT INTO Format (format_id, tournament_id, name) VALUES (8, 5, 'Team');
INSERT INTO Medal (medal_id, format_id, type, year, location) VALUES (23, 8, 'MedalGold', 2008, 'Llwynypia');
INSERT INTO Medal (medal_id, format_id, type, year, location) VALUES (24, 8, 'MedalBronze', 2002, 'Canberra');
INSERT INTO Medal (medal_id, format_id, type, year, location) VALUES (25, 8, 'MedalBronze', 2006, 'Goteborg');
INSERT INTO Medal (medal_id, format_id, type, year, location) VALUES (26, 8, 'MedalBronze', 2010, 'Visegard');
INSERT INTO Tournament (tournament_id, athlete_id, name) VALUES (6, 1, 'European Championships');
INSERT INTO Format (format_id, tournament_id, name) VALUES (9, 6, 'Team');
INSERT INTO Medal (medal_id, format_id, type, year, location) VALUES (27, 9, 'MedalGold', 1998, 'Boe');
INSERT INTO Medal (medal_id, format_id, type, year, location) VALUES (28, 9, 'MedalSilver', 1996, 'Kranska Gora');
INSERT INTO Medal (medal_id, format_id, type, year, location) VALUES (29, 9, 'MedalBronze', 2002, 'Oulu');
INSERT INTO Medal (medal_id, format_id, type, year, location) VALUES (30, 9, 'MedalBronze', 2006, 'Athens');
INSERT INTO Format (format_id, tournament_id, name) VALUES (10, 6, 'Individual');
INSERT INTO Medal (medal_id, format_id, type, year, location) VALUES (31, 10, 'MedalGold', 2002, 'Oulu');
INSERT INTO Tournament (tournament_id, athlete_id, name) VALUES (7, 1, 'Mediterranean Games');
INSERT INTO Format (format_id, tournament_id, name) VALUES (11, 7, 'Individual');
INSERT INTO Medal (medal_id, format_id, type, year, location) VALUES (32, 11, 'MedalSilver', 2013, 'Mersin');
INSERT INTO Format (format_id, tournament_id, name) VALUES (12, 7, 'Team');
INSERT INTO Medal (medal_id, format_id, type, year, location) VALUES (33, 12, 'MedalBronze', 2013, 'Mersin');
