CREATE TABLE Athlete (athlete_id INTEGER PRIMARY KEY, name TEXT NOT NULL);
CREATE TABLE Tournament (tournament_id INTEGER PRIMARY KEY, athlete_id INTEGER, name TEXT NOT NULL);
CREATE TABLE Format (format_id INTEGER PRIMARY KEY, tournament_id INTEGER, name TEXT NOT NULL);
CREATE TABLE Medal (medal_id INTEGER PRIMARY KEY, format_id INTEGER, type TEXT NOT NULL, year INTEGER, location TEXT NOT NULL);
CREATE TABLE PersonalInformation (info_id INTEGER GENERATED ALWAYS AS IDENTITY PRIMARY KEY, athlete_id INTEGER, birth_year INTEGER, birth_month INTEGER, birth_day INTEGER);
INSERT INTO Athlete (athlete_id, name) VALUES (1, 'Katie Ledecky');
INSERT INTO PersonalInformation (athlete_id, birth_year, birth_month, birth_day) VALUES (1, 1997, 3, 17);
INSERT INTO Tournament (tournament_id, athlete_id, name) VALUES (1, 1, 'Olympic Games');
INSERT INTO Format (format_id, tournament_id, name) VALUES (1, 1, '800 m freestyle');
INSERT INTO Medal (medal_id, format_id, type, year, location) VALUES (1, 1, 'MedalGold', 2012, 'London');
INSERT INTO Medal (medal_id, format_id, type, year, location) VALUES (2, 1, 'MedalGold', 2016, 'Rio de Janeiro');
INSERT INTO Medal (medal_id, format_id, type, year, location) VALUES (3, 1, 'MedalGold', 2020, 'Tokyo');
INSERT INTO Format (format_id, tournament_id, name) VALUES (2, 1, '200 m freestyle');
INSERT INTO Medal (medal_id, format_id, type, year, location) VALUES (4, 2, 'MedalGold', 2016, 'Rio de Janeiro');
INSERT INTO Format (format_id, tournament_id, name) VALUES (3, 1, '400 m freestyle');
INSERT INTO Medal (medal_id, format_id, type, year, location) VALUES (5, 3, 'MedalGold', 2016, 'Rio de Janeiro');
INSERT INTO Medal (medal_id, format_id, type, year, location) VALUES (6, 3, 'MedalSilver', 2020, 'Tokyo');
INSERT INTO Format (format_id, tournament_id, name) VALUES (4, 1, '4x200 m freestyle');
INSERT INTO Medal (medal_id, format_id, type, year, location) VALUES (7, 4, 'MedalGold', 2016, 'Rio de Janeiro');
INSERT INTO Medal (medal_id, format_id, type, year, location) VALUES (8, 4, 'MedalSilver', 2020, 'Tokyo');
INSERT INTO Format (format_id, tournament_id, name) VALUES (5, 1, '1500 m freestyle');
INSERT INTO Medal (medal_id, format_id, type, year, location) VALUES (9, 5, 'MedalGold', 1500, 'm freestyle');
INSERT INTO Format (format_id, tournament_id, name) VALUES (6, 1, '4x100 m freestyle');
INSERT INTO Medal (medal_id, format_id, type, year, location) VALUES (10, 6, 'MedalSilver', 2016, 'Rio de Janeiro');
INSERT INTO Tournament (tournament_id, athlete_id, name) VALUES (2, 1, 'World Championships (LC)');
INSERT INTO Format (format_id, tournament_id, name) VALUES (7, 2, '400 m freestyle');
INSERT INTO Medal (medal_id, format_id, type, year, location) VALUES (11, 7, 'MedalGold', 2013, 'Barcelona');
INSERT INTO Medal (medal_id, format_id, type, year, location) VALUES (12, 7, 'MedalGold', 2015, 'Kazan');
INSERT INTO Medal (medal_id, format_id, type, year, location) VALUES (13, 7, 'MedalGold', 2017, 'Budapest');
INSERT INTO Medal (medal_id, format_id, type, year, location) VALUES (14, 7, 'MedalGold', 2022, 'Budapest');
INSERT INTO Medal (medal_id, format_id, type, year, location) VALUES (15, 7, 'MedalSilver', 2019, 'Gwangju');
INSERT INTO Medal (medal_id, format_id, type, year, location) VALUES (16, 7, 'MedalSilver', 2023, 'Fukuoka');
INSERT INTO Format (format_id, tournament_id, name) VALUES (8, 2, '800 m freestyle');
INSERT INTO Medal (medal_id, format_id, type, year, location) VALUES (17, 8, 'MedalGold', 2013, 'Barcelona');
INSERT INTO Medal (medal_id, format_id, type, year, location) VALUES (18, 8, 'MedalGold', 2015, 'Kazan');
INSERT INTO Medal (medal_id, format_id, type, year, location) VALUES (19, 8, 'MedalGold', 2017, 'Budapest');
INSERT INTO Medal (medal_id, format_id, type, year, location) VALUES (20, 8, 'MedalGold', 2019, 'Gwangju');
INSERT INTO Medal (medal_id, format_id, type, year, location) VALUES (21, 8, 'MedalGold', 2022, 'Budapest');
INSERT INTO Medal (medal_id, format_id, type, year, location) VALUES (22, 8, 'MedalGold', 2023, 'Fukuoka');
INSERT INTO Format (format_id, tournament_id, name) VALUES (9, 2, '1500 m freestyle');
INSERT INTO Medal (medal_id, format_id, type, year, location) VALUES (23, 9, 'MedalGold', 1500, 'm freestyle');
INSERT INTO Format (format_id, tournament_id, name) VALUES (10, 2, '4x200 m freestyle');
INSERT INTO Medal (medal_id, format_id, type, year, location) VALUES (24, 10, 'MedalGold', 2013, 'Barcelona');
INSERT INTO Medal (medal_id, format_id, type, year, location) VALUES (25, 10, 'MedalGold', 2015, 'Kazan');
INSERT INTO Medal (medal_id, format_id, type, year, location) VALUES (26, 10, 'MedalGold', 2017, 'Budapest');
INSERT INTO Medal (medal_id, format_id, type, year, location) VALUES (27, 10, 'MedalGold', 2022, 'Budapest');
INSERT INTO Medal (medal_id, format_id, type, year, location) VALUES (28, 10, 'MedalSilver', 2019, 'Gwangju');
INSERT INTO Medal (medal_id, format_id, type, year, location) VALUES (29, 10, 'MedalSilver', 2023, 'Fukuoka');
INSERT INTO Format (format_id, tournament_id, name) VALUES (11, 2, '200 m freestyle');
INSERT INTO Medal (medal_id, format_id, type, year, location) VALUES (30, 11, 'MedalGold', 2015, 'Kazan');
INSERT INTO Medal (medal_id, format_id, type, year, location) VALUES (31, 11, 'MedalSilver', 2017, 'Budapest');
INSERT INTO Format (format_id, tournament_id, name) VALUES (12, 2, '4x100 m freestyle');
INSERT INTO Medal (medal_id, format_id, type, year, location) VALUES (32, 12, 'MedalGold', 2017, 'Budapest');
INSERT INTO Tournament (tournament_id, athlete_id, name) VALUES (3, 1, 'Pan Pacific Championships (LC)');
INSERT INTO Format (format_id, tournament_id, name) VALUES (13, 3, '200 m freestyle');
INSERT INTO Medal (medal_id, format_id, type, year, location) VALUES (33, 13, 'MedalGold', 2014, 'Gold Coast');
INSERT INTO Medal (medal_id, format_id, type, year, location) VALUES (34, 13, 'MedalBronze', 2018, 'Tokyo');
INSERT INTO Format (format_id, tournament_id, name) VALUES (14, 3, '400 m freestyle');
INSERT INTO Medal (medal_id, format_id, type, year, location) VALUES (35, 14, 'MedalGold', 2014, 'Gold Coast');
INSERT INTO Medal (medal_id, format_id, type, year, location) VALUES (36, 14, 'MedalGold', 2018, 'Tokyo');
INSERT INTO Format (format_id, tournament_id, name) VALUES (15, 3, '800 m freestyle');
INSERT INTO Medal (medal_id, format_id, type, year, location) VALUES (37, 15, 'MedalGold', 2014, 'Gold Coast');
INSERT INTO Medal (medal_id, format_id, type, year, location) VALUES (38, 15, 'MedalGold', 2018, 'Tokyo');
INSERT INTO Format (format_id, tournament_id, name) VALUES (16, 3, '1500 m freestyle');
INSERT INTO Medal (medal_id, format_id, type, year, location) VALUES (39, 16, 'MedalGold', 1500, 'm freestyle');
INSERT INTO Format (format_id, tournament_id, name) VALUES (17, 3, '4x200 m freestyle');
INSERT INTO Medal (medal_id, format_id, type, year, location) VALUES (40, 17, 'MedalGold', 2014, 'Gold Coast');
INSERT INTO Medal (medal_id, format_id, type, year, location) VALUES (41, 17, 'MedalSilver', 2018, 'Tokyo');
