CREATE TABLE Athlete (athlete_id INTEGER PRIMARY KEY, name TEXT NOT NULL);
CREATE TABLE Tournament (tournament_id INTEGER PRIMARY KEY, athlete_id INTEGER, name TEXT NOT NULL);
CREATE TABLE Format (format_id INTEGER PRIMARY KEY, tournament_id INTEGER, name TEXT NOT NULL);
CREATE TABLE Medal (medal_id INTEGER PRIMARY KEY, format_id INTEGER, type TEXT NOT NULL, year INTEGER, location TEXT NOT NULL);
CREATE TABLE PersonalInformation (info_id INTEGER GENERATED ALWAYS AS IDENTITY PRIMARY KEY, athlete_id INTEGER, birth_year INTEGER, birth_month INTEGER, birth_day INTEGER);
INSERT INTO Athlete (athlete_id, name) VALUES (1, 'Carl Hester');
INSERT INTO PersonalInformation (athlete_id, birth_year, birth_month, birth_day) VALUES (1, 1966, 6, 29);
INSERT INTO Tournament (tournament_id, athlete_id, name) VALUES (1, 1, 'World Cup');
INSERT INTO Format (format_id, tournament_id, name) VALUES (1, 1, 'Team dressage');
INSERT INTO Medal (medal_id, format_id, type, year, location) VALUES (1, 1, 'MedalBronze', 2019, 'London');
INSERT INTO Format (format_id, tournament_id, name) VALUES (2, 1, 'Individual dressage');
INSERT INTO Medal (medal_id, format_id, type, year, location) VALUES (2, 2, 'MedalSilver', 2017, 'Hagen');
INSERT INTO Format (format_id, tournament_id, name) VALUES (3, 1, 'Special dressage');
INSERT INTO Medal (medal_id, format_id, type, year, location) VALUES (3, 3, 'MedalGold', 2012, 'Omaha');
INSERT INTO Format (format_id, tournament_id, name) VALUES (4, 1, 'Team');
INSERT INTO Medal (medal_id, format_id, type, year, location) VALUES (4, 4, 'MedalSilver', 2016, 'Herning');
INSERT INTO Medal (medal_id, format_id, type, year, location) VALUES (5, 4, 'MedalSilver', 2014, 'Herning');
INSERT INTO Medal (medal_id, format_id, type, year, location) VALUES (6, 4, 'MedalGold', 2022, 'Riesenbeck');
INSERT INTO Tournament (tournament_id, athlete_id, name) VALUES (2, 1, 'European Championships');
INSERT INTO Format (format_id, tournament_id, name) VALUES (5, 2, 'Freestyle dressage');
INSERT INTO Medal (medal_id, format_id, type, year, location) VALUES (7, 5, 'MedalBronze', 2012, 'Rio de Janeiro');
INSERT INTO Medal (medal_id, format_id, type, year, location) VALUES (8, 5, 'MedalGold', 2022, 'Normandy');
INSERT INTO Format (format_id, tournament_id, name) VALUES (6, 2, 'Team dressage');
INSERT INTO Medal (medal_id, format_id, type, year, location) VALUES (9, 6, 'MedalGold', 2013, 'Tokyo');
INSERT INTO Medal (medal_id, format_id, type, year, location) VALUES (10, 6, 'MedalSilver', 2018, 'Herning');
INSERT INTO Medal (medal_id, format_id, type, year, location) VALUES (11, 6, 'MedalBronze', 2014, 'Aachen');
INSERT INTO Medal (medal_id, format_id, type, year, location) VALUES (12, 6, 'MedalBronze', 2016, 'Rotterdam');
INSERT INTO Format (format_id, tournament_id, name) VALUES (7, 2, 'Individual dressage');
INSERT INTO Medal (medal_id, format_id, type, year, location) VALUES (13, 7, 'MedalSilver', 2012, 'Hagen');
INSERT INTO Medal (medal_id, format_id, type, year, location) VALUES (14, 7, 'MedalBronze', 2014, 'Windsor');
INSERT INTO Medal (medal_id, format_id, type, year, location) VALUES (15, 7, 'MedalBronze', 2016, 'Omaha');
INSERT INTO Medal (medal_id, format_id, type, year, location) VALUES (16, 7, 'MedalGold', 2012, 'Herning');
INSERT INTO Format (format_id, tournament_id, name) VALUES (8, 2, 'Special dressage');
INSERT INTO Medal (medal_id, format_id, type, year, location) VALUES (17, 8, 'MedalGold', 2009, 'Windsor');
INSERT INTO Medal (medal_id, format_id, type, year, location) VALUES (18, 8, 'MedalBronze', 2017, 'Normandy');
INSERT INTO Medal (medal_id, format_id, type, year, location) VALUES (19, 8, 'MedalGold', 2008, 'Rio de Janeiro');
INSERT INTO Medal (medal_id, format_id, type, year, location) VALUES (20, 8, 'MedalSilver', 2010, 'Normandy');
INSERT INTO Format (format_id, tournament_id, name) VALUES (9, 2, 'Team');
INSERT INTO Medal (medal_id, format_id, type, year, location) VALUES (21, 9, 'MedalSilver', 2013, 'Riesenbeck');
INSERT INTO Medal (medal_id, format_id, type, year, location) VALUES (22, 9, 'MedalSilver', 2016, 'London');
INSERT INTO Medal (medal_id, format_id, type, year, location) VALUES (23, 9, 'MedalSilver', 2019, 'Hagen');
INSERT INTO Medal (medal_id, format_id, type, year, location) VALUES (24, 9, 'MedalBronze', 2019, 'Omaha');
INSERT INTO Tournament (tournament_id, athlete_id, name) VALUES (3, 1, 'Olympic Games');
INSERT INTO Format (format_id, tournament_id, name) VALUES (10, 3, 'Team dressage');
INSERT INTO Medal (medal_id, format_id, type, year, location) VALUES (25, 10, 'MedalSilver', 2018, 'Tryon');
INSERT INTO Medal (medal_id, format_id, type, year, location) VALUES (26, 10, 'MedalBronze', 2020, 'Hagen');
INSERT INTO Medal (medal_id, format_id, type, year, location) VALUES (27, 10, 'MedalGold', 2005, 'Riesenbeck');
INSERT INTO Format (format_id, tournament_id, name) VALUES (11, 3, 'Freestyle dressage');
INSERT INTO Medal (medal_id, format_id, type, year, location) VALUES (28, 11, 'MedalGold', 2008, 'Hagen');
INSERT INTO Format (format_id, tournament_id, name) VALUES (12, 3, 'Team');
INSERT INTO Medal (medal_id, format_id, type, year, location) VALUES (29, 12, 'MedalBronze', 2018, 'Windsor');
INSERT INTO Medal (medal_id, format_id, type, year, location) VALUES (30, 12, 'MedalSilver', 2017, 'Tryon');
INSERT INTO Medal (medal_id, format_id, type, year, location) VALUES (31, 12, 'MedalGold', 2018, 'Rio de Janeiro');
INSERT INTO Medal (medal_id, format_id, type, year, location) VALUES (32, 12, 'MedalBronze', 2020, 'Normandy');
INSERT INTO Format (format_id, tournament_id, name) VALUES (13, 3, 'Individual dressage');
INSERT INTO Medal (medal_id, format_id, type, year, location) VALUES (33, 13, 'MedalBronze', 2020, 'London');
INSERT INTO Medal (medal_id, format_id, type, year, location) VALUES (34, 13, 'MedalGold', 2012, 'Hagen');
INSERT INTO Medal (medal_id, format_id, type, year, location) VALUES (35, 13, 'MedalBronze', 2022, 'Windsor');
INSERT INTO Medal (medal_id, format_id, type, year, location) VALUES (36, 13, 'MedalBronze', 2011, 'Tokyo');
INSERT INTO Tournament (tournament_id, athlete_id, name) VALUES (4, 1, 'World Championships');
INSERT INTO Format (format_id, tournament_id, name) VALUES (14, 4, 'Team');
INSERT INTO Medal (medal_id, format_id, type, year, location) VALUES (37, 14, 'MedalGold', 2008, 'Rotterdam');
INSERT INTO Medal (medal_id, format_id, type, year, location) VALUES (38, 14, 'MedalBronze', 2014, 'Hagen');
INSERT INTO Format (format_id, tournament_id, name) VALUES (15, 4, 'Special dressage');
INSERT INTO Medal (medal_id, format_id, type, year, location) VALUES (39, 15, 'MedalSilver', 2018, 'Tokyo');
INSERT INTO Medal (medal_id, format_id, type, year, location) VALUES (40, 15, 'MedalSilver', 2016, 'London');
INSERT INTO Medal (medal_id, format_id, type, year, location) VALUES (41, 15, 'MedalSilver', 2011, 'Tokyo');
INSERT INTO Medal (medal_id, format_id, type, year, location) VALUES (42, 15, 'MedalSilver', 2008, 'Omaha');
INSERT INTO Format (format_id, tournament_id, name) VALUES (16, 4, 'Team dressage');
INSERT INTO Medal (medal_id, format_id, type, year, location) VALUES (43, 16, 'MedalGold', 2022, 'Hagen');
INSERT INTO Medal (medal_id, format_id, type, year, location) VALUES (44, 16, 'MedalGold', 2020, 'Aachen');
INSERT INTO Medal (medal_id, format_id, type, year, location) VALUES (45, 16, 'MedalGold', 2014, 'Riesenbeck');
INSERT INTO Medal (medal_id, format_id, type, year, location) VALUES (46, 16, 'MedalGold', 2022, 'Tokyo');
INSERT INTO Format (format_id, tournament_id, name) VALUES (17, 4, 'Freestyle dressage');
INSERT INTO Medal (medal_id, format_id, type, year, location) VALUES (47, 17, 'MedalSilver', 2013, 'Rotterdam');
INSERT INTO Medal (medal_id, format_id, type, year, location) VALUES (48, 17, 'MedalGold', 2018, 'Rotterdam');
INSERT INTO Medal (medal_id, format_id, type, year, location) VALUES (49, 17, 'MedalSilver', 2009, 'Rotterdam');
INSERT INTO Format (format_id, tournament_id, name) VALUES (18, 4, 'Individual dressage');
INSERT INTO Medal (medal_id, format_id, type, year, location) VALUES (50, 18, 'MedalBronze', 2010, 'Rio de Janeiro');
INSERT INTO Medal (medal_id, format_id, type, year, location) VALUES (51, 18, 'MedalBronze', 2009, 'Omaha');
