CREATE TABLE Athlete (athlete_id INTEGER PRIMARY KEY, name TEXT NOT NULL);
CREATE TABLE Tournament (tournament_id INTEGER PRIMARY KEY, athlete_id INTEGER, name TEXT NOT NULL);
CREATE TABLE Format (format_id INTEGER PRIMARY KEY, tournament_id INTEGER, name TEXT NOT NULL);
CREATE TABLE Medal (medal_id INTEGER PRIMARY KEY, format_id INTEGER, type TEXT NOT NULL, year INTEGER, location TEXT NOT NULL);
CREATE TABLE PersonalInformation (info_id INTEGER GENERATED ALWAYS AS IDENTITY PRIMARY KEY, athlete_id INTEGER, birth_year INTEGER, birth_month INTEGER, birth_day INTEGER);
INSERT INTO Athlete (athlete_id, name) VALUES (1, 'Ramy Ashour');
INSERT INTO PersonalInformation (athlete_id, birth_year, birth_month, birth_day) VALUES (1, 1987, 9, 30);
INSERT INTO Tournament (tournament_id, athlete_id, name) VALUES (1, 1, 'World Championships');
INSERT INTO Format (format_id, tournament_id, name) VALUES (1, 1, 'Singles');
INSERT INTO Medal (medal_id, format_id, type, year, location) VALUES (1, 1, 'MedalGold', 2008, 'Manchester');
INSERT INTO Medal (medal_id, format_id, type, year, location) VALUES (2, 1, 'MedalSilver', 2009, 'Kuwait');
INSERT INTO Medal (medal_id, format_id, type, year, location) VALUES (3, 1, 'MedalGold', 2012, 'Doha');
INSERT INTO Medal (medal_id, format_id, type, year, location) VALUES (4, 1, 'MedalBronze', 2013, 'Manchester');
INSERT INTO Medal (medal_id, format_id, type, year, location) VALUES (5, 1, 'MedalGold', 2014, 'Doha');
INSERT INTO Medal (medal_id, format_id, type, year, location) VALUES (6, 1, 'MedalSilver', 2016, 'Cairo');
INSERT INTO Tournament (tournament_id, athlete_id, name) VALUES (2, 1, 'World Team Championships');
INSERT INTO Format (format_id, tournament_id, name) VALUES (2, 2, 'Team');
INSERT INTO Medal (medal_id, format_id, type, year, location) VALUES (7, 2, 'MedalGold', 2009, 'Odense');
INSERT INTO Medal (medal_id, format_id, type, year, location) VALUES (8, 2, 'MedalGold', 2011, 'Paderborn');
INSERT INTO Medal (medal_id, format_id, type, year, location) VALUES (9, 2, 'MedalSilver', 2013, 'Mulhouse');
INSERT INTO Medal (medal_id, format_id, type, year, location) VALUES (10, 2, 'MedalGold', 2017, 'Marseille');
