CREATE TABLE Athlete (athlete_id INTEGER PRIMARY KEY, name TEXT NOT NULL);
CREATE TABLE Tournament (tournament_id INTEGER PRIMARY KEY, athlete_id INTEGER, name TEXT NOT NULL);
CREATE TABLE Format (format_id INTEGER PRIMARY KEY, tournament_id INTEGER, name TEXT NOT NULL);
CREATE TABLE Medal (medal_id INTEGER PRIMARY KEY, format_id INTEGER, type TEXT NOT NULL, year INTEGER, location TEXT NOT NULL);
CREATE TABLE PersonalInformation (info_id INTEGER GENERATED ALWAYS AS IDENTITY PRIMARY KEY, athlete_id INTEGER, birth_year INTEGER, birth_month INTEGER, birth_day INTEGER);
INSERT INTO Athlete (athlete_id, name) VALUES (1, 'Valéria Kumizaki');
INSERT INTO PersonalInformation (athlete_id, birth_year, birth_month, birth_day) VALUES (1, 1985, 4, 15);
INSERT INTO Tournament (tournament_id, athlete_id, name) VALUES (1, 1, 'World Championships');
INSERT INTO Format (format_id, tournament_id, name) VALUES (1, 1, 'Kumite');
INSERT INTO Medal (medal_id, format_id, type, year, location) VALUES (1, 1, 'MedalSilver', 2016, 'Linz');
INSERT INTO Tournament (tournament_id, athlete_id, name) VALUES (2, 1, 'Pan American Games');
INSERT INTO Format (format_id, tournament_id, name) VALUES (2, 2, 'Kumite');
INSERT INTO Medal (medal_id, format_id, type, year, location) VALUES (2, 2, 'MedalGold', 2015, 'Toronto');
INSERT INTO Medal (medal_id, format_id, type, year, location) VALUES (3, 2, 'MedalGold', 2019, 'Lima');
INSERT INTO Medal (medal_id, format_id, type, year, location) VALUES (4, 2, 'MedalSilver', 2007, 'Rio de Janeiro');
INSERT INTO Medal (medal_id, format_id, type, year, location) VALUES (5, 2, 'MedalBronze', 2011, 'Guadalajara');
INSERT INTO Tournament (tournament_id, athlete_id, name) VALUES (3, 1, 'World Games');
INSERT INTO Format (format_id, tournament_id, name) VALUES (3, 3, 'Kumite');
INSERT INTO Medal (medal_id, format_id, type, year, location) VALUES (6, 3, 'MedalGold', 2017, 'Wrocław');
INSERT INTO Tournament (tournament_id, athlete_id, name) VALUES (4, 1, 'South American Games');
INSERT INTO Format (format_id, tournament_id, name) VALUES (4, 4, 'Kumite');
INSERT INTO Medal (medal_id, format_id, type, year, location) VALUES (7, 4, 'MedalGold', 2018, 'Cochabamba');
INSERT INTO Medal (medal_id, format_id, type, year, location) VALUES (8, 4, 'MedalSilver', 2010, 'Medellín');
INSERT INTO Medal (medal_id, format_id, type, year, location) VALUES (9, 4, 'MedalBronze', 2014, 'Santiago');
INSERT INTO Medal (medal_id, format_id, type, year, location) VALUES (10, 4, 'MedalBronze', 2022, 'Asunción');
INSERT INTO Format (format_id, tournament_id, name) VALUES (5, 4, 'Team kumite');
INSERT INTO Medal (medal_id, format_id, type, year, location) VALUES (11, 5, 'MedalBronze', 2010, 'Medellín');
