CREATE TABLE Athlete (athlete_id INTEGER PRIMARY KEY, name TEXT NOT NULL);
CREATE TABLE Tournament (tournament_id INTEGER PRIMARY KEY, athlete_id INTEGER, name TEXT NOT NULL);
CREATE TABLE Format (format_id INTEGER PRIMARY KEY, tournament_id INTEGER, name TEXT NOT NULL);
CREATE TABLE Medal (medal_id INTEGER PRIMARY KEY, format_id INTEGER, type TEXT NOT NULL, year INTEGER, location TEXT NOT NULL);
CREATE TABLE PersonalInformation (info_id INTEGER GENERATED ALWAYS AS IDENTITY PRIMARY KEY, athlete_id INTEGER, birth_year INTEGER, birth_month INTEGER, birth_day INTEGER);
INSERT INTO Athlete (athlete_id, name) VALUES (1, 'Vladimir Samsonov');
INSERT INTO PersonalInformation (athlete_id, birth_year, birth_month, birth_day) VALUES (1, 1976, 4, 17);
INSERT INTO Tournament (tournament_id, athlete_id, name) VALUES (1, 1, 'World Championships');
INSERT INTO Format (format_id, tournament_id, name) VALUES (1, 1, 'Doubles');
INSERT INTO Medal (medal_id, format_id, type, year, location) VALUES (1, 1, 'MedalSilver', 1995, 'Tianjin');
INSERT INTO Medal (medal_id, format_id, type, year, location) VALUES (2, 1, 'MedalBronze', 1999, 'Eindhoven');
INSERT INTO Format (format_id, tournament_id, name) VALUES (2, 1, 'Singles');
INSERT INTO Medal (medal_id, format_id, type, year, location) VALUES (3, 2, 'MedalSilver', 1997, 'Manchester');
INSERT INTO Tournament (tournament_id, athlete_id, name) VALUES (2, 1, 'World Cup');
INSERT INTO Format (format_id, tournament_id, name) VALUES (3, 2, 'Singles');
INSERT INTO Medal (medal_id, format_id, type, year, location) VALUES (4, 3, 'MedalGold', 1999, 'Xiaolan');
INSERT INTO Medal (medal_id, format_id, type, year, location) VALUES (5, 3, 'MedalGold', 2001, 'Courmayeur');
INSERT INTO Medal (medal_id, format_id, type, year, location) VALUES (6, 3, 'MedalGold', 2009, 'Moscow');
INSERT INTO Medal (medal_id, format_id, type, year, location) VALUES (7, 3, 'MedalSilver', 2013, 'Verviers');
INSERT INTO Medal (medal_id, format_id, type, year, location) VALUES (8, 3, 'MedalBronze', 1996, 'Nimes');
INSERT INTO Medal (medal_id, format_id, type, year, location) VALUES (9, 3, 'MedalBronze', 1997, 'Nimes');
INSERT INTO Medal (medal_id, format_id, type, year, location) VALUES (10, 3, 'MedalBronze', 2012, 'Liverpool');
INSERT INTO Tournament (tournament_id, athlete_id, name) VALUES (3, 1, 'European Championships');
INSERT INTO Format (format_id, tournament_id, name) VALUES (4, 3, 'Mixed doubles');
INSERT INTO Medal (medal_id, format_id, type, year, location) VALUES (11, 4, 'MedalGold', 1996, 'Bratislava');
INSERT INTO Format (format_id, tournament_id, name) VALUES (5, 3, 'Singles');
INSERT INTO Medal (medal_id, format_id, type, year, location) VALUES (12, 5, 'MedalGold', 1998, 'Eindhoven');
INSERT INTO Medal (medal_id, format_id, type, year, location) VALUES (13, 5, 'MedalGold', 2003, 'Courmayeur');
INSERT INTO Medal (medal_id, format_id, type, year, location) VALUES (14, 5, 'MedalGold', 2005, 'Aarhus');
INSERT INTO Medal (medal_id, format_id, type, year, location) VALUES (15, 5, 'MedalSilver', 2007, 'Belgrade');
INSERT INTO Medal (medal_id, format_id, type, year, location) VALUES (16, 5, 'MedalSilver', 2008, 'Saint');
INSERT INTO Medal (medal_id, format_id, type, year, location) VALUES (17, 5, 'MedalSilver', 2013, 'Schwechat');
INSERT INTO Format (format_id, tournament_id, name) VALUES (6, 3, 'Doubles');
INSERT INTO Medal (medal_id, format_id, type, year, location) VALUES (18, 6, 'MedalGold', 1998, 'Eindhoven');
INSERT INTO Medal (medal_id, format_id, type, year, location) VALUES (19, 6, 'MedalSilver', 2005, 'Aarhus');
INSERT INTO Medal (medal_id, format_id, type, year, location) VALUES (20, 6, 'MedalBronze', 1994, 'Birmingham');
INSERT INTO Medal (medal_id, format_id, type, year, location) VALUES (21, 6, 'MedalBronze', 2012, 'Herning');
INSERT INTO Format (format_id, tournament_id, name) VALUES (7, 3, 'Team');
INSERT INTO Medal (medal_id, format_id, type, year, location) VALUES (22, 7, 'MedalGold', 2003, 'Courmayeur');
INSERT INTO Medal (medal_id, format_id, type, year, location) VALUES (23, 7, 'MedalSilver', 2008, 'Saint');
INSERT INTO Medal (medal_id, format_id, type, year, location) VALUES (24, 7, 'MedalSilver', 2010, 'Ostrava');
INSERT INTO Medal (medal_id, format_id, type, year, location) VALUES (25, 7, 'MedalBronze', 2013, 'Schwechat');
INSERT INTO Medal (medal_id, format_id, type, year, location) VALUES (26, 7, 'MedalBronze', 2015, 'Ekaterinburg');
INSERT INTO Tournament (tournament_id, athlete_id, name) VALUES (4, 1, 'European Games');
INSERT INTO Format (format_id, tournament_id, name) VALUES (8, 4, 'Singles');
INSERT INTO Medal (medal_id, format_id, type, year, location) VALUES (27, 8, 'MedalSilver', 2015, 'Baku');
