CREATE TABLE Athlete (athlete_id INTEGER PRIMARY KEY, name TEXT NOT NULL);
CREATE TABLE Tournament (tournament_id INTEGER PRIMARY KEY, athlete_id INTEGER, name TEXT NOT NULL);
CREATE TABLE Format (format_id INTEGER PRIMARY KEY, tournament_id INTEGER, name TEXT NOT NULL);
CREATE TABLE Medal (medal_id INTEGER PRIMARY KEY, format_id INTEGER, type TEXT NOT NULL, year INTEGER, location TEXT NOT NULL);
CREATE TABLE PersonalInformation (info_id INTEGER GENERATED ALWAYS AS IDENTITY PRIMARY KEY, athlete_id INTEGER, birth_year INTEGER, birth_month INTEGER, birth_day INTEGER);
INSERT INTO Athlete (athlete_id, name) VALUES (1, 'Ysaora Thibus');
INSERT INTO PersonalInformation (athlete_id, birth_year, birth_month, birth_day) VALUES (1, 1991, 8, 22);
INSERT INTO Tournament (tournament_id, athlete_id, name) VALUES (1, 1, 'Olympic Games');
INSERT INTO Format (format_id, tournament_id, name) VALUES (1, 1, 'Team');
INSERT INTO Medal (medal_id, format_id, type, year, location) VALUES (1, 1, 'MedalSilver', 2020, 'Tokyo');
INSERT INTO Tournament (tournament_id, athlete_id, name) VALUES (2, 1, 'World Championships');
INSERT INTO Format (format_id, tournament_id, name) VALUES (2, 2, 'Individual');
INSERT INTO Medal (medal_id, format_id, type, year, location) VALUES (2, 2, 'MedalGold', 2022, 'Cairo');
INSERT INTO Medal (medal_id, format_id, type, year, location) VALUES (3, 2, 'MedalSilver', 2018, 'Wuxi');
INSERT INTO Medal (medal_id, format_id, type, year, location) VALUES (4, 2, 'MedalBronze', 2017, 'Leipzig');
INSERT INTO Format (format_id, tournament_id, name) VALUES (3, 2, 'Team');
INSERT INTO Medal (medal_id, format_id, type, year, location) VALUES (5, 3, 'MedalSilver', 2013, 'Budapest');
INSERT INTO Medal (medal_id, format_id, type, year, location) VALUES (6, 3, 'MedalSilver', 2023, 'Milan');
INSERT INTO Medal (medal_id, format_id, type, year, location) VALUES (7, 3, 'MedalBronze', 2014, 'Kazan');
INSERT INTO Medal (medal_id, format_id, type, year, location) VALUES (8, 3, 'MedalBronze', 2015, 'Moscow');
INSERT INTO Medal (medal_id, format_id, type, year, location) VALUES (9, 3, 'MedalBronze', 2016, 'Rio de Janeiro');
INSERT INTO Medal (medal_id, format_id, type, year, location) VALUES (10, 3, 'MedalBronze', 2018, 'Wuxi');
INSERT INTO Medal (medal_id, format_id, type, year, location) VALUES (11, 3, 'MedalBronze', 2022, 'Cairo');
INSERT INTO Tournament (tournament_id, athlete_id, name) VALUES (3, 1, 'European Games');
INSERT INTO Format (format_id, tournament_id, name) VALUES (4, 3, 'Team');
INSERT INTO Medal (medal_id, format_id, type, year, location) VALUES (12, 4, 'MedalSilver', 2023, 'Kraków');
INSERT INTO Tournament (tournament_id, athlete_id, name) VALUES (4, 1, 'European Championships');
INSERT INTO Format (format_id, tournament_id, name) VALUES (5, 4, 'Team');
INSERT INTO Medal (medal_id, format_id, type, year, location) VALUES (13, 5, 'MedalSilver', 2012, 'Legnano');
INSERT INTO Medal (medal_id, format_id, type, year, location) VALUES (14, 5, 'MedalSilver', 2013, 'Zagreb');
INSERT INTO Medal (medal_id, format_id, type, year, location) VALUES (15, 5, 'MedalSilver', 2019, 'Düsseldorf');
INSERT INTO Medal (medal_id, format_id, type, year, location) VALUES (16, 5, 'MedalSilver', 2022, 'Antalya');
INSERT INTO Medal (medal_id, format_id, type, year, location) VALUES (17, 5, 'MedalSilver', 2023, 'Kraków');
INSERT INTO Medal (medal_id, format_id, type, year, location) VALUES (18, 5, 'MedalBronze', 2014, 'Strasbourg');
INSERT INTO Medal (medal_id, format_id, type, year, location) VALUES (19, 5, 'MedalBronze', 2015, 'Montreux');
INSERT INTO Medal (medal_id, format_id, type, year, location) VALUES (20, 5, 'MedalBronze', 2016, 'Torún');
INSERT INTO Medal (medal_id, format_id, type, year, location) VALUES (21, 5, 'MedalBronze', 2018, 'Novi Sad');
INSERT INTO Format (format_id, tournament_id, name) VALUES (6, 4, 'Individual');
INSERT INTO Medal (medal_id, format_id, type, year, location) VALUES (22, 6, 'MedalBronze', 2013, 'Zagreb');
INSERT INTO Medal (medal_id, format_id, type, year, location) VALUES (23, 6, 'MedalBronze', 2017, 'Tbilisi');
INSERT INTO Medal (medal_id, format_id, type, year, location) VALUES (24, 6, 'MedalBronze', 2019, 'Düsseldorf');
INSERT INTO Medal (medal_id, format_id, type, year, location) VALUES (25, 6, 'MedalBronze', 2022, 'Antalya');
INSERT INTO Tournament (tournament_id, athlete_id, name) VALUES (5, 1, 'Universiade');
INSERT INTO Format (format_id, tournament_id, name) VALUES (7, 5, 'Team');
INSERT INTO Medal (medal_id, format_id, type, year, location) VALUES (26, 7, 'MedalBronze', 2011, 'Shenzhen');
