CREATE TABLE Athlete (athlete_id INTEGER PRIMARY KEY, name TEXT NOT NULL);
CREATE TABLE Tournament (tournament_id INTEGER PRIMARY KEY, athlete_id INTEGER, name TEXT NOT NULL);
CREATE TABLE Format (format_id INTEGER PRIMARY KEY, tournament_id INTEGER, name TEXT NOT NULL);
CREATE TABLE Medal (medal_id INTEGER PRIMARY KEY, format_id INTEGER, type TEXT NOT NULL, year INTEGER, location TEXT NOT NULL);
CREATE TABLE PersonalInformation (info_id INTEGER GENERATED ALWAYS AS IDENTITY PRIMARY KEY, athlete_id INTEGER, birth_year INTEGER, birth_month INTEGER, birth_day INTEGER);
INSERT INTO Athlete (athlete_id, name) VALUES (1, 'Mary-Sophie Harvey');
INSERT INTO PersonalInformation (athlete_id, birth_year, birth_month, birth_day) VALUES (1, 1997, 8, 11);
INSERT INTO Tournament (tournament_id, athlete_id, name) VALUES (1, 1, 'World Championships (LC)');
INSERT INTO Format (format_id, tournament_id, name) VALUES (1, 1, '200 m butterfly');
INSERT INTO Medal (medal_id, format_id, type, year, location) VALUES (1, 1, 'MedalGold', 2019, 'Fukuoka');
INSERT INTO Medal (medal_id, format_id, type, year, location) VALUES (2, 1, 'MedalBronze', 2013, 'Melbourne');
INSERT INTO Format (format_id, tournament_id, name) VALUES (2, 1, '4x100 m mixed freestyle');
INSERT INTO Medal (medal_id, format_id, type, year, location) VALUES (3, 2, 'MedalSilver', 2018, 'Santiago');
INSERT INTO Medal (medal_id, format_id, type, year, location) VALUES (4, 2, 'MedalGold', 2023, 'Singapore');
INSERT INTO Format (format_id, tournament_id, name) VALUES (3, 1, '200 m medley');
INSERT INTO Medal (medal_id, format_id, type, year, location) VALUES (5, 3, 'MedalSilver', 2014, 'Singapore');
INSERT INTO Medal (medal_id, format_id, type, year, location) VALUES (6, 3, 'MedalBronze', 2021, 'Birmingham');
INSERT INTO Medal (medal_id, format_id, type, year, location) VALUES (7, 3, 'MedalSilver', 2013, 'Fukuoka');
INSERT INTO Format (format_id, tournament_id, name) VALUES (4, 1, '400 m medley');
INSERT INTO Medal (medal_id, format_id, type, year, location) VALUES (8, 4, 'MedalSilver', 2015, 'Melbourne');
INSERT INTO Medal (medal_id, format_id, type, year, location) VALUES (9, 4, 'MedalSilver', 2016, 'Melbourne');
INSERT INTO Medal (medal_id, format_id, type, year, location) VALUES (10, 4, 'MedalSilver', 2014, 'Santiago');
INSERT INTO Format (format_id, tournament_id, name) VALUES (5, 1, '4x200 m freestyle');
INSERT INTO Medal (medal_id, format_id, type, year, location) VALUES (11, 5, 'MedalSilver', 2020, 'Budapest');
INSERT INTO Medal (medal_id, format_id, type, year, location) VALUES (12, 5, 'MedalBronze', 2020, 'Fukuoka');
INSERT INTO Medal (medal_id, format_id, type, year, location) VALUES (13, 5, 'MedalBronze', 2017, 'Fukuoka');
INSERT INTO Format (format_id, tournament_id, name) VALUES (6, 1, '4x100 m medley');
INSERT INTO Medal (medal_id, format_id, type, year, location) VALUES (14, 6, 'MedalGold', 2018, 'Maui');
INSERT INTO Medal (medal_id, format_id, type, year, location) VALUES (15, 6, 'MedalBronze', 2014, 'Singapore');
INSERT INTO Medal (medal_id, format_id, type, year, location) VALUES (16, 6, 'MedalGold', 2013, 'Fukuoka');
INSERT INTO Medal (medal_id, format_id, type, year, location) VALUES (17, 6, 'MedalGold', 2017, 'Santiago');
INSERT INTO Format (format_id, tournament_id, name) VALUES (7, 1, '200 m freestyle');
INSERT INTO Medal (medal_id, format_id, type, year, location) VALUES (18, 7, 'MedalGold', 2017, 'Santiago');
INSERT INTO Medal (medal_id, format_id, type, year, location) VALUES (19, 7, 'MedalGold', 2022, 'Maui');
INSERT INTO Medal (medal_id, format_id, type, year, location) VALUES (20, 7, 'MedalSilver', 2022, 'Budapest');
INSERT INTO Format (format_id, tournament_id, name) VALUES (8, 1, '4x100 m freestyle');
INSERT INTO Medal (medal_id, format_id, type, year, location) VALUES (21, 8, 'MedalGold', 2020, 'Fukuoka');
INSERT INTO Medal (medal_id, format_id, type, year, location) VALUES (22, 8, 'MedalSilver', 2016, 'Birmingham');
INSERT INTO Medal (medal_id, format_id, type, year, location) VALUES (23, 8, 'MedalSilver', 2018, 'Birmingham');
INSERT INTO Medal (medal_id, format_id, type, year, location) VALUES (24, 8, 'MedalBronze', 2018, 'Lima');
INSERT INTO Tournament (tournament_id, athlete_id, name) VALUES (2, 1, 'World Junior Championships');
INSERT INTO Format (format_id, tournament_id, name) VALUES (9, 2, '200 m freestyle');
INSERT INTO Medal (medal_id, format_id, type, year, location) VALUES (25, 9, 'MedalSilver', 2019, 'Maui');
INSERT INTO Format (format_id, tournament_id, name) VALUES (10, 2, '200 m medley');
INSERT INTO Medal (medal_id, format_id, type, year, location) VALUES (26, 10, 'MedalBronze', 2018, 'Lima');
INSERT INTO Medal (medal_id, format_id, type, year, location) VALUES (27, 10, 'MedalGold', 2012, 'Lima');
INSERT INTO Medal (medal_id, format_id, type, year, location) VALUES (28, 10, 'MedalGold', 2012, 'Maui');
INSERT INTO Medal (medal_id, format_id, type, year, location) VALUES (29, 10, 'MedalGold', 2023, 'Lima');
INSERT INTO Format (format_id, tournament_id, name) VALUES (11, 2, '4x100 m freestyle');
INSERT INTO Medal (medal_id, format_id, type, year, location) VALUES (30, 11, 'MedalBronze', 2019, 'Lima');
INSERT INTO Medal (medal_id, format_id, type, year, location) VALUES (31, 11, 'MedalGold', 2024, 'Santiago');
INSERT INTO Medal (medal_id, format_id, type, year, location) VALUES (32, 11, 'MedalSilver', 2012, 'Santiago');
INSERT INTO Format (format_id, tournament_id, name) VALUES (12, 2, '200 m butterfly');
INSERT INTO Medal (medal_id, format_id, type, year, location) VALUES (33, 12, 'MedalGold', 2019, 'Santiago');
INSERT INTO Medal (medal_id, format_id, type, year, location) VALUES (34, 12, 'MedalBronze', 2023, 'Singapore');
INSERT INTO Medal (medal_id, format_id, type, year, location) VALUES (35, 12, 'MedalSilver', 2020, 'Singapore');
INSERT INTO Format (format_id, tournament_id, name) VALUES (13, 2, '4x100 m mixed freestyle');
INSERT INTO Medal (medal_id, format_id, type, year, location) VALUES (36, 13, 'MedalSilver', 2017, 'Maui');
INSERT INTO Medal (medal_id, format_id, type, year, location) VALUES (37, 13, 'MedalGold', 2022, 'Singapore');
INSERT INTO Medal (medal_id, format_id, type, year, location) VALUES (38, 13, 'MedalBronze', 2024, 'Budapest');
INSERT INTO Medal (medal_id, format_id, type, year, location) VALUES (39, 13, 'MedalSilver', 2023, 'Birmingham');
INSERT INTO Tournament (tournament_id, athlete_id, name) VALUES (3, 1, 'World Championships (SC)');
INSERT INTO Format (format_id, tournament_id, name) VALUES (14, 3, '4x100 m medley');
INSERT INTO Medal (medal_id, format_id, type, year, location) VALUES (40, 14, 'MedalSilver', 2020, 'Maui');
INSERT INTO Format (format_id, tournament_id, name) VALUES (15, 3, '200 m medley');
INSERT INTO Medal (medal_id, format_id, type, year, location) VALUES (41, 15, 'MedalBronze', 2013, 'Birmingham');
INSERT INTO Medal (medal_id, format_id, type, year, location) VALUES (42, 15, 'MedalBronze', 2019, 'Santiago');
INSERT INTO Format (format_id, tournament_id, name) VALUES (16, 3, '400 m medley');
INSERT INTO Medal (medal_id, format_id, type, year, location) VALUES (43, 16, 'MedalSilver', 2016, 'Lima');
INSERT INTO Medal (medal_id, format_id, type, year, location) VALUES (44, 16, 'MedalGold', 2021, 'Melbourne');
INSERT INTO Medal (medal_id, format_id, type, year, location) VALUES (45, 16, 'MedalBronze', 2019, 'Birmingham');
INSERT INTO Medal (medal_id, format_id, type, year, location) VALUES (46, 16, 'MedalSilver', 2018, 'Melbourne');
INSERT INTO Format (format_id, tournament_id, name) VALUES (17, 3, '200 m freestyle');
INSERT INTO Medal (medal_id, format_id, type, year, location) VALUES (47, 17, 'MedalBronze', 2018, 'Melbourne');
INSERT INTO Medal (medal_id, format_id, type, year, location) VALUES (48, 17, 'MedalBronze', 2022, 'Melbourne');
INSERT INTO Medal (medal_id, format_id, type, year, location) VALUES (49, 17, 'MedalBronze', 2018, 'Singapore');
INSERT INTO Format (format_id, tournament_id, name) VALUES (18, 3, '4x200 m freestyle');
INSERT INTO Medal (medal_id, format_id, type, year, location) VALUES (50, 18, 'MedalSilver', 2016, 'Santiago');
INSERT INTO Medal (medal_id, format_id, type, year, location) VALUES (51, 18, 'MedalGold', 2018, 'Budapest');
INSERT INTO Medal (medal_id, format_id, type, year, location) VALUES (52, 18, 'MedalGold', 2021, 'Birmingham');
INSERT INTO Medal (medal_id, format_id, type, year, location) VALUES (53, 18, 'MedalBronze', 2022, 'Santiago');
INSERT INTO Format (format_id, tournament_id, name) VALUES (19, 3, '4x100 m mixed freestyle');
INSERT INTO Medal (medal_id, format_id, type, year, location) VALUES (54, 19, 'MedalSilver', 2012, 'Maui');
INSERT INTO Tournament (tournament_id, athlete_id, name) VALUES (4, 1, 'Junior Pan Pacific Championships');
INSERT INTO Format (format_id, tournament_id, name) VALUES (20, 4, '200 m medley');
INSERT INTO Medal (medal_id, format_id, type, year, location) VALUES (55, 20, 'MedalSilver', 2023, 'Fukuoka');
INSERT INTO Tournament (tournament_id, athlete_id, name) VALUES (5, 1, 'Pan American Games');
INSERT INTO Format (format_id, tournament_id, name) VALUES (21, 5, '4x100 m mixed freestyle');
INSERT INTO Medal (medal_id, format_id, type, year, location) VALUES (56, 21, 'MedalBronze', 2015, 'Singapore');
INSERT INTO Medal (medal_id, format_id, type, year, location) VALUES (57, 21, 'MedalBronze', 2017, 'Singapore');
INSERT INTO Medal (medal_id, format_id, type, year, location) VALUES (58, 21, 'MedalGold', 2012, 'Fukuoka');
INSERT INTO Medal (medal_id, format_id, type, year, location) VALUES (59, 21, 'MedalSilver', 2024, 'Budapest');
INSERT INTO Tournament (tournament_id, athlete_id, name) VALUES (6, 1, 'Commonwealth Games');
INSERT INTO Format (format_id, tournament_id, name) VALUES (22, 6, '200 m freestyle');
INSERT INTO Medal (medal_id, format_id, type, year, location) VALUES (60, 22, 'MedalSilver', 2023, 'Maui');
INSERT INTO Medal (medal_id, format_id, type, year, location) VALUES (61, 22, 'MedalSilver', 2020, 'Melbourne');
INSERT INTO Medal (medal_id, format_id, type, year, location) VALUES (62, 22, 'MedalSilver', 2022, 'Birmingham');
INSERT INTO Medal (medal_id, format_id, type, year, location) VALUES (63, 22, 'MedalSilver', 2017, 'Lima');
INSERT INTO Format (format_id, tournament_id, name) VALUES (23, 6, '4x200 m freestyle');
INSERT INTO Medal (medal_id, format_id, type, year, location) VALUES (64, 23, 'MedalSilver', 2018, 'Maui');
INSERT INTO Format (format_id, tournament_id, name) VALUES (24, 6, '4x100 m medley');
INSERT INTO Medal (medal_id, format_id, type, year, location) VALUES (65, 24, 'MedalBronze', 2016, 'Birmingham');
INSERT INTO Format (format_id, tournament_id, name) VALUES (25, 6, '200 m butterfly');
INSERT INTO Medal (medal_id, format_id, type, year, location) VALUES (66, 25, 'MedalGold', 2011, 'Melbourne');
INSERT INTO Medal (medal_id, format_id, type, year, location) VALUES (67, 25, 'MedalGold', 2013, 'Fukuoka');
INSERT INTO Medal (medal_id, format_id, type, year, location) VALUES (68, 25, 'MedalGold', 2014, 'Lima');
INSERT INTO Medal (medal_id, format_id, type, year, location) VALUES (69, 25, 'MedalGold', 2018, 'Fukuoka');
