CREATE TABLE Athlete (athlete_id INTEGER PRIMARY KEY, name TEXT NOT NULL);
CREATE TABLE Tournament (tournament_id INTEGER PRIMARY KEY, athlete_id INTEGER, name TEXT NOT NULL);
CREATE TABLE Format (format_id INTEGER PRIMARY KEY, tournament_id INTEGER, name TEXT NOT NULL);
CREATE TABLE Medal (medal_id INTEGER PRIMARY KEY, format_id INTEGER, type TEXT NOT NULL, year INTEGER, location TEXT NOT NULL);
CREATE TABLE PersonalInformation (info_id INTEGER GENERATED ALWAYS AS IDENTITY PRIMARY KEY, athlete_id INTEGER, birth_year INTEGER, birth_month INTEGER, birth_day INTEGER);
INSERT INTO Athlete (athlete_id, name) VALUES (1, 'Rafael Aghayev');
INSERT INTO PersonalInformation (athlete_id, birth_year, birth_month, birth_day) VALUES (1, 1985, 3, 4);
INSERT INTO Tournament (tournament_id, athlete_id, name) VALUES (1, 1, 'Summer Olympics');
INSERT INTO Format (format_id, tournament_id, name) VALUES (1, 1, 'Kumite');
INSERT INTO Medal (medal_id, format_id, type, year, location) VALUES (1, 1, 'MedalSilver', 2020, 'Tokyo');
INSERT INTO Tournament (tournament_id, athlete_id, name) VALUES (2, 1, 'World Championships');
INSERT INTO Format (format_id, tournament_id, name) VALUES (2, 2, 'Kumite');
INSERT INTO Medal (medal_id, format_id, type, year, location) VALUES (2, 2, 'MedalGold', 2006, 'Tampere');
INSERT INTO Medal (medal_id, format_id, type, year, location) VALUES (3, 2, 'MedalGold', 2008, 'Tokyo');
INSERT INTO Medal (medal_id, format_id, type, year, location) VALUES (4, 2, 'MedalGold', 2010, 'Belgrade');
INSERT INTO Medal (medal_id, format_id, type, year, location) VALUES (5, 2, 'MedalGold', 2016, 'Linz');
INSERT INTO Medal (medal_id, format_id, type, year, location) VALUES (6, 2, 'MedalSilver', 2012, 'Paris');
INSERT INTO Medal (medal_id, format_id, type, year, location) VALUES (7, 2, 'MedalBronze', 2018, 'Madrid');
INSERT INTO Format (format_id, tournament_id, name) VALUES (3, 2, 'Kumite open');
INSERT INTO Medal (medal_id, format_id, type, year, location) VALUES (8, 3, 'MedalGold', 2008, 'Tokyo');
INSERT INTO Format (format_id, tournament_id, name) VALUES (4, 2, 'Team kumite');
INSERT INTO Medal (medal_id, format_id, type, year, location) VALUES (9, 4, 'MedalSilver', 2010, 'Belgrade');
INSERT INTO Medal (medal_id, format_id, type, year, location) VALUES (10, 4, 'MedalBronze', 2021, 'Dubai');
INSERT INTO Tournament (tournament_id, athlete_id, name) VALUES (3, 1, 'European Championships');
INSERT INTO Format (format_id, tournament_id, name) VALUES (5, 3, 'Kumite');
INSERT INTO Medal (medal_id, format_id, type, year, location) VALUES (11, 5, 'MedalGold', 2004, 'Moscow');
INSERT INTO Medal (medal_id, format_id, type, year, location) VALUES (12, 5, 'MedalGold', 2007, 'Bratislava');
INSERT INTO Medal (medal_id, format_id, type, year, location) VALUES (13, 5, 'MedalGold', 2009, 'Zagreb');
INSERT INTO Medal (medal_id, format_id, type, year, location) VALUES (14, 5, 'MedalGold', 2010, 'Athens');
INSERT INTO Medal (medal_id, format_id, type, year, location) VALUES (15, 5, 'MedalGold', 2013, 'Budapest');
INSERT INTO Medal (medal_id, format_id, type, year, location) VALUES (16, 5, 'MedalGold', 2015, 'Istanbul');
INSERT INTO Medal (medal_id, format_id, type, year, location) VALUES (17, 5, 'MedalGold', 2016, 'Montpellier');
INSERT INTO Medal (medal_id, format_id, type, year, location) VALUES (18, 5, 'MedalGold', 2018, 'Novi Sad');
INSERT INTO Medal (medal_id, format_id, type, year, location) VALUES (19, 5, 'MedalSilver', 2019, 'Guadalajara');
INSERT INTO Medal (medal_id, format_id, type, year, location) VALUES (20, 5, 'MedalSilver', 2008, 'Tallinn');
INSERT INTO Medal (medal_id, format_id, type, year, location) VALUES (21, 5, 'MedalSilver', 2021, 'Poreč');
INSERT INTO Medal (medal_id, format_id, type, year, location) VALUES (22, 5, 'MedalBronze', 2011, 'Zürich');
INSERT INTO Medal (medal_id, format_id, type, year, location) VALUES (23, 5, 'MedalBronze', 2012, 'Tenerife');
INSERT INTO Format (format_id, tournament_id, name) VALUES (6, 3, 'Kumite open');
INSERT INTO Medal (medal_id, format_id, type, year, location) VALUES (24, 6, 'MedalGold', 2005, 'Tenerife');
INSERT INTO Medal (medal_id, format_id, type, year, location) VALUES (25, 6, 'MedalGold', 2007, 'Bratislava');
INSERT INTO Medal (medal_id, format_id, type, year, location) VALUES (26, 6, 'MedalGold', 2008, 'Tallinn');
INSERT INTO Format (format_id, tournament_id, name) VALUES (7, 3, 'Team kumite');
INSERT INTO Medal (medal_id, format_id, type, year, location) VALUES (27, 7, 'MedalSilver', 2022, 'Gaziantep');
INSERT INTO Medal (medal_id, format_id, type, year, location) VALUES (28, 7, 'MedalBronze', 2021, 'Poreč');
INSERT INTO Medal (medal_id, format_id, type, year, location) VALUES (29, 7, 'MedalBronze', 2008, 'Tallinn');
INSERT INTO Medal (medal_id, format_id, type, year, location) VALUES (30, 7, 'MedalBronze', 2009, 'Zagreb');
INSERT INTO Medal (medal_id, format_id, type, year, location) VALUES (31, 7, 'MedalBronze', 2010, 'Athens');
INSERT INTO Medal (medal_id, format_id, type, year, location) VALUES (32, 7, 'MedalBronze', 2012, 'Tenerife');
INSERT INTO Medal (medal_id, format_id, type, year, location) VALUES (33, 7, 'MedalBronze', 2015, 'Istanbul');
INSERT INTO Tournament (tournament_id, athlete_id, name) VALUES (4, 1, 'World Games');
INSERT INTO Format (format_id, tournament_id, name) VALUES (8, 4, 'Kumite');
INSERT INTO Medal (medal_id, format_id, type, year, location) VALUES (34, 8, 'MedalGold', 2013, 'Cali');
INSERT INTO Tournament (tournament_id, athlete_id, name) VALUES (5, 1, 'World Combat Games');
INSERT INTO Format (format_id, tournament_id, name) VALUES (9, 5, 'Kumite');
INSERT INTO Medal (medal_id, format_id, type, year, location) VALUES (35, 9, 'MedalGold', 2013, 'Saint Petersburg');
INSERT INTO Tournament (tournament_id, athlete_id, name) VALUES (6, 1, 'European Games');
INSERT INTO Format (format_id, tournament_id, name) VALUES (10, 6, 'Kumite');
INSERT INTO Medal (medal_id, format_id, type, year, location) VALUES (36, 10, 'MedalGold', 2015, 'Baku');
INSERT INTO Medal (medal_id, format_id, type, year, location) VALUES (37, 10, 'MedalSilver', 2019, 'Minsk');
INSERT INTO Tournament (tournament_id, athlete_id, name) VALUES (7, 1, 'Islamic Solidarity Games');
INSERT INTO Format (format_id, tournament_id, name) VALUES (11, 7, 'Kumite');
INSERT INTO Medal (medal_id, format_id, type, year, location) VALUES (38, 11, 'MedalGold', 2013, 'Palembang');
INSERT INTO Medal (medal_id, format_id, type, year, location) VALUES (39, 11, 'MedalGold', 2017, 'Baku');
INSERT INTO Medal (medal_id, format_id, type, year, location) VALUES (40, 11, 'MedalBronze', 2005, 'Mecca');
