CREATE TABLE Athlete (athlete_id INTEGER PRIMARY KEY, name TEXT NOT NULL);
CREATE TABLE Tournament (tournament_id INTEGER PRIMARY KEY, athlete_id INTEGER, name TEXT NOT NULL);
CREATE TABLE Format (format_id INTEGER PRIMARY KEY, tournament_id INTEGER, name TEXT NOT NULL);
CREATE TABLE Medal (medal_id INTEGER PRIMARY KEY, format_id INTEGER, type TEXT NOT NULL, year INTEGER, location TEXT NOT NULL);
CREATE TABLE PersonalInformation (info_id INTEGER GENERATED ALWAYS AS IDENTITY PRIMARY KEY, athlete_id INTEGER, birth_year INTEGER, birth_month INTEGER, birth_day INTEGER);
INSERT INTO Athlete (athlete_id, name) VALUES (1, 'Liam Pitchford');
INSERT INTO PersonalInformation (athlete_id, birth_year, birth_month, birth_day) VALUES (1, 1993, 7, 12);
INSERT INTO Tournament (tournament_id, athlete_id, name) VALUES (1, 1, 'World Championships');
INSERT INTO Format (format_id, tournament_id, name) VALUES (1, 1, 'Team');
INSERT INTO Medal (medal_id, format_id, type, year, location) VALUES (1, 1, 'MedalBronze', 2016, 'Kuala Lumpur');
INSERT INTO Tournament (tournament_id, athlete_id, name) VALUES (2, 1, 'World Cup');
INSERT INTO Format (format_id, tournament_id, name) VALUES (2, 2, 'Team');
INSERT INTO Medal (medal_id, format_id, type, year, location) VALUES (2, 2, 'MedalBronze', 2018, 'London');
INSERT INTO Tournament (tournament_id, athlete_id, name) VALUES (3, 1, 'Commonwealth Games');
INSERT INTO Format (format_id, tournament_id, name) VALUES (3, 3, 'Men''s doubles');
INSERT INTO Medal (medal_id, format_id, type, year, location) VALUES (3, 3, 'MedalGold', 2018, 'Gold Coast');
INSERT INTO Medal (medal_id, format_id, type, year, location) VALUES (4, 3, 'MedalGold', 2022, 'Birmingham');
INSERT INTO Medal (medal_id, format_id, type, year, location) VALUES (5, 3, 'MedalBronze', 2010, 'Delhi');
INSERT INTO Format (format_id, tournament_id, name) VALUES (4, 3, 'Team');
INSERT INTO Medal (medal_id, format_id, type, year, location) VALUES (6, 4, 'MedalSilver', 2010, 'Delhi');
INSERT INTO Medal (medal_id, format_id, type, year, location) VALUES (7, 4, 'MedalSilver', 2014, 'Glasgow');
INSERT INTO Medal (medal_id, format_id, type, year, location) VALUES (8, 4, 'MedalBronze', 2018, 'Gold Coast');
INSERT INTO Format (format_id, tournament_id, name) VALUES (5, 3, 'Mixed doubles');
INSERT INTO Medal (medal_id, format_id, type, year, location) VALUES (9, 5, 'MedalSilver', 2014, 'Glasgow');
INSERT INTO Medal (medal_id, format_id, type, year, location) VALUES (10, 5, 'MedalSilver', 2018, 'Gold Coast');
INSERT INTO Format (format_id, tournament_id, name) VALUES (6, 3, 'Men''s singles');
INSERT INTO Medal (medal_id, format_id, type, year, location) VALUES (11, 6, 'MedalSilver', 2022, 'Birmingham');
INSERT INTO Medal (medal_id, format_id, type, year, location) VALUES (12, 6, 'MedalBronze', 2014, 'Glasgow');
INSERT INTO Format (format_id, tournament_id, name) VALUES (7, 3, 'Men''s team');
INSERT INTO Medal (medal_id, format_id, type, year, location) VALUES (13, 7, 'MedalBronze', 2022, 'Birmingham');
INSERT INTO Tournament (tournament_id, athlete_id, name) VALUES (4, 1, 'Europe Top');
INSERT INTO Format (format_id, tournament_id, name) VALUES (8, 4, 'Singles');
INSERT INTO Medal (medal_id, format_id, type, year, location) VALUES (14, 8, 'MedalBronze', 2023, 'Montreux');
