CREATE TABLE Athlete (athlete_id INTEGER PRIMARY KEY, name TEXT NOT NULL);
CREATE TABLE Tournament (tournament_id INTEGER PRIMARY KEY, athlete_id INTEGER, name TEXT NOT NULL);
CREATE TABLE Format (format_id INTEGER PRIMARY KEY, tournament_id INTEGER, name TEXT NOT NULL);
CREATE TABLE Medal (medal_id INTEGER PRIMARY KEY, format_id INTEGER, type TEXT NOT NULL, year INTEGER, location TEXT NOT NULL);
CREATE TABLE PersonalInformation (info_id INTEGER GENERATED ALWAYS AS IDENTITY PRIMARY KEY, athlete_id INTEGER, birth_year INTEGER, birth_month INTEGER, birth_day INTEGER);
INSERT INTO Athlete (athlete_id, name) VALUES (1, 'Nicole Uphoff');
INSERT INTO PersonalInformation (athlete_id, birth_year, birth_month, birth_day) VALUES (1, NULL, NULL, NULL);
INSERT INTO Tournament (tournament_id, athlete_id, name) VALUES (1, 1, 'Olympic Games');
INSERT INTO Format (format_id, tournament_id, name) VALUES (1, 1, 'Freestyle dressage');
INSERT INTO Medal (medal_id, format_id, type, year, location) VALUES (1, 1, 'MedalGold', 1995, 'Stockholm');
INSERT INTO Medal (medal_id, format_id, type, year, location) VALUES (2, 1, 'MedalBronze', 1992, 'Mondorf');
INSERT INTO Format (format_id, tournament_id, name) VALUES (2, 1, 'Spécial dressage');
INSERT INTO Medal (medal_id, format_id, type, year, location) VALUES (3, 2, 'MedalBronze', 1989, 'Mondorf');
INSERT INTO Format (format_id, tournament_id, name) VALUES (3, 1, 'Individual dressage');
INSERT INTO Medal (medal_id, format_id, type, year, location) VALUES (4, 3, 'MedalGold', 1994, 'The Hague');
INSERT INTO Medal (medal_id, format_id, type, year, location) VALUES (5, 3, 'MedalSilver', 1995, 'Donaueschingen');
INSERT INTO Medal (medal_id, format_id, type, year, location) VALUES (6, 3, 'MedalSilver', 1993, 'Donaueschingen');
INSERT INTO Format (format_id, tournament_id, name) VALUES (4, 1, 'Team dressage');
INSERT INTO Medal (medal_id, format_id, type, year, location) VALUES (7, 4, 'MedalGold', 1990, 'Seoul');
INSERT INTO Medal (medal_id, format_id, type, year, location) VALUES (8, 4, 'MedalBronze', 1989, 'Donaueschingen');
INSERT INTO Tournament (tournament_id, athlete_id, name) VALUES (2, 1, 'World Championships');
INSERT INTO Format (format_id, tournament_id, name) VALUES (5, 2, 'Individual dressage');
INSERT INTO Medal (medal_id, format_id, type, year, location) VALUES (9, 5, 'MedalSilver', 1997, 'Mondorf');
INSERT INTO Medal (medal_id, format_id, type, year, location) VALUES (10, 5, 'MedalBronze', 1997, 'Donaueschingen');
INSERT INTO Medal (medal_id, format_id, type, year, location) VALUES (11, 5, 'MedalBronze', 1993, 'Barcelona');
INSERT INTO Format (format_id, tournament_id, name) VALUES (6, 2, 'Freestyle dressage');
INSERT INTO Medal (medal_id, format_id, type, year, location) VALUES (12, 6, 'MedalGold', 1993, 'The Hague');
INSERT INTO Medal (medal_id, format_id, type, year, location) VALUES (13, 6, 'MedalBronze', 1992, 'Seoul');
INSERT INTO Medal (medal_id, format_id, type, year, location) VALUES (14, 6, 'MedalGold', 1987, 'The Hague');
INSERT INTO Medal (medal_id, format_id, type, year, location) VALUES (15, 6, 'MedalBronze', 1993, 'The Hague');
INSERT INTO Format (format_id, tournament_id, name) VALUES (7, 2, 'Spécial dressage');
INSERT INTO Medal (medal_id, format_id, type, year, location) VALUES (16, 7, 'MedalGold', 1994, 'Stockholm');
INSERT INTO Medal (medal_id, format_id, type, year, location) VALUES (17, 7, 'MedalGold', 1994, 'Donaueschingen');
INSERT INTO Medal (medal_id, format_id, type, year, location) VALUES (18, 7, 'MedalBronze', 1995, 'Lipica');
INSERT INTO Medal (medal_id, format_id, type, year, location) VALUES (19, 7, 'MedalBronze', 1988, 'Mondorf');
INSERT INTO Tournament (tournament_id, athlete_id, name) VALUES (3, 1, 'European Championships');
INSERT INTO Format (format_id, tournament_id, name) VALUES (8, 3, 'Freestyle dressage');
INSERT INTO Medal (medal_id, format_id, type, year, location) VALUES (20, 8, 'MedalGold', 1988, 'Lipica');
INSERT INTO Medal (medal_id, format_id, type, year, location) VALUES (21, 8, 'MedalGold', 1992, 'Mondorf');
INSERT INTO Medal (medal_id, format_id, type, year, location) VALUES (22, 8, 'MedalGold', 1995, 'Lipica');
