CREATE TABLE Athlete (athlete_id INTEGER PRIMARY KEY, name TEXT NOT NULL);
CREATE TABLE Tournament (tournament_id INTEGER PRIMARY KEY, athlete_id INTEGER, name TEXT NOT NULL);
CREATE TABLE Format (format_id INTEGER PRIMARY KEY, tournament_id INTEGER, name TEXT NOT NULL);
CREATE TABLE Medal (medal_id INTEGER PRIMARY KEY, format_id INTEGER, type TEXT NOT NULL, year INTEGER, location TEXT NOT NULL);
CREATE TABLE PersonalInformation (info_id INTEGER GENERATED ALWAYS AS IDENTITY PRIMARY KEY, athlete_id INTEGER, birth_year INTEGER, birth_month INTEGER, birth_day INTEGER);
INSERT INTO Athlete (athlete_id, name) VALUES (1, 'Martina Carraro');
INSERT INTO PersonalInformation (athlete_id, birth_year, birth_month, birth_day) VALUES (1, 1993, 6, 21);
INSERT INTO Tournament (tournament_id, athlete_id, name) VALUES (1, 1, 'World Championships (LC)');
INSERT INTO Format (format_id, tournament_id, name) VALUES (1, 1, '100 m breaststroke');
INSERT INTO Medal (medal_id, format_id, type, year, location) VALUES (1, 1, 'MedalBronze', 2019, 'Gwangju');
INSERT INTO Tournament (tournament_id, athlete_id, name) VALUES (2, 1, 'World Championships (SC)');
INSERT INTO Format (format_id, tournament_id, name) VALUES (2, 2, '4x50 m medley');
INSERT INTO Medal (medal_id, format_id, type, year, location) VALUES (2, 2, 'MedalSilver', 2016, 'Windsor');
INSERT INTO Format (format_id, tournament_id, name) VALUES (3, 2, '50 m breaststroke');
INSERT INTO Medal (medal_id, format_id, type, year, location) VALUES (3, 3, 'MedalBronze', 2018, 'Hangzhou');
INSERT INTO Format (format_id, tournament_id, name) VALUES (4, 2, '4x100 m medley');
INSERT INTO Medal (medal_id, format_id, type, year, location) VALUES (4, 4, 'MedalBronze', 2018, 'Hangzhou');
INSERT INTO Tournament (tournament_id, athlete_id, name) VALUES (3, 1, 'European Championships (LC)');
INSERT INTO Format (format_id, tournament_id, name) VALUES (5, 3, '4x100 m medley');
INSERT INTO Medal (medal_id, format_id, type, year, location) VALUES (5, 5, 'MedalSilver', 2016, 'London');
INSERT INTO Medal (medal_id, format_id, type, year, location) VALUES (6, 5, 'MedalBronze', 2020, 'Budapest');
INSERT INTO Format (format_id, tournament_id, name) VALUES (6, 3, '4x100 m mixed medley');
INSERT INTO Medal (medal_id, format_id, type, year, location) VALUES (7, 6, 'MedalSilver', 2016, 'London');
INSERT INTO Format (format_id, tournament_id, name) VALUES (7, 3, '200 m breaststroke');
INSERT INTO Medal (medal_id, format_id, type, year, location) VALUES (8, 7, 'MedalSilver', 2022, 'Rome');
INSERT INTO Format (format_id, tournament_id, name) VALUES (8, 3, '100 m breaststroke');
INSERT INTO Medal (medal_id, format_id, type, year, location) VALUES (9, 8, 'MedalBronze', 2020, 'Budapest');
INSERT INTO Tournament (tournament_id, athlete_id, name) VALUES (4, 1, 'European Championships (SC)');
INSERT INTO Format (format_id, tournament_id, name) VALUES (9, 4, '100 m breaststroke');
INSERT INTO Medal (medal_id, format_id, type, year, location) VALUES (10, 9, 'MedalGold', 2019, 'Glasgow');
INSERT INTO Format (format_id, tournament_id, name) VALUES (10, 4, '50 m breaststroke');
INSERT INTO Medal (medal_id, format_id, type, year, location) VALUES (11, 10, 'MedalSilver', 2019, 'Glasgow');
INSERT INTO Format (format_id, tournament_id, name) VALUES (11, 4, '200 m breaststroke');
INSERT INTO Medal (medal_id, format_id, type, year, location) VALUES (12, 11, 'MedalBronze', 2019, 'Glasgow');
INSERT INTO Format (format_id, tournament_id, name) VALUES (12, 4, '4x50 m medley');
INSERT INTO Medal (medal_id, format_id, type, year, location) VALUES (13, 12, 'MedalBronze', 2015, 'Netanya');
INSERT INTO Tournament (tournament_id, athlete_id, name) VALUES (5, 1, 'Summer Youth Olympics');
INSERT INTO Format (format_id, tournament_id, name) VALUES (13, 5, '50 m breaststroke');
INSERT INTO Medal (medal_id, format_id, type, year, location) VALUES (14, 13, 'MedalSilver', 2010, 'Singapore');
