CREATE TABLE Athlete (athlete_id INTEGER PRIMARY KEY, name TEXT NOT NULL);
CREATE TABLE Tournament (tournament_id INTEGER PRIMARY KEY, athlete_id INTEGER, name TEXT NOT NULL);
CREATE TABLE Format (format_id INTEGER PRIMARY KEY, tournament_id INTEGER, name TEXT NOT NULL);
CREATE TABLE Medal (medal_id INTEGER PRIMARY KEY, format_id INTEGER, type TEXT NOT NULL, year INTEGER, location TEXT NOT NULL);
CREATE TABLE PersonalInformation (info_id INTEGER GENERATED ALWAYS AS IDENTITY PRIMARY KEY, athlete_id INTEGER, birth_year INTEGER, birth_month INTEGER, birth_day INTEGER);
INSERT INTO Athlete (athlete_id, name) VALUES (1, 'Alexandra Recchia');
INSERT INTO PersonalInformation (athlete_id, birth_year, birth_month, birth_day) VALUES (1, 1988, 10, 25);
INSERT INTO Tournament (tournament_id, athlete_id, name) VALUES (1, 1, 'World Championships');
INSERT INTO Format (format_id, tournament_id, name) VALUES (1, 1, 'Team kumite');
INSERT INTO Medal (medal_id, format_id, type, year, location) VALUES (1, 1, 'MedalGold', 2010, 'Belgrade');
INSERT INTO Format (format_id, tournament_id, name) VALUES (2, 1, 'Kumite 50 kg');
INSERT INTO Medal (medal_id, format_id, type, year, location) VALUES (2, 2, 'MedalGold', 2012, 'Paris');
INSERT INTO Medal (medal_id, format_id, type, year, location) VALUES (3, 2, 'MedalGold', 2016, 'Linz');
INSERT INTO Medal (medal_id, format_id, type, year, location) VALUES (4, 2, 'MedalBronze', 2014, 'Bremen');
INSERT INTO Medal (medal_id, format_id, type, year, location) VALUES (5, 1, 'MedalGold', 2012, 'Paris');
INSERT INTO Medal (medal_id, format_id, type, year, location) VALUES (6, 1, 'MedalGold', 2016, 'Linz');
INSERT INTO Medal (medal_id, format_id, type, year, location) VALUES (7, 1, 'MedalSilver', 2014, 'Bremen');
INSERT INTO Medal (medal_id, format_id, type, year, location) VALUES (8, 1, 'MedalBronze', 2008, 'Tokyo');
INSERT INTO Tournament (tournament_id, athlete_id, name) VALUES (2, 1, 'European Games');
INSERT INTO Format (format_id, tournament_id, name) VALUES (3, 2, 'Kumite 50 kg');
INSERT INTO Medal (medal_id, format_id, type, year, location) VALUES (9, 3, 'MedalBronze', 2015, 'Baku');
INSERT INTO Tournament (tournament_id, athlete_id, name) VALUES (3, 1, 'European Championships');
INSERT INTO Format (format_id, tournament_id, name) VALUES (4, 3, 'Kumite 50 kg');
INSERT INTO Medal (medal_id, format_id, type, year, location) VALUES (10, 4, 'MedalGold', 2013, 'Budapest');
INSERT INTO Medal (medal_id, format_id, type, year, location) VALUES (11, 4, 'MedalGold', 2016, 'Montpellier');
INSERT INTO Medal (medal_id, format_id, type, year, location) VALUES (12, 4, 'MedalSilver', 2015, 'Istanbul');
INSERT INTO Medal (medal_id, format_id, type, year, location) VALUES (13, 4, 'MedalBronze', 2018, 'Novi Sad');
INSERT INTO Medal (medal_id, format_id, type, year, location) VALUES (14, 4, 'MedalBronze', 2021, 'Poreč');
INSERT INTO Format (format_id, tournament_id, name) VALUES (5, 3, 'Team kumite');
INSERT INTO Medal (medal_id, format_id, type, year, location) VALUES (15, 5, 'MedalSilver', 2011, 'Zürich');
INSERT INTO Medal (medal_id, format_id, type, year, location) VALUES (16, 5, 'MedalSilver', 2013, 'Budapest');
INSERT INTO Medal (medal_id, format_id, type, year, location) VALUES (17, 5, 'MedalBronze', 2016, 'Montpellier');
INSERT INTO Medal (medal_id, format_id, type, year, location) VALUES (18, 5, 'MedalBronze', 2017, 'İzmit');
INSERT INTO Tournament (tournament_id, athlete_id, name) VALUES (4, 1, 'World Games');
INSERT INTO Format (format_id, tournament_id, name) VALUES (6, 4, 'Kumite 50 kg');
INSERT INTO Medal (medal_id, format_id, type, year, location) VALUES (19, 6, 'MedalGold', 2017, 'Wrocław');
INSERT INTO Medal (medal_id, format_id, type, year, location) VALUES (20, 6, 'MedalSilver', 2013, 'Cali');
INSERT INTO Tournament (tournament_id, athlete_id, name) VALUES (5, 1, 'Mediterranean Games');
INSERT INTO Format (format_id, tournament_id, name) VALUES (7, 5, 'Kumite 50 kg');
INSERT INTO Medal (medal_id, format_id, type, year, location) VALUES (21, 7, 'MedalBronze', 2013, 'Mersin');
INSERT INTO Tournament (tournament_id, athlete_id, name) VALUES (6, 1, 'World Combat Games');
INSERT INTO Format (format_id, tournament_id, name) VALUES (8, 6, 'Kumite 50 kg');
INSERT INTO Medal (medal_id, format_id, type, year, location) VALUES (22, 8, 'MedalBronze', 2013, 'Saint Petersburg');
