CREATE TABLE Athlete (athlete_id INTEGER PRIMARY KEY, name TEXT NOT NULL);
CREATE TABLE Tournament (tournament_id INTEGER PRIMARY KEY, athlete_id INTEGER, name TEXT NOT NULL);
CREATE TABLE Format (format_id INTEGER PRIMARY KEY, tournament_id INTEGER, name TEXT NOT NULL);
CREATE TABLE Medal (medal_id INTEGER PRIMARY KEY, format_id INTEGER, type TEXT NOT NULL, year INTEGER, location TEXT NOT NULL);
CREATE TABLE PersonalInformation (info_id INTEGER GENERATED ALWAYS AS IDENTITY PRIMARY KEY, athlete_id INTEGER, birth_year INTEGER, birth_month INTEGER, birth_day INTEGER);
INSERT INTO Athlete (athlete_id, name) VALUES (1, 'Nicol David');
INSERT INTO PersonalInformation (athlete_id, birth_year, birth_month, birth_day) VALUES (1, 1983, 8, 26);
INSERT INTO Tournament (tournament_id, athlete_id, name) VALUES (1, 1, 'World Championships');
INSERT INTO Format (format_id, tournament_id, name) VALUES (1, 1, 'Singles');
INSERT INTO Medal (medal_id, format_id, type, year, location) VALUES (1, 1, 'MedalGold', 2005, 'Hong Kong');
INSERT INTO Medal (medal_id, format_id, type, year, location) VALUES (2, 1, 'MedalGold', 2006, 'Belfast');
INSERT INTO Medal (medal_id, format_id, type, year, location) VALUES (3, 1, 'MedalGold', 2008, 'Manchester');
INSERT INTO Medal (medal_id, format_id, type, year, location) VALUES (4, 1, 'MedalGold', 2009, 'Amsterdam');
INSERT INTO Medal (medal_id, format_id, type, year, location) VALUES (5, 1, 'MedalGold', 2010, 'Sharm El Sheikh');
INSERT INTO Medal (medal_id, format_id, type, year, location) VALUES (6, 1, 'MedalGold', 2011, 'Rotterdam');
INSERT INTO Medal (medal_id, format_id, type, year, location) VALUES (7, 1, 'MedalGold', 2012, 'Grand Cayman');
INSERT INTO Medal (medal_id, format_id, type, year, location) VALUES (8, 1, 'MedalGold', 2014, 'Cairo');
INSERT INTO Medal (medal_id, format_id, type, year, location) VALUES (9, 1, 'MedalBronze', 2003, 'Hong Kong');
INSERT INTO Medal (medal_id, format_id, type, year, location) VALUES (10, 1, 'MedalBronze', 2004, 'Kuala Lumpur');
INSERT INTO Medal (medal_id, format_id, type, year, location) VALUES (11, 1, 'MedalBronze', 2013, 'Penang');
INSERT INTO Tournament (tournament_id, athlete_id, name) VALUES (2, 1, 'World Team Championships');
INSERT INTO Format (format_id, tournament_id, name) VALUES (2, 2, 'Team');
INSERT INTO Medal (medal_id, format_id, type, year, location) VALUES (12, 2, 'MedalSilver', 2014, 'Niagara');
INSERT INTO Medal (medal_id, format_id, type, year, location) VALUES (13, 2, 'MedalBronze', 2006, 'Edmonton');
INSERT INTO Medal (medal_id, format_id, type, year, location) VALUES (14, 2, 'MedalBronze', 2008, 'Cairo');
INSERT INTO Medal (medal_id, format_id, type, year, location) VALUES (15, 2, 'MedalBronze', 2010, 'Palmerston');
INSERT INTO Medal (medal_id, format_id, type, year, location) VALUES (16, 2, 'MedalBronze', 2012, 'Nîmes');
INSERT INTO Tournament (tournament_id, athlete_id, name) VALUES (3, 1, 'World Games');
INSERT INTO Format (format_id, tournament_id, name) VALUES (3, 3, 'Singles');
INSERT INTO Medal (medal_id, format_id, type, year, location) VALUES (17, 3, 'MedalGold', 2005, 'Duisburg');
INSERT INTO Medal (medal_id, format_id, type, year, location) VALUES (18, 3, 'MedalGold', 2009, 'Kaohsiung');
INSERT INTO Medal (medal_id, format_id, type, year, location) VALUES (19, 3, 'MedalGold', 2013, 'Cali');
INSERT INTO Medal (medal_id, format_id, type, year, location) VALUES (20, 3, 'MedalBronze', 2017, 'Wrocław');
INSERT INTO Tournament (tournament_id, athlete_id, name) VALUES (4, 1, 'Commonwealth Games');
INSERT INTO Format (format_id, tournament_id, name) VALUES (4, 4, 'Singles');
INSERT INTO Medal (medal_id, format_id, type, year, location) VALUES (21, 4, 'MedalGold', 2010, 'Delhi');
INSERT INTO Medal (medal_id, format_id, type, year, location) VALUES (22, 4, 'MedalGold', 2014, 'Glasgow');
INSERT INTO Format (format_id, tournament_id, name) VALUES (5, 4, 'Mixed doubles');
INSERT INTO Medal (medal_id, format_id, type, year, location) VALUES (23, 5, 'MedalSilver', 2002, 'Manchester');
INSERT INTO Medal (medal_id, format_id, type, year, location) VALUES (24, 5, 'MedalBronze', 2010, 'Delhi');
INSERT INTO Tournament (tournament_id, athlete_id, name) VALUES (5, 1, 'Asian Games');
INSERT INTO Format (format_id, tournament_id, name) VALUES (6, 5, 'Singles');
INSERT INTO Medal (medal_id, format_id, type, year, location) VALUES (25, 6, 'MedalGold', 1998, 'Bangkok');
INSERT INTO Medal (medal_id, format_id, type, year, location) VALUES (26, 6, 'MedalGold', 2006, 'Doha');
INSERT INTO Medal (medal_id, format_id, type, year, location) VALUES (27, 6, 'MedalGold', 2010, 'Guangzhou');
INSERT INTO Medal (medal_id, format_id, type, year, location) VALUES (28, 6, 'MedalGold', 2014, 'Incheon');
INSERT INTO Medal (medal_id, format_id, type, year, location) VALUES (29, 6, 'MedalGold', 2018, 'Jakarta');
INSERT INTO Medal (medal_id, format_id, type, year, location) VALUES (30, 6, 'MedalSilver', 2002, 'Busan');
INSERT INTO Format (format_id, tournament_id, name) VALUES (7, 5, 'Team');
INSERT INTO Medal (medal_id, format_id, type, year, location) VALUES (31, 7, 'MedalGold', 2010, 'Guangzhou');
INSERT INTO Medal (medal_id, format_id, type, year, location) VALUES (32, 7, 'MedalGold', 2014, 'Incheon');
INSERT INTO Medal (medal_id, format_id, type, year, location) VALUES (33, 7, 'MedalBronze', 2018, 'Jakarta');
