CREATE TABLE Athlete (athlete_id INTEGER PRIMARY KEY, name TEXT NOT NULL);
CREATE TABLE Tournament (tournament_id INTEGER PRIMARY KEY, athlete_id INTEGER, name TEXT NOT NULL);
CREATE TABLE Format (format_id INTEGER PRIMARY KEY, tournament_id INTEGER, name TEXT NOT NULL);
CREATE TABLE Medal (medal_id INTEGER PRIMARY KEY, format_id INTEGER, type TEXT NOT NULL, year INTEGER, location TEXT NOT NULL);
CREATE TABLE PersonalInformation (info_id INTEGER GENERATED ALWAYS AS IDENTITY PRIMARY KEY, athlete_id INTEGER, birth_year INTEGER, birth_month INTEGER, birth_day INTEGER);
INSERT INTO Athlete (athlete_id, name) VALUES (1, 'Steffen Peters');
INSERT INTO PersonalInformation (athlete_id, birth_year, birth_month, birth_day) VALUES (1, 1964, 9, 18);
INSERT INTO Tournament (tournament_id, athlete_id, name) VALUES (1, 1, 'Olympic Games');
INSERT INTO Format (format_id, tournament_id, name) VALUES (1, 1, 'Team dressage');
INSERT INTO Medal (medal_id, format_id, type, year, location) VALUES (1, 1, 'MedalSilver', 2020, 'Tokyo');
INSERT INTO Medal (medal_id, format_id, type, year, location) VALUES (2, 1, 'MedalBronze', 1996, 'Atlanta');
INSERT INTO Medal (medal_id, format_id, type, year, location) VALUES (3, 1, 'MedalBronze', 2016, 'Rio de Janeiro');
INSERT INTO Tournament (tournament_id, athlete_id, name) VALUES (2, 1, 'World Championships');
INSERT INTO Format (format_id, tournament_id, name) VALUES (2, 2, 'Team dressage');
INSERT INTO Medal (medal_id, format_id, type, year, location) VALUES (4, 2, 'MedalSilver', 2018, 'Tryon');
INSERT INTO Medal (medal_id, format_id, type, year, location) VALUES (5, 2, 'MedalBronze', 2006, 'Aachen');
INSERT INTO Format (format_id, tournament_id, name) VALUES (3, 2, 'Spécial dressage');
INSERT INTO Medal (medal_id, format_id, type, year, location) VALUES (6, 3, 'MedalBronze', 2010, 'Kentucky');
INSERT INTO Format (format_id, tournament_id, name) VALUES (4, 2, 'Freestyle dressage');
INSERT INTO Medal (medal_id, format_id, type, year, location) VALUES (7, 4, 'MedalBronze', 2010, 'Kentucky');
INSERT INTO Tournament (tournament_id, athlete_id, name) VALUES (3, 1, 'World Cup');
INSERT INTO Format (format_id, tournament_id, name) VALUES (5, 3, 'Individual dressage');
INSERT INTO Medal (medal_id, format_id, type, year, location) VALUES (8, 5, 'MedalGold', 2009, 'Las Vegas');
INSERT INTO Medal (medal_id, format_id, type, year, location) VALUES (9, 5, 'MedalBronze', 2007, 'Las Vegas');
INSERT INTO Tournament (tournament_id, athlete_id, name) VALUES (4, 1, 'Pan American Games');
INSERT INTO Format (format_id, tournament_id, name) VALUES (6, 4, 'Individual dressage');
INSERT INTO Medal (medal_id, format_id, type, year, location) VALUES (10, 6, 'MedalGold', 2011, 'Guadalajara');
INSERT INTO Medal (medal_id, format_id, type, year, location) VALUES (11, 6, 'MedalGold', 2015, 'Toronto');
INSERT INTO Format (format_id, tournament_id, name) VALUES (7, 4, 'Team dressage');
INSERT INTO Medal (medal_id, format_id, type, year, location) VALUES (12, 7, 'MedalGold', 2011, 'Guadalajara');
INSERT INTO Medal (medal_id, format_id, type, year, location) VALUES (13, 7, 'MedalGold', 2015, 'Toronto');
