CREATE TABLE Athlete (athlete_id INTEGER PRIMARY KEY, name TEXT NOT NULL);
CREATE TABLE Tournament (tournament_id INTEGER PRIMARY KEY, athlete_id INTEGER, name TEXT NOT NULL);
CREATE TABLE Format (format_id INTEGER PRIMARY KEY, tournament_id INTEGER, name TEXT NOT NULL);
CREATE TABLE Medal (medal_id INTEGER PRIMARY KEY, format_id INTEGER, type TEXT NOT NULL, year INTEGER, location TEXT NOT NULL);
CREATE TABLE PersonalInformation (info_id INTEGER GENERATED ALWAYS AS IDENTITY PRIMARY KEY, athlete_id INTEGER, birth_year INTEGER, birth_month INTEGER, birth_day INTEGER);
INSERT INTO Athlete (athlete_id, name) VALUES (1, 'Letsile Tebogo');
INSERT INTO PersonalInformation (athlete_id, birth_year, birth_month, birth_day) VALUES (1, 2003, 6, 7);
INSERT INTO Tournament (tournament_id, athlete_id, name) VALUES (1, 1, 'World Championships');
INSERT INTO Format (format_id, tournament_id, name) VALUES (1, 1, '100 m');
INSERT INTO Medal (medal_id, format_id, type, year, location) VALUES (1, 1, 'MedalSilver', 2023, 'Budapest');
INSERT INTO Format (format_id, tournament_id, name) VALUES (2, 1, '200 m');
INSERT INTO Medal (medal_id, format_id, type, year, location) VALUES (2, 2, 'MedalBronze', 2023, 'Budapest');
INSERT INTO Tournament (tournament_id, athlete_id, name) VALUES (2, 1, 'World Relays');
INSERT INTO Format (format_id, tournament_id, name) VALUES (3, 2, '4x400 m relay');
INSERT INTO Medal (medal_id, format_id, type, year, location) VALUES (3, 3, 'MedalGold', 2024, 'Nassau');
INSERT INTO Tournament (tournament_id, athlete_id, name) VALUES (3, 1, 'African Championships');
INSERT INTO Format (format_id, tournament_id, name) VALUES (4, 3, '200 m');
INSERT INTO Medal (medal_id, format_id, type, year, location) VALUES (4, 4, 'MedalGold', 2022, 'Saint Pierre');
INSERT INTO Tournament (tournament_id, athlete_id, name) VALUES (4, 1, 'World U20 Championships');
INSERT INTO Format (format_id, tournament_id, name) VALUES (5, 4, '100 m');
INSERT INTO Medal (medal_id, format_id, type, year, location) VALUES (5, 5, 'MedalGold', 2021, 'Nairobi');
INSERT INTO Medal (medal_id, format_id, type, year, location) VALUES (6, 5, 'MedalGold', 2022, 'Cali');
INSERT INTO Format (format_id, tournament_id, name) VALUES (6, 4, '200 m');
INSERT INTO Medal (medal_id, format_id, type, year, location) VALUES (7, 6, 'MedalSilver', 2021, 'Nairobi');
INSERT INTO Medal (medal_id, format_id, type, year, location) VALUES (8, 6, 'MedalSilver', 2022, 'Cali');
