CREATE TABLE Athlete (athlete_id INTEGER PRIMARY KEY, name TEXT NOT NULL);
CREATE TABLE Tournament (tournament_id INTEGER PRIMARY KEY, athlete_id INTEGER, name TEXT NOT NULL);
CREATE TABLE Format (format_id INTEGER PRIMARY KEY, tournament_id INTEGER, name TEXT NOT NULL);
CREATE TABLE Medal (medal_id INTEGER PRIMARY KEY, format_id INTEGER, type TEXT NOT NULL, year INTEGER, location TEXT NOT NULL);
CREATE TABLE PersonalInformation (info_id INTEGER GENERATED ALWAYS AS IDENTITY PRIMARY KEY, athlete_id INTEGER, birth_year INTEGER, birth_month INTEGER, birth_day INTEGER);
INSERT INTO Athlete (athlete_id, name) VALUES (1, 'Zhang Jike');
INSERT INTO PersonalInformation (athlete_id, birth_year, birth_month, birth_day) VALUES (1, 1988, 2, 16);
INSERT INTO Tournament (tournament_id, athlete_id, name) VALUES (1, 1, 'Olympic Games');
INSERT INTO Format (format_id, tournament_id, name) VALUES (1, 1, 'Singles');
INSERT INTO Medal (medal_id, format_id, type, year, location) VALUES (1, 1, 'MedalGold', 2012, 'London');
INSERT INTO Medal (medal_id, format_id, type, year, location) VALUES (2, 1, 'MedalSilver', 2016, 'Rio de Janeiro');
INSERT INTO Format (format_id, tournament_id, name) VALUES (2, 1, 'Team');
INSERT INTO Medal (medal_id, format_id, type, year, location) VALUES (3, 2, 'MedalGold', 2012, 'London');
INSERT INTO Medal (medal_id, format_id, type, year, location) VALUES (4, 2, 'MedalGold', 2016, 'Rio de Janeiro');
INSERT INTO Tournament (tournament_id, athlete_id, name) VALUES (2, 1, 'World Championships');
INSERT INTO Format (format_id, tournament_id, name) VALUES (3, 2, 'Doubles');
INSERT INTO Medal (medal_id, format_id, type, year, location) VALUES (5, 3, 'MedalBronze', 2009, 'Yokohama');
INSERT INTO Medal (medal_id, format_id, type, year, location) VALUES (6, 3, 'MedalBronze', 2011, 'Rotterdam');
INSERT INTO Medal (medal_id, format_id, type, year, location) VALUES (7, 3, 'MedalGold', 2015, 'Suzhou');
INSERT INTO Format (format_id, tournament_id, name) VALUES (4, 2, 'Mixed doubles');
INSERT INTO Medal (medal_id, format_id, type, year, location) VALUES (8, 4, 'MedalSilver', 2009, 'Yokohama');
INSERT INTO Format (format_id, tournament_id, name) VALUES (5, 2, 'Team');
INSERT INTO Medal (medal_id, format_id, type, year, location) VALUES (9, 5, 'MedalGold', 2010, 'Moscow');
INSERT INTO Format (format_id, tournament_id, name) VALUES (6, 2, 'Singles');
INSERT INTO Medal (medal_id, format_id, type, year, location) VALUES (10, 6, 'MedalGold', 2011, 'Rotterdam');
INSERT INTO Medal (medal_id, format_id, type, year, location) VALUES (11, 6, 'MedalGold', 2013, 'Paris');
INSERT INTO Medal (medal_id, format_id, type, year, location) VALUES (12, 6, 'MedalBronze', 2015, 'Suzhou');
INSERT INTO Medal (medal_id, format_id, type, year, location) VALUES (13, 5, 'MedalGold', 2012, 'Dortmund');
INSERT INTO Medal (medal_id, format_id, type, year, location) VALUES (14, 5, 'MedalGold', 2014, 'Tokyo');
INSERT INTO Medal (medal_id, format_id, type, year, location) VALUES (15, 5, 'MedalGold', 2016, 'Kuala Lumpur');
INSERT INTO Tournament (tournament_id, athlete_id, name) VALUES (3, 1, 'World Cup');
INSERT INTO Format (format_id, tournament_id, name) VALUES (7, 3, 'Team');
INSERT INTO Medal (medal_id, format_id, type, year, location) VALUES (16, 7, 'MedalGold', 2009, 'Linz');
INSERT INTO Medal (medal_id, format_id, type, year, location) VALUES (17, 7, 'MedalGold', 2010, 'Dubai');
INSERT INTO Medal (medal_id, format_id, type, year, location) VALUES (18, 7, 'MedalGold', 2013, 'Guangzhou');
INSERT INTO Medal (medal_id, format_id, type, year, location) VALUES (19, 7, 'MedalGold', 2015, 'Dubai');
INSERT INTO Format (format_id, tournament_id, name) VALUES (8, 3, 'Singles');
INSERT INTO Medal (medal_id, format_id, type, year, location) VALUES (20, 8, 'MedalSilver', 2010, 'Magdeburg');
INSERT INTO Medal (medal_id, format_id, type, year, location) VALUES (21, 8, 'MedalGold', 2011, 'Paris');
INSERT INTO Medal (medal_id, format_id, type, year, location) VALUES (22, 8, 'MedalGold', 2014, 'Düsseldorf');
INSERT INTO Tournament (tournament_id, athlete_id, name) VALUES (4, 1, 'Asian Games');
INSERT INTO Format (format_id, tournament_id, name) VALUES (9, 4, 'Doubles');
INSERT INTO Medal (medal_id, format_id, type, year, location) VALUES (23, 9, 'MedalGold', 2010, 'Guangzhou');
INSERT INTO Medal (medal_id, format_id, type, year, location) VALUES (24, 9, 'MedalGold', 2014, 'Incheon');
INSERT INTO Format (format_id, tournament_id, name) VALUES (10, 4, 'Team');
INSERT INTO Medal (medal_id, format_id, type, year, location) VALUES (25, 10, 'MedalGold', 2010, 'Guangzhou');
INSERT INTO Medal (medal_id, format_id, type, year, location) VALUES (26, 10, 'MedalGold', 2014, 'Incheon');
INSERT INTO Tournament (tournament_id, athlete_id, name) VALUES (5, 1, 'Asian Championships');
INSERT INTO Format (format_id, tournament_id, name) VALUES (11, 5, 'Singles');
INSERT INTO Medal (medal_id, format_id, type, year, location) VALUES (27, 11, 'MedalSilver', 2009, 'Lucknow');
INSERT INTO Medal (medal_id, format_id, type, year, location) VALUES (28, 11, 'MedalSilver', 2011, 'Macau');
INSERT INTO Format (format_id, tournament_id, name) VALUES (12, 5, 'Team');
INSERT INTO Medal (medal_id, format_id, type, year, location) VALUES (29, 12, 'MedalGold', 2009, 'Lucknow');
INSERT INTO Medal (medal_id, format_id, type, year, location) VALUES (30, 12, 'MedalGold', 2011, 'Macau');
INSERT INTO Medal (medal_id, format_id, type, year, location) VALUES (31, 12, 'MedalGold', 2013, 'Busan');
INSERT INTO Medal (medal_id, format_id, type, year, location) VALUES (32, 12, 'MedalGold', 2015, 'Pattaya');
