CREATE TABLE Athlete (athlete_id INTEGER PRIMARY KEY, name TEXT NOT NULL);
CREATE TABLE Tournament (tournament_id INTEGER PRIMARY KEY, athlete_id INTEGER, name TEXT NOT NULL);
CREATE TABLE Format (format_id INTEGER PRIMARY KEY, tournament_id INTEGER, name TEXT NOT NULL);
CREATE TABLE Medal (medal_id INTEGER PRIMARY KEY, format_id INTEGER, type TEXT NOT NULL, year INTEGER, location TEXT NOT NULL);
CREATE TABLE PersonalInformation (info_id INTEGER GENERATED ALWAYS AS IDENTITY PRIMARY KEY, athlete_id INTEGER, birth_year INTEGER, birth_month INTEGER, birth_day INTEGER);
INSERT INTO Athlete (athlete_id, name) VALUES (1, 'Ranomi Kromowidjojo');
INSERT INTO PersonalInformation (athlete_id, birth_year, birth_month, birth_day) VALUES (1, 1990, 8, 20);
INSERT INTO Tournament (tournament_id, athlete_id, name) VALUES (1, 1, 'Olympic Games');
INSERT INTO Format (format_id, tournament_id, name) VALUES (1, 1, '4x100 m freestyle');
INSERT INTO Medal (medal_id, format_id, type, year, location) VALUES (1, 1, 'MedalGold', 2008, 'Beijing');
INSERT INTO Medal (medal_id, format_id, type, year, location) VALUES (2, 1, 'MedalSilver', 2012, 'London');
INSERT INTO Format (format_id, tournament_id, name) VALUES (2, 1, '50 m freestyle');
INSERT INTO Medal (medal_id, format_id, type, year, location) VALUES (3, 2, 'MedalGold', 2012, 'London');
INSERT INTO Format (format_id, tournament_id, name) VALUES (3, 1, '100 m freestyle');
INSERT INTO Medal (medal_id, format_id, type, year, location) VALUES (4, 3, 'MedalGold', 2012, 'London');
INSERT INTO Tournament (tournament_id, athlete_id, name) VALUES (2, 1, 'World Championships (LC)');
INSERT INTO Format (format_id, tournament_id, name) VALUES (4, 2, '4x100 m freestyle');
INSERT INTO Medal (medal_id, format_id, type, year, location) VALUES (5, 4, 'MedalGold', 2009, 'Rome');
INSERT INTO Medal (medal_id, format_id, type, year, location) VALUES (6, 4, 'MedalGold', 2011, 'Shanghai');
INSERT INTO Medal (medal_id, format_id, type, year, location) VALUES (7, 4, 'MedalSilver', 2015, 'Kazan');
INSERT INTO Medal (medal_id, format_id, type, year, location) VALUES (8, 4, 'MedalBronze', 2007, 'Melbourne');
INSERT INTO Medal (medal_id, format_id, type, year, location) VALUES (9, 4, 'MedalBronze', 2013, 'Barcelona');
INSERT INTO Medal (medal_id, format_id, type, year, location) VALUES (10, 4, 'MedalBronze', 2017, 'Budapest');
INSERT INTO Format (format_id, tournament_id, name) VALUES (5, 2, '50 m freestyle');
INSERT INTO Medal (medal_id, format_id, type, year, location) VALUES (11, 5, 'MedalGold', 2013, 'Barcelona');
INSERT INTO Medal (medal_id, format_id, type, year, location) VALUES (12, 5, 'MedalSilver', 2011, 'Shanghai');
INSERT INTO Medal (medal_id, format_id, type, year, location) VALUES (13, 5, 'MedalSilver', 2015, 'Kazan');
INSERT INTO Medal (medal_id, format_id, type, year, location) VALUES (14, 5, 'MedalSilver', 2017, 'Budapest');
INSERT INTO Format (format_id, tournament_id, name) VALUES (6, 2, '4x100 m mixed freestyle');
INSERT INTO Medal (medal_id, format_id, type, year, location) VALUES (15, 6, 'MedalSilver', 2015, 'Kazan');
INSERT INTO Medal (medal_id, format_id, type, year, location) VALUES (16, 6, 'MedalSilver', 2017, 'Budapest');
INSERT INTO Format (format_id, tournament_id, name) VALUES (7, 2, '50 m butterfly');
INSERT INTO Medal (medal_id, format_id, type, year, location) VALUES (17, 7, 'MedalSilver', 2017, 'Budapest');
INSERT INTO Medal (medal_id, format_id, type, year, location) VALUES (18, 7, 'MedalSilver', 2019, 'Gwangju');
INSERT INTO Medal (medal_id, format_id, type, year, location) VALUES (19, 7, 'MedalBronze', 2013, 'Barcelona');
INSERT INTO Format (format_id, tournament_id, name) VALUES (8, 2, '100 m freestyle');
INSERT INTO Medal (medal_id, format_id, type, year, location) VALUES (20, 8, 'MedalBronze', 2011, 'Shanghai');
INSERT INTO Medal (medal_id, format_id, type, year, location) VALUES (21, 8, 'MedalBronze', 2013, 'Barcelona');
INSERT INTO Tournament (tournament_id, athlete_id, name) VALUES (3, 1, 'World Championships (SC)');
INSERT INTO Format (format_id, tournament_id, name) VALUES (9, 3, '4x200 m freestyle');
INSERT INTO Medal (medal_id, format_id, type, year, location) VALUES (22, 9, 'MedalGold', 2008, 'Manchester');
INSERT INTO Format (format_id, tournament_id, name) VALUES (10, 3, '50 m freestyle');
INSERT INTO Medal (medal_id, format_id, type, year, location) VALUES (23, 10, 'MedalGold', 2010, 'Dubai');
INSERT INTO Medal (medal_id, format_id, type, year, location) VALUES (24, 10, 'MedalGold', 2014, 'Doha');
INSERT INTO Medal (medal_id, format_id, type, year, location) VALUES (25, 10, 'MedalGold', 2016, 'Windsor');
INSERT INTO Medal (medal_id, format_id, type, year, location) VALUES (26, 10, 'MedalGold', 2018, 'Hangzhou');
INSERT INTO Medal (medal_id, format_id, type, year, location) VALUES (27, 10, 'MedalSilver', 2021, 'Abu Dhabi');
INSERT INTO Format (format_id, tournament_id, name) VALUES (11, 3, '100 m freestyle');
INSERT INTO Medal (medal_id, format_id, type, year, location) VALUES (28, 11, 'MedalGold', 2010, 'Dubai');
INSERT INTO Medal (medal_id, format_id, type, year, location) VALUES (29, 11, 'MedalGold', 2018, 'Hangzhou');
INSERT INTO Medal (medal_id, format_id, type, year, location) VALUES (30, 11, 'MedalSilver', 2016, 'Windsor');
INSERT INTO Medal (medal_id, format_id, type, year, location) VALUES (31, 11, 'MedalBronze', 2014, 'Doha');
INSERT INTO Format (format_id, tournament_id, name) VALUES (12, 3, '4x100 m freestyle');
INSERT INTO Medal (medal_id, format_id, type, year, location) VALUES (32, 12, 'MedalGold', 2010, 'Dubai');
INSERT INTO Medal (medal_id, format_id, type, year, location) VALUES (33, 12, 'MedalGold', 2014, 'Doha');
INSERT INTO Medal (medal_id, format_id, type, year, location) VALUES (34, 12, 'MedalSilver', 2018, 'Hangzhou');
INSERT INTO Medal (medal_id, format_id, type, year, location) VALUES (35, 12, 'MedalBronze', 2016, 'Windsor');
INSERT INTO Format (format_id, tournament_id, name) VALUES (13, 3, '4x50 m freestyle');
INSERT INTO Medal (medal_id, format_id, type, year, location) VALUES (36, 13, 'MedalGold', 2014, 'Doha');
INSERT INTO Medal (medal_id, format_id, type, year, location) VALUES (37, 13, 'MedalSilver', 2016, 'Windsor');
INSERT INTO Medal (medal_id, format_id, type, year, location) VALUES (38, 13, 'MedalSilver', 2018, 'Hangzhou');
INSERT INTO Medal (medal_id, format_id, type, year, location) VALUES (39, 13, 'MedalBronze', 2021, 'Abu Dhabi');
INSERT INTO Medal (medal_id, format_id, type, year, location) VALUES (40, 9, 'MedalGold', 2014, 'Doha');
INSERT INTO Format (format_id, tournament_id, name) VALUES (14, 3, '50 m butterfly');
INSERT INTO Medal (medal_id, format_id, type, year, location) VALUES (41, 14, 'MedalGold', 2018, 'Hangzhou');
INSERT INTO Format (format_id, tournament_id, name) VALUES (15, 3, '4x50 m mixed freestyle');
INSERT INTO Medal (medal_id, format_id, type, year, location) VALUES (42, 15, 'MedalSilver', 2016, 'Windsor');
INSERT INTO Medal (medal_id, format_id, type, year, location) VALUES (43, 15, 'MedalSilver', 2018, 'Hangzhou');
INSERT INTO Medal (medal_id, format_id, type, year, location) VALUES (44, 15, 'MedalSilver', 2021, 'Abu Dhabi');
INSERT INTO Format (format_id, tournament_id, name) VALUES (16, 3, '4x50 m mixed medley');
INSERT INTO Medal (medal_id, format_id, type, year, location) VALUES (45, 16, 'MedalSilver', 2018, 'Hangzhou');
INSERT INTO Format (format_id, tournament_id, name) VALUES (17, 3, '4x50 m medley');
INSERT INTO Medal (medal_id, format_id, type, year, location) VALUES (46, 17, 'MedalBronze', 2018, 'Hangzhou');
INSERT INTO Medal (medal_id, format_id, type, year, location) VALUES (47, 17, 'MedalBronze', 2021, 'Abu Dhabi');
INSERT INTO Tournament (tournament_id, athlete_id, name) VALUES (4, 1, 'European Championships (LC)');
INSERT INTO Format (format_id, tournament_id, name) VALUES (18, 4, '4x100 m freestyle');
INSERT INTO Medal (medal_id, format_id, type, year, location) VALUES (48, 18, 'MedalGold', 2008, 'Eindhoven');
INSERT INTO Medal (medal_id, format_id, type, year, location) VALUES (49, 18, 'MedalSilver', 2006, 'Budapest');
INSERT INTO Format (format_id, tournament_id, name) VALUES (19, 4, '50 m freestyle');
INSERT INTO Medal (medal_id, format_id, type, year, location) VALUES (50, 19, 'MedalGold', 2016, 'London');
INSERT INTO Medal (medal_id, format_id, type, year, location) VALUES (51, 19, 'MedalGold', 2020, 'Budapest');
INSERT INTO Medal (medal_id, format_id, type, year, location) VALUES (52, 19, 'MedalBronze', 2018, 'Glasgow');
INSERT INTO Medal (medal_id, format_id, type, year, location) VALUES (53, 18, 'MedalGold', 2016, 'London');
INSERT INTO Medal (medal_id, format_id, type, year, location) VALUES (54, 18, 'MedalSilver', 2018, 'Glasgow');
INSERT INTO Medal (medal_id, format_id, type, year, location) VALUES (55, 18, 'MedalSilver', 2020, 'Budapest');
INSERT INTO Format (format_id, tournament_id, name) VALUES (20, 4, '4x100 m mixed freestyle');
INSERT INTO Medal (medal_id, format_id, type, year, location) VALUES (56, 20, 'MedalGold', 2016, 'London');
INSERT INTO Medal (medal_id, format_id, type, year, location) VALUES (57, 20, 'MedalSilver', 2018, 'Glasgow');
INSERT INTO Medal (medal_id, format_id, type, year, location) VALUES (58, 20, 'MedalSilver', 2020, 'Budapest');
INSERT INTO Format (format_id, tournament_id, name) VALUES (21, 4, '50 m butterfly');
INSERT INTO Medal (medal_id, format_id, type, year, location) VALUES (59, 21, 'MedalGold', 2020, 'Budapest');
INSERT INTO Format (format_id, tournament_id, name) VALUES (22, 4, '100 m freestyle');
INSERT INTO Medal (medal_id, format_id, type, year, location) VALUES (60, 22, 'MedalSilver', 2016, 'London');
INSERT INTO Format (format_id, tournament_id, name) VALUES (23, 4, '4x100 m mixed medley');
INSERT INTO Medal (medal_id, format_id, type, year, location) VALUES (61, 23, 'MedalSilver', 2020, 'Budapest');
INSERT INTO Tournament (tournament_id, athlete_id, name) VALUES (5, 1, 'European Championships (SC)');
INSERT INTO Format (format_id, tournament_id, name) VALUES (24, 5, '4x50 m freestyle');
INSERT INTO Medal (medal_id, format_id, type, year, location) VALUES (62, 24, 'MedalGold', 2007, 'Debrecen');
INSERT INTO Medal (medal_id, format_id, type, year, location) VALUES (63, 24, 'MedalGold', 2008, 'Rijeka');
INSERT INTO Medal (medal_id, format_id, type, year, location) VALUES (64, 24, 'MedalGold', 2009, 'Istanbul');
INSERT INTO Medal (medal_id, format_id, type, year, location) VALUES (65, 24, 'MedalGold', 2010, 'Eindhoven');
INSERT INTO Medal (medal_id, format_id, type, year, location) VALUES (66, 24, 'MedalSilver', 2015, 'Netanya');
INSERT INTO Format (format_id, tournament_id, name) VALUES (25, 5, '4x50 m medley');
INSERT INTO Medal (medal_id, format_id, type, year, location) VALUES (67, 25, 'MedalGold', 2008, 'Rijeka');
INSERT INTO Medal (medal_id, format_id, type, year, location) VALUES (68, 25, 'MedalGold', 2009, 'Istanbul');
INSERT INTO Medal (medal_id, format_id, type, year, location) VALUES (69, 25, 'MedalGold', 2010, 'Eindhoven');
INSERT INTO Medal (medal_id, format_id, type, year, location) VALUES (70, 25, 'MedalGold', 2015, 'Netanya');
INSERT INTO Format (format_id, tournament_id, name) VALUES (26, 5, '50 m freestyle');
INSERT INTO Medal (medal_id, format_id, type, year, location) VALUES (71, 26, 'MedalGold', 2010, 'Eindhoven');
INSERT INTO Medal (medal_id, format_id, type, year, location) VALUES (72, 26, 'MedalGold', 2013, 'Herning');
INSERT INTO Medal (medal_id, format_id, type, year, location) VALUES (73, 26, 'MedalGold', 2015, 'Netanya');
INSERT INTO Medal (medal_id, format_id, type, year, location) VALUES (74, 26, 'MedalSilver', 2009, 'Istanbul');
INSERT INTO Format (format_id, tournament_id, name) VALUES (27, 5, '100 m freestyle');
INSERT INTO Medal (medal_id, format_id, type, year, location) VALUES (75, 27, 'MedalGold', 2010, 'Eindhoven');
INSERT INTO Medal (medal_id, format_id, type, year, location) VALUES (76, 27, 'MedalGold', 2013, 'Herning');
INSERT INTO Medal (medal_id, format_id, type, year, location) VALUES (77, 27, 'MedalSilver', 2009, 'Istanbul');
INSERT INTO Medal (medal_id, format_id, type, year, location) VALUES (78, 27, 'MedalSilver', 2015, 'Netanya');
INSERT INTO Medal (medal_id, format_id, type, year, location) VALUES (79, 27, 'MedalBronze', 2008, 'Rijeka');
INSERT INTO Medal (medal_id, format_id, type, year, location) VALUES (80, 27, 'MedalGold', 2017, 'Copenhagen');
INSERT INTO Format (format_id, tournament_id, name) VALUES (28, 5, '50 m butterfly');
INSERT INTO Medal (medal_id, format_id, type, year, location) VALUES (81, 28, 'MedalGold', 2017, 'Copenhagen');
INSERT INTO Medal (medal_id, format_id, type, year, location) VALUES (82, 24, 'MedalGold', 2017, 'Copenhagen');
INSERT INTO Format (format_id, tournament_id, name) VALUES (29, 5, '4x50 m mixed freestyle');
INSERT INTO Medal (medal_id, format_id, type, year, location) VALUES (83, 29, 'MedalGold', 2017, 'Copenhagen');
INSERT INTO Medal (medal_id, format_id, type, year, location) VALUES (84, 29, 'MedalBronze', 2013, 'Herning');
INSERT INTO Format (format_id, tournament_id, name) VALUES (30, 5, '4x50 m mixed medley');
INSERT INTO Medal (medal_id, format_id, type, year, location) VALUES (85, 30, 'MedalGold', 2017, 'Copenhagen');
INSERT INTO Medal (medal_id, format_id, type, year, location) VALUES (86, 26, 'MedalSilver', 2017, 'Copenhagen');
INSERT INTO Medal (medal_id, format_id, type, year, location) VALUES (87, 29, 'MedalBronze', 2015, 'Netanya');
