CREATE TABLE Athlete (athlete_id INTEGER PRIMARY KEY, name TEXT NOT NULL);
CREATE TABLE Tournament (tournament_id INTEGER PRIMARY KEY, athlete_id INTEGER, name TEXT NOT NULL);
CREATE TABLE Format (format_id INTEGER PRIMARY KEY, tournament_id INTEGER, name TEXT NOT NULL);
CREATE TABLE Medal (medal_id INTEGER PRIMARY KEY, format_id INTEGER, type TEXT NOT NULL, year INTEGER, location TEXT NOT NULL);
CREATE TABLE PersonalInformation (info_id INTEGER GENERATED ALWAYS AS IDENTITY PRIMARY KEY, athlete_id INTEGER, birth_year INTEGER, birth_month INTEGER, birth_day INTEGER);
INSERT INTO Athlete (athlete_id, name) VALUES (1, 'Ovidiu Ionescu');
INSERT INTO PersonalInformation (athlete_id, birth_year, birth_month, birth_day) VALUES (1, 1989, 6, 28);
INSERT INTO Tournament (tournament_id, athlete_id, name) VALUES (1, 1, 'World Championships');
INSERT INTO Format (format_id, tournament_id, name) VALUES (1, 1, 'Doubles');
INSERT INTO Medal (medal_id, format_id, type, year, location) VALUES (1, 1, 'MedalSilver', 2019, 'Budapest');
INSERT INTO Tournament (tournament_id, athlete_id, name) VALUES (2, 1, 'European Games');
INSERT INTO Format (format_id, tournament_id, name) VALUES (2, 2, 'Mixed doubles');
INSERT INTO Medal (medal_id, format_id, type, year, location) VALUES (2, 2, 'MedalSilver', 2019, 'Minsk');
INSERT INTO Medal (medal_id, format_id, type, year, location) VALUES (3, 2, 'MedalBronze', 2023, 'Kraków');
INSERT INTO Tournament (tournament_id, athlete_id, name) VALUES (3, 1, 'European Championships');
INSERT INTO Format (format_id, tournament_id, name) VALUES (3, 3, 'Singles');
INSERT INTO Medal (medal_id, format_id, type, year, location) VALUES (4, 3, 'MedalSilver', 2018, 'Alicante');
INSERT INTO Format (format_id, tournament_id, name) VALUES (4, 3, 'Mixed doubles');
INSERT INTO Medal (medal_id, format_id, type, year, location) VALUES (5, 4, 'MedalSilver', 2022, 'Munich');
INSERT INTO Format (format_id, tournament_id, name) VALUES (5, 3, 'Mixed Doubles');
INSERT INTO Medal (medal_id, format_id, type, year, location) VALUES (6, 5, 'MedalBronze', 2012, 'Buzău');
INSERT INTO Medal (medal_id, format_id, type, year, location) VALUES (7, 5, 'MedalBronze', 2016, 'Budapest');
