CREATE TABLE Athlete (athlete_id INTEGER PRIMARY KEY, name TEXT NOT NULL);
CREATE TABLE Tournament (tournament_id INTEGER PRIMARY KEY, athlete_id INTEGER, name TEXT NOT NULL);
CREATE TABLE Format (format_id INTEGER PRIMARY KEY, tournament_id INTEGER, name TEXT NOT NULL);
CREATE TABLE Medal (medal_id INTEGER PRIMARY KEY, format_id INTEGER, type TEXT NOT NULL, year INTEGER, location TEXT NOT NULL);
CREATE TABLE PersonalInformation (info_id INTEGER GENERATED ALWAYS AS IDENTITY PRIMARY KEY, athlete_id INTEGER, birth_year INTEGER, birth_month INTEGER, birth_day INTEGER);
INSERT INTO Athlete (athlete_id, name) VALUES (1, 'Tyson Gay');
INSERT INTO PersonalInformation (athlete_id, birth_year, birth_month, birth_day) VALUES (1, 1982, 8, 9);
INSERT INTO Tournament (tournament_id, athlete_id, name) VALUES (1, 1, 'World Championships');
INSERT INTO Format (format_id, tournament_id, name) VALUES (1, 1, '100 m');
INSERT INTO Medal (medal_id, format_id, type, year, location) VALUES (1, 1, 'MedalGold', 2007, 'Osaka');
INSERT INTO Medal (medal_id, format_id, type, year, location) VALUES (2, 1, 'MedalSilver', 2009, 'Berlin');
INSERT INTO Format (format_id, tournament_id, name) VALUES (2, 1, '200 m');
INSERT INTO Medal (medal_id, format_id, type, year, location) VALUES (3, 2, 'MedalGold', 2007, 'Osaka');
INSERT INTO Format (format_id, tournament_id, name) VALUES (3, 1, '4x100 m relay');
INSERT INTO Medal (medal_id, format_id, type, year, location) VALUES (4, 3, 'MedalGold', 2007, 'Osaka');
INSERT INTO Tournament (tournament_id, athlete_id, name) VALUES (2, 1, 'World Cup');
INSERT INTO Format (format_id, tournament_id, name) VALUES (4, 2, '100 m');
INSERT INTO Medal (medal_id, format_id, type, year, location) VALUES (5, 4, 'MedalGold', 2006, 'Athens');
INSERT INTO Format (format_id, tournament_id, name) VALUES (5, 2, '4x100 m relay');
INSERT INTO Medal (medal_id, format_id, type, year, location) VALUES (6, 5, 'MedalGold', 2006, 'Athens');
INSERT INTO Tournament (tournament_id, athlete_id, name) VALUES (3, 1, 'World Relays');
INSERT INTO Format (format_id, tournament_id, name) VALUES (6, 3, '4x100 m relay');
INSERT INTO Medal (medal_id, format_id, type, year, location) VALUES (7, 6, 'MedalGold', 2015, 'Nassau');
INSERT INTO Tournament (tournament_id, athlete_id, name) VALUES (4, 1, 'World Athletics Final');
INSERT INTO Format (format_id, tournament_id, name) VALUES (7, 4, '200 m');
INSERT INTO Medal (medal_id, format_id, type, year, location) VALUES (8, 7, 'MedalGold', 2005, 'Monaco');
INSERT INTO Medal (medal_id, format_id, type, year, location) VALUES (9, 7, 'MedalGold', 2006, 'Stuttgart');
INSERT INTO Format (format_id, tournament_id, name) VALUES (8, 4, '100 m');
INSERT INTO Medal (medal_id, format_id, type, year, location) VALUES (10, 8, 'MedalGold', 2009, 'Thessaloniki');
INSERT INTO Medal (medal_id, format_id, type, year, location) VALUES (11, 8, 'MedalBronze', 2006, 'Stuttgart');
INSERT INTO Tournament (tournament_id, athlete_id, name) VALUES (5, 1, 'Diamond League Final');
INSERT INTO Format (format_id, tournament_id, name) VALUES (9, 5, '100 m');
INSERT INTO Medal (medal_id, format_id, type, year, location) VALUES (12, 9, 'MedalGold', 2010, 'Brussels');
INSERT INTO Tournament (tournament_id, athlete_id, name) VALUES (6, 1, 'NACAC U');
INSERT INTO Format (format_id, tournament_id, name) VALUES (10, 6, '4x100 m relay');
INSERT INTO Medal (medal_id, format_id, type, year, location) VALUES (13, 10, 'MedalGold', 2002, 'San Antonio');
INSERT INTO Tournament (tournament_id, athlete_id, name) VALUES (7, 1, 'Continental Cup');
INSERT INTO Format (format_id, tournament_id, name) VALUES (11, 7, '4x100 m relay');
INSERT INTO Medal (medal_id, format_id, type, year, location) VALUES (14, 11, 'MedalGold', 2010, 'Split');
