CREATE TABLE Athlete (athlete_id INTEGER PRIMARY KEY, name TEXT NOT NULL);
CREATE TABLE Tournament (tournament_id INTEGER PRIMARY KEY, athlete_id INTEGER, name TEXT NOT NULL);
CREATE TABLE Format (format_id INTEGER PRIMARY KEY, tournament_id INTEGER, name TEXT NOT NULL);
CREATE TABLE Medal (medal_id INTEGER PRIMARY KEY, format_id INTEGER, type TEXT NOT NULL, year INTEGER, location TEXT NOT NULL);
CREATE TABLE PersonalInformation (info_id INTEGER GENERATED ALWAYS AS IDENTITY PRIMARY KEY, athlete_id INTEGER, birth_year INTEGER, birth_month INTEGER, birth_day INTEGER);
INSERT INTO Athlete (athlete_id, name) VALUES (1, 'Dimitrij Ovtcharov');
INSERT INTO PersonalInformation (athlete_id, birth_year, birth_month, birth_day) VALUES (1, 1988, 9, 2);
INSERT INTO Tournament (tournament_id, athlete_id, name) VALUES (1, 1, 'Olympic Games');
INSERT INTO Format (format_id, tournament_id, name) VALUES (1, 1, 'Team');
INSERT INTO Medal (medal_id, format_id, type, year, location) VALUES (1, 1, 'MedalSilver', 2008, 'Beijing');
INSERT INTO Medal (medal_id, format_id, type, year, location) VALUES (2, 1, 'MedalSilver', 2020, 'Tokyo');
INSERT INTO Medal (medal_id, format_id, type, year, location) VALUES (3, 1, 'MedalBronze', 2012, 'London');
INSERT INTO Medal (medal_id, format_id, type, year, location) VALUES (4, 1, 'MedalBronze', 2016, 'Rio de Janeiro');
INSERT INTO Format (format_id, tournament_id, name) VALUES (2, 1, 'Singles');
INSERT INTO Medal (medal_id, format_id, type, year, location) VALUES (5, 2, 'MedalBronze', 2012, 'London');
INSERT INTO Medal (medal_id, format_id, type, year, location) VALUES (6, 2, 'MedalBronze', 2020, 'Tokyo');
INSERT INTO Tournament (tournament_id, athlete_id, name) VALUES (2, 1, 'World Championships');
INSERT INTO Format (format_id, tournament_id, name) VALUES (3, 2, 'Team');
INSERT INTO Medal (medal_id, format_id, type, year, location) VALUES (7, 3, 'MedalSilver', 2010, 'Moscow');
INSERT INTO Medal (medal_id, format_id, type, year, location) VALUES (8, 3, 'MedalSilver', 2012, 'Dortmund');
INSERT INTO Medal (medal_id, format_id, type, year, location) VALUES (9, 3, 'MedalSilver', 2014, 'Tokyo');
INSERT INTO Medal (medal_id, format_id, type, year, location) VALUES (10, 3, 'MedalSilver', 2018, 'Halmstad');
INSERT INTO Format (format_id, tournament_id, name) VALUES (4, 2, 'Doubles');
INSERT INTO Medal (medal_id, format_id, type, year, location) VALUES (11, 4, 'MedalBronze', 2023, 'Durban');
INSERT INTO Tournament (tournament_id, athlete_id, name) VALUES (3, 1, 'World Cup');
INSERT INTO Format (format_id, tournament_id, name) VALUES (5, 3, 'Singles');
INSERT INTO Medal (medal_id, format_id, type, year, location) VALUES (12, 5, 'MedalGold', 2017, 'Liège');
INSERT INTO Medal (medal_id, format_id, type, year, location) VALUES (13, 5, 'MedalBronze', 2013, 'Verviers');
INSERT INTO Medal (medal_id, format_id, type, year, location) VALUES (14, 5, 'MedalBronze', 2015, 'Halmstad');
INSERT INTO Format (format_id, tournament_id, name) VALUES (6, 3, 'Team');
INSERT INTO Medal (medal_id, format_id, type, year, location) VALUES (15, 6, 'MedalBronze', 2009, 'Linz');
INSERT INTO Medal (medal_id, format_id, type, year, location) VALUES (16, 6, 'MedalBronze', 2011, 'Magdeburg');
INSERT INTO Tournament (tournament_id, athlete_id, name) VALUES (4, 1, 'European Games');
INSERT INTO Format (format_id, tournament_id, name) VALUES (7, 4, 'Singles');
INSERT INTO Medal (medal_id, format_id, type, year, location) VALUES (17, 7, 'MedalGold', 2015, 'Baku');
INSERT INTO Format (format_id, tournament_id, name) VALUES (8, 4, 'Team');
INSERT INTO Medal (medal_id, format_id, type, year, location) VALUES (18, 8, 'MedalGold', 2019, 'Minsk');
INSERT INTO Medal (medal_id, format_id, type, year, location) VALUES (19, 8, 'MedalGold', 2023, 'Kraków');
INSERT INTO Tournament (tournament_id, athlete_id, name) VALUES (5, 1, 'European Championships');
INSERT INTO Format (format_id, tournament_id, name) VALUES (9, 5, 'Team');
INSERT INTO Medal (medal_id, format_id, type, year, location) VALUES (20, 9, 'MedalGold', 2007, 'Belgrade');
INSERT INTO Medal (medal_id, format_id, type, year, location) VALUES (21, 9, 'MedalGold', 2008, 'Saint');
INSERT INTO Medal (medal_id, format_id, type, year, location) VALUES (22, 9, 'MedalGold', 2009, 'Stuttgart');
INSERT INTO Medal (medal_id, format_id, type, year, location) VALUES (23, 9, 'MedalGold', 2010, 'Ostrava');
INSERT INTO Medal (medal_id, format_id, type, year, location) VALUES (24, 9, 'MedalGold', 2011, 'Sopot');
INSERT INTO Medal (medal_id, format_id, type, year, location) VALUES (25, 9, 'MedalGold', 2013, 'Schwechat');
INSERT INTO Medal (medal_id, format_id, type, year, location) VALUES (26, 9, 'MedalGold', 2017, 'Luxembourg City');
INSERT INTO Medal (medal_id, format_id, type, year, location) VALUES (27, 9, 'MedalGold', 2019, 'Nantes');
INSERT INTO Medal (medal_id, format_id, type, year, location) VALUES (28, 9, 'MedalSilver', 2014, 'Lisbon');
INSERT INTO Medal (medal_id, format_id, type, year, location) VALUES (29, 9, 'MedalSilver', 2015, 'Ekaterinburg');
INSERT INTO Format (format_id, tournament_id, name) VALUES (10, 5, 'Singles');
INSERT INTO Medal (medal_id, format_id, type, year, location) VALUES (30, 10, 'MedalGold', 2013, 'Schwechat');
INSERT INTO Medal (medal_id, format_id, type, year, location) VALUES (31, 10, 'MedalGold', 2015, 'Ekaterinburg');
INSERT INTO Medal (medal_id, format_id, type, year, location) VALUES (32, 10, 'MedalSilver', 2020, 'Warsaw');
INSERT INTO Medal (medal_id, format_id, type, year, location) VALUES (33, 10, 'MedalBronze', 2007, 'Belgrade');
INSERT INTO Format (format_id, tournament_id, name) VALUES (11, 5, 'Doubles');
INSERT INTO Medal (medal_id, format_id, type, year, location) VALUES (34, 11, 'MedalBronze', 2012, 'Herning');
INSERT INTO Tournament (tournament_id, athlete_id, name) VALUES (6, 1, 'Europe Top');
INSERT INTO Format (format_id, tournament_id, name) VALUES (12, 6, 'Singles');
INSERT INTO Medal (medal_id, format_id, type, year, location) VALUES (35, 12, 'MedalGold', 2012, 'Lyon');
INSERT INTO Medal (medal_id, format_id, type, year, location) VALUES (36, 12, 'MedalGold', 2015, 'Baku');
INSERT INTO Medal (medal_id, format_id, type, year, location) VALUES (37, 12, 'MedalGold', 2016, 'Gondomar');
INSERT INTO Medal (medal_id, format_id, type, year, location) VALUES (38, 12, 'MedalGold', 2017, 'Antibes');
INSERT INTO Medal (medal_id, format_id, type, year, location) VALUES (39, 12, 'MedalGold', 2019, 'Montreux');
INSERT INTO Medal (medal_id, format_id, type, year, location) VALUES (40, 12, 'MedalSilver', 2018, 'Montreux');
INSERT INTO Medal (medal_id, format_id, type, year, location) VALUES (41, 12, 'MedalBronze', 2014, 'Lausanne');
INSERT INTO Medal (medal_id, format_id, type, year, location) VALUES (42, 12, 'MedalBronze', 2023, 'Montreux');
