CREATE TABLE Athlete (athlete_id INTEGER PRIMARY KEY, name TEXT NOT NULL);
CREATE TABLE Tournament (tournament_id INTEGER PRIMARY KEY, athlete_id INTEGER, name TEXT NOT NULL);
CREATE TABLE Format (format_id INTEGER PRIMARY KEY, tournament_id INTEGER, name TEXT NOT NULL);
CREATE TABLE Medal (medal_id INTEGER PRIMARY KEY, format_id INTEGER, type TEXT NOT NULL, year INTEGER, location TEXT NOT NULL);
CREATE TABLE PersonalInformation (info_id INTEGER GENERATED ALWAYS AS IDENTITY PRIMARY KEY, athlete_id INTEGER, birth_year INTEGER, birth_month INTEGER, birth_day INTEGER);
INSERT INTO Athlete (athlete_id, name) VALUES (1, 'Zach Apple');
INSERT INTO PersonalInformation (athlete_id, birth_year, birth_month, birth_day) VALUES (1, 1997, 4, 23);
INSERT INTO Tournament (tournament_id, athlete_id, name) VALUES (1, 1, 'Olympic Games');
INSERT INTO Format (format_id, tournament_id, name) VALUES (1, 1, '4x100 m freestyle');
INSERT INTO Medal (medal_id, format_id, type, year, location) VALUES (1, 1, 'MedalGold', 2020, 'Tokyo');
INSERT INTO Format (format_id, tournament_id, name) VALUES (2, 1, '4x100 m medley');
INSERT INTO Medal (medal_id, format_id, type, year, location) VALUES (2, 2, 'MedalGold', 2020, 'Tokyo');
INSERT INTO Tournament (tournament_id, athlete_id, name) VALUES (2, 1, 'World Championships (LC)');
INSERT INTO Format (format_id, tournament_id, name) VALUES (3, 2, '4x100 m freestyle');
INSERT INTO Medal (medal_id, format_id, type, year, location) VALUES (3, 3, 'MedalGold', 2017, 'Budapest');
INSERT INTO Medal (medal_id, format_id, type, year, location) VALUES (4, 3, 'MedalGold', 2019, 'Gwangju');
INSERT INTO Format (format_id, tournament_id, name) VALUES (4, 2, '4x100 m mixed freestyle');
INSERT INTO Medal (medal_id, format_id, type, year, location) VALUES (5, 4, 'MedalGold', 2019, 'Gwangju');
INSERT INTO Format (format_id, tournament_id, name) VALUES (5, 2, '4x100 m medley');
INSERT INTO Medal (medal_id, format_id, type, year, location) VALUES (6, 5, 'MedalSilver', 2019, 'Gwangju');
INSERT INTO Format (format_id, tournament_id, name) VALUES (6, 2, '4x200 m freestyle');
INSERT INTO Medal (medal_id, format_id, type, year, location) VALUES (7, 6, 'MedalBronze', 2019, 'Gwangju');
INSERT INTO Tournament (tournament_id, athlete_id, name) VALUES (3, 1, 'World Championships (SC)');
INSERT INTO Format (format_id, tournament_id, name) VALUES (7, 3, '4x50 m medley');
INSERT INTO Medal (medal_id, format_id, type, year, location) VALUES (8, 7, 'MedalGold', 2021, 'Abu Dhabi');
INSERT INTO Format (format_id, tournament_id, name) VALUES (8, 3, '4x100 m medley');
INSERT INTO Medal (medal_id, format_id, type, year, location) VALUES (9, 8, 'MedalSilver', 2021, 'Abu Dhabi');
INSERT INTO Format (format_id, tournament_id, name) VALUES (9, 3, '4x100 m freestyle');
INSERT INTO Medal (medal_id, format_id, type, year, location) VALUES (10, 9, 'MedalBronze', 2021, 'Abu Dhabi');
INSERT INTO Tournament (tournament_id, athlete_id, name) VALUES (4, 1, 'Pan Pacific Championships');
INSERT INTO Format (format_id, tournament_id, name) VALUES (10, 4, '4x200 m freestyle');
INSERT INTO Medal (medal_id, format_id, type, year, location) VALUES (11, 10, 'MedalGold', 2018, 'Tokyo');
INSERT INTO Tournament (tournament_id, athlete_id, name) VALUES (5, 1, 'World University Games');
INSERT INTO Format (format_id, tournament_id, name) VALUES (11, 5, '100 m freestyle');
INSERT INTO Medal (medal_id, format_id, type, year, location) VALUES (12, 11, 'MedalGold', 2019, 'Naples');
INSERT INTO Format (format_id, tournament_id, name) VALUES (12, 5, '200 m freestyle');
INSERT INTO Medal (medal_id, format_id, type, year, location) VALUES (13, 12, 'MedalGold', 2019, 'Naples');
INSERT INTO Format (format_id, tournament_id, name) VALUES (13, 5, '4x100 m freestyle');
INSERT INTO Medal (medal_id, format_id, type, year, location) VALUES (14, 13, 'MedalGold', 2019, 'Naples');
INSERT INTO Format (format_id, tournament_id, name) VALUES (14, 5, '4x200 m freestyle');
INSERT INTO Medal (medal_id, format_id, type, year, location) VALUES (15, 14, 'MedalGold', 2019, 'Naples');
INSERT INTO Format (format_id, tournament_id, name) VALUES (15, 5, '4x100 m medley');
INSERT INTO Medal (medal_id, format_id, type, year, location) VALUES (16, 15, 'MedalGold', 2019, 'Naples');
