CREATE TABLE Athlete (athlete_id INTEGER PRIMARY KEY, name TEXT NOT NULL);
CREATE TABLE Tournament (tournament_id INTEGER PRIMARY KEY, athlete_id INTEGER, name TEXT NOT NULL);
CREATE TABLE Format (format_id INTEGER PRIMARY KEY, tournament_id INTEGER, name TEXT NOT NULL);
CREATE TABLE Medal (medal_id INTEGER PRIMARY KEY, format_id INTEGER, type TEXT NOT NULL, year INTEGER, location TEXT NOT NULL);
CREATE TABLE PersonalInformation (info_id INTEGER GENERATED ALWAYS AS IDENTITY PRIMARY KEY, athlete_id INTEGER, birth_year INTEGER, birth_month INTEGER, birth_day INTEGER);
INSERT INTO Athlete (athlete_id, name) VALUES (1, 'Cate Campbell');
INSERT INTO PersonalInformation (athlete_id, birth_year, birth_month, birth_day) VALUES (1, 1992, 5, 20);
INSERT INTO Tournament (tournament_id, athlete_id, name) VALUES (1, 1, 'Olympic Games');
INSERT INTO Format (format_id, tournament_id, name) VALUES (1, 1, '4x100 m freestyle');
INSERT INTO Medal (medal_id, format_id, type, year, location) VALUES (1, 1, 'MedalGold', 2012, 'London');
INSERT INTO Medal (medal_id, format_id, type, year, location) VALUES (2, 1, 'MedalGold', 2016, 'Rio de Janeiro');
INSERT INTO Medal (medal_id, format_id, type, year, location) VALUES (3, 1, 'MedalGold', 2020, 'Tokyo');
INSERT INTO Medal (medal_id, format_id, type, year, location) VALUES (4, 1, 'MedalBronze', 2008, 'Beijing');
INSERT INTO Format (format_id, tournament_id, name) VALUES (2, 1, '4x100 m medley');
INSERT INTO Medal (medal_id, format_id, type, year, location) VALUES (5, 2, 'MedalGold', 2020, 'Tokyo');
INSERT INTO Medal (medal_id, format_id, type, year, location) VALUES (6, 2, 'MedalSilver', 2016, 'Rio de Janeiro');
INSERT INTO Format (format_id, tournament_id, name) VALUES (3, 1, '50 m freestyle');
INSERT INTO Medal (medal_id, format_id, type, year, location) VALUES (7, 3, 'MedalBronze', 2008, 'Beijing');
INSERT INTO Format (format_id, tournament_id, name) VALUES (4, 1, '100 m freestyle');
INSERT INTO Medal (medal_id, format_id, type, year, location) VALUES (8, 4, 'MedalBronze', 2020, 'Tokyo');
INSERT INTO Tournament (tournament_id, athlete_id, name) VALUES (2, 1, 'World Championships (LC)');
INSERT INTO Format (format_id, tournament_id, name) VALUES (5, 2, '100 m freestyle');
INSERT INTO Medal (medal_id, format_id, type, year, location) VALUES (9, 5, 'MedalGold', 2013, 'Barcelona');
INSERT INTO Medal (medal_id, format_id, type, year, location) VALUES (10, 5, 'MedalSilver', 2019, 'Gwangju');
INSERT INTO Medal (medal_id, format_id, type, year, location) VALUES (11, 5, 'MedalBronze', 2015, 'Kazan');
INSERT INTO Format (format_id, tournament_id, name) VALUES (6, 2, '4x100 m freestyle');
INSERT INTO Medal (medal_id, format_id, type, year, location) VALUES (12, 6, 'MedalGold', 2015, 'Kazan');
INSERT INTO Medal (medal_id, format_id, type, year, location) VALUES (13, 6, 'MedalGold', 2019, 'Gwangju');
INSERT INTO Medal (medal_id, format_id, type, year, location) VALUES (14, 6, 'MedalSilver', 2013, 'Barcelona');
INSERT INTO Format (format_id, tournament_id, name) VALUES (7, 2, '4x100 m mixed medley');
INSERT INTO Medal (medal_id, format_id, type, year, location) VALUES (15, 7, 'MedalGold', 2019, 'Gwangju');
INSERT INTO Format (format_id, tournament_id, name) VALUES (8, 2, '50 m freestyle');
INSERT INTO Medal (medal_id, format_id, type, year, location) VALUES (16, 8, 'MedalSilver', 2013, 'Barcelona');
INSERT INTO Medal (medal_id, format_id, type, year, location) VALUES (17, 8, 'MedalBronze', 2009, 'Rome');
INSERT INTO Medal (medal_id, format_id, type, year, location) VALUES (18, 8, 'MedalBronze', 2019, 'Gwangju');
INSERT INTO Format (format_id, tournament_id, name) VALUES (9, 2, '4x100 m medley');
INSERT INTO Medal (medal_id, format_id, type, year, location) VALUES (19, 9, 'MedalSilver', 2013, 'Barcelona');
INSERT INTO Medal (medal_id, format_id, type, year, location) VALUES (20, 9, 'MedalSilver', 2019, 'Gwangju');
INSERT INTO Tournament (tournament_id, athlete_id, name) VALUES (3, 1, 'Pan Pacific Championships');
INSERT INTO Format (format_id, tournament_id, name) VALUES (10, 3, '50 m freestyle');
INSERT INTO Medal (medal_id, format_id, type, year, location) VALUES (21, 10, 'MedalGold', 2014, 'Gold Coast');
INSERT INTO Medal (medal_id, format_id, type, year, location) VALUES (22, 10, 'MedalGold', 2018, 'Tokyo');
INSERT INTO Format (format_id, tournament_id, name) VALUES (11, 3, '100 m freestyle');
INSERT INTO Medal (medal_id, format_id, type, year, location) VALUES (23, 11, 'MedalGold', 2014, 'Gold Coast');
INSERT INTO Medal (medal_id, format_id, type, year, location) VALUES (24, 11, 'MedalGold', 2018, 'Tokyo');
INSERT INTO Format (format_id, tournament_id, name) VALUES (12, 3, '4x100 m freestyle');
INSERT INTO Medal (medal_id, format_id, type, year, location) VALUES (25, 12, 'MedalGold', 2014, 'Gold Coast');
INSERT INTO Medal (medal_id, format_id, type, year, location) VALUES (26, 12, 'MedalGold', 2018, 'Tokyo');
INSERT INTO Format (format_id, tournament_id, name) VALUES (13, 3, '4x100 m medley');
INSERT INTO Medal (medal_id, format_id, type, year, location) VALUES (27, 13, 'MedalGold', 2014, 'Gold Coast');
INSERT INTO Medal (medal_id, format_id, type, year, location) VALUES (28, 13, 'MedalGold', 2018, 'Tokyo');
INSERT INTO Format (format_id, tournament_id, name) VALUES (14, 3, '4x100 m mixed medley');
INSERT INTO Medal (medal_id, format_id, type, year, location) VALUES (29, 14, 'MedalGold', 2018, 'Tokyo');
INSERT INTO Tournament (tournament_id, athlete_id, name) VALUES (4, 1, 'Commonwealth Games');
INSERT INTO Format (format_id, tournament_id, name) VALUES (15, 4, '100 m freestyle');
INSERT INTO Medal (medal_id, format_id, type, year, location) VALUES (30, 15, 'MedalGold', 2014, 'Glasgow');
INSERT INTO Medal (medal_id, format_id, type, year, location) VALUES (31, 15, 'MedalSilver', 2018, 'Gold Coast');
INSERT INTO Format (format_id, tournament_id, name) VALUES (16, 4, '4x100 m freestyle');
INSERT INTO Medal (medal_id, format_id, type, year, location) VALUES (32, 16, 'MedalGold', 2014, 'Glasgow');
INSERT INTO Medal (medal_id, format_id, type, year, location) VALUES (33, 16, 'MedalGold', 2018, 'Gold Coast');
INSERT INTO Format (format_id, tournament_id, name) VALUES (17, 4, '4x100 m medley');
INSERT INTO Medal (medal_id, format_id, type, year, location) VALUES (34, 17, 'MedalGold', 2014, 'Glasgow');
INSERT INTO Format (format_id, tournament_id, name) VALUES (18, 4, '50 m freestyle');
INSERT INTO Medal (medal_id, format_id, type, year, location) VALUES (35, 18, 'MedalGold', 2018, 'Gold Coast');
INSERT INTO Medal (medal_id, format_id, type, year, location) VALUES (36, 18, 'MedalSilver', 2014, 'Glasgow');
INSERT INTO Format (format_id, tournament_id, name) VALUES (19, 4, '50 m butterfly');
INSERT INTO Medal (medal_id, format_id, type, year, location) VALUES (37, 19, 'MedalGold', 2018, 'Gold Coast');
INSERT INTO Tournament (tournament_id, athlete_id, name) VALUES (5, 1, 'Universiade');
INSERT INTO Format (format_id, tournament_id, name) VALUES (20, 5, '4x100 m freestyle');
INSERT INTO Medal (medal_id, format_id, type, year, location) VALUES (38, 20, 'MedalGold', 2011, 'Shenzhen');
INSERT INTO Format (format_id, tournament_id, name) VALUES (21, 5, '50 m freestyle');
INSERT INTO Medal (medal_id, format_id, type, year, location) VALUES (39, 21, 'MedalBronze', 2011, 'Shenzhen');
