CREATE TABLE Athlete (athlete_id INTEGER PRIMARY KEY, name TEXT NOT NULL);
CREATE TABLE Tournament (tournament_id INTEGER PRIMARY KEY, athlete_id INTEGER, name TEXT NOT NULL);
CREATE TABLE Format (format_id INTEGER PRIMARY KEY, tournament_id INTEGER, name TEXT NOT NULL);
CREATE TABLE Medal (medal_id INTEGER PRIMARY KEY, format_id INTEGER, type TEXT NOT NULL, year INTEGER, location TEXT NOT NULL);
CREATE TABLE PersonalInformation (info_id INTEGER GENERATED ALWAYS AS IDENTITY PRIMARY KEY, athlete_id INTEGER, birth_year INTEGER, birth_month INTEGER, birth_day INTEGER);
INSERT INTO Athlete (athlete_id, name) VALUES (1, 'Rikako Ikee');
INSERT INTO PersonalInformation (athlete_id, birth_year, birth_month, birth_day) VALUES (1, 2000, 7, 4);
INSERT INTO Tournament (tournament_id, athlete_id, name) VALUES (1, 1, 'World Championships (SC)');
INSERT INTO Format (format_id, tournament_id, name) VALUES (1, 1, '50 m butterfly');
INSERT INTO Medal (medal_id, format_id, type, year, location) VALUES (1, 1, 'MedalBronze', 2016, 'Windsor');
INSERT INTO Format (format_id, tournament_id, name) VALUES (2, 1, '100 m butterfly');
INSERT INTO Medal (medal_id, format_id, type, year, location) VALUES (2, 2, 'MedalBronze', 2016, 'Windsor');
INSERT INTO Format (format_id, tournament_id, name) VALUES (3, 1, '4x50 m mixed medley');
INSERT INTO Medal (medal_id, format_id, type, year, location) VALUES (3, 3, 'MedalBronze', 2016, 'Windsor');
INSERT INTO Tournament (tournament_id, athlete_id, name) VALUES (2, 1, 'Pan Pacific Championships');
INSERT INTO Format (format_id, tournament_id, name) VALUES (4, 2, '100 m butterfly');
INSERT INTO Medal (medal_id, format_id, type, year, location) VALUES (4, 4, 'MedalGold', 2018, 'Tokyo');
INSERT INTO Format (format_id, tournament_id, name) VALUES (5, 2, '200 m freestyle');
INSERT INTO Medal (medal_id, format_id, type, year, location) VALUES (5, 5, 'MedalSilver', 2018, 'Tokyo');
INSERT INTO Format (format_id, tournament_id, name) VALUES (6, 2, '4x100 m mixed medley');
INSERT INTO Medal (medal_id, format_id, type, year, location) VALUES (6, 6, 'MedalSilver', 2018, 'Tokyo');
INSERT INTO Format (format_id, tournament_id, name) VALUES (7, 2, '4x100 m medley');
INSERT INTO Medal (medal_id, format_id, type, year, location) VALUES (7, 7, 'MedalBronze', 2018, 'Tokyo');
INSERT INTO Tournament (tournament_id, athlete_id, name) VALUES (3, 1, 'Asian Games');
INSERT INTO Format (format_id, tournament_id, name) VALUES (8, 3, '50 m freestyle');
INSERT INTO Medal (medal_id, format_id, type, year, location) VALUES (8, 8, 'MedalGold', 2018, 'Jakarta');
INSERT INTO Format (format_id, tournament_id, name) VALUES (9, 3, '100 m freestyle');
INSERT INTO Medal (medal_id, format_id, type, year, location) VALUES (9, 9, 'MedalGold', 2018, 'Jakarta');
INSERT INTO Format (format_id, tournament_id, name) VALUES (10, 3, '50 m butterfly');
INSERT INTO Medal (medal_id, format_id, type, year, location) VALUES (10, 10, 'MedalGold', 2018, 'Jakarta');
INSERT INTO Format (format_id, tournament_id, name) VALUES (11, 3, '100 m butterfly');
INSERT INTO Medal (medal_id, format_id, type, year, location) VALUES (11, 11, 'MedalGold', 2018, 'Jakarta');
INSERT INTO Format (format_id, tournament_id, name) VALUES (12, 3, '4x100 m freestyle');
INSERT INTO Medal (medal_id, format_id, type, year, location) VALUES (12, 12, 'MedalGold', 2018, 'Jakarta');
INSERT INTO Format (format_id, tournament_id, name) VALUES (13, 3, '4x100 m medley');
INSERT INTO Medal (medal_id, format_id, type, year, location) VALUES (13, 13, 'MedalGold', 2018, 'Jakarta');
INSERT INTO Format (format_id, tournament_id, name) VALUES (14, 3, '4x200 m freestyle');
INSERT INTO Medal (medal_id, format_id, type, year, location) VALUES (14, 14, 'MedalSilver', 2018, 'Jakarta');
INSERT INTO Format (format_id, tournament_id, name) VALUES (15, 3, '4x100 m mixed medley');
INSERT INTO Medal (medal_id, format_id, type, year, location) VALUES (15, 15, 'MedalSilver', 2018, 'Jakarta');
INSERT INTO Format (format_id, tournament_id, name) VALUES (16, 3, '4x100 m freestyle relay');
INSERT INTO Medal (medal_id, format_id, type, year, location) VALUES (16, 16, 'MedalSilver', 2022, 'Hangzhou');
INSERT INTO Format (format_id, tournament_id, name) VALUES (17, 3, '50m Butterfly');
INSERT INTO Medal (medal_id, format_id, type, year, location) VALUES (17, 17, 'MedalBronze', 2022, 'Hangzhou');
INSERT INTO Tournament (tournament_id, athlete_id, name) VALUES (4, 1, 'Asian Championships');
INSERT INTO Format (format_id, tournament_id, name) VALUES (18, 4, '50 m freestyle');
INSERT INTO Medal (medal_id, format_id, type, year, location) VALUES (18, 18, 'MedalGold', 2016, 'Tokyo');
INSERT INTO Format (format_id, tournament_id, name) VALUES (19, 4, '50 m butterfly');
INSERT INTO Medal (medal_id, format_id, type, year, location) VALUES (19, 19, 'MedalGold', 2016, 'Tokyo');
INSERT INTO Format (format_id, tournament_id, name) VALUES (20, 4, '100 m butterfly');
INSERT INTO Medal (medal_id, format_id, type, year, location) VALUES (20, 20, 'MedalGold', 2016, 'Tokyo');
INSERT INTO Format (format_id, tournament_id, name) VALUES (21, 4, '4x100 m medley');
INSERT INTO Medal (medal_id, format_id, type, year, location) VALUES (21, 21, 'MedalGold', 2016, 'Tokyo');
INSERT INTO Format (format_id, tournament_id, name) VALUES (22, 4, '100 m freestyle');
INSERT INTO Medal (medal_id, format_id, type, year, location) VALUES (22, 22, 'MedalSilver', 2016, 'Tokyo');
INSERT INTO Format (format_id, tournament_id, name) VALUES (23, 4, '4x100 m freestyle');
INSERT INTO Medal (medal_id, format_id, type, year, location) VALUES (23, 23, 'MedalSilver', 2016, 'Tokyo');
INSERT INTO Format (format_id, tournament_id, name) VALUES (24, 4, '4x200 m freestyle');
INSERT INTO Medal (medal_id, format_id, type, year, location) VALUES (24, 24, 'MedalSilver', 2016, 'Tokyo');
INSERT INTO Tournament (tournament_id, athlete_id, name) VALUES (5, 1, 'World Junior Championships');
INSERT INTO Format (format_id, tournament_id, name) VALUES (25, 5, '50 m butterfly');
INSERT INTO Medal (medal_id, format_id, type, year, location) VALUES (25, 25, 'MedalGold', 2015, 'Singapore');
INSERT INTO Medal (medal_id, format_id, type, year, location) VALUES (26, 25, 'MedalGold', 2017, 'Indianapolis');
INSERT INTO Format (format_id, tournament_id, name) VALUES (26, 5, '100 m butterfly');
INSERT INTO Medal (medal_id, format_id, type, year, location) VALUES (27, 26, 'MedalGold', 2015, 'Singapore');
INSERT INTO Medal (medal_id, format_id, type, year, location) VALUES (28, 26, 'MedalGold', 2017, 'Indianapolis');
INSERT INTO Format (format_id, tournament_id, name) VALUES (27, 5, '50 m freestyle');
INSERT INTO Medal (medal_id, format_id, type, year, location) VALUES (29, 27, 'MedalGold', 2017, 'Indianapolis');
INSERT INTO Medal (medal_id, format_id, type, year, location) VALUES (30, 27, 'MedalSilver', 2015, 'Singapore');
INSERT INTO Format (format_id, tournament_id, name) VALUES (28, 5, '100 m freestyle');
INSERT INTO Medal (medal_id, format_id, type, year, location) VALUES (31, 28, 'MedalSilver', 2017, 'Indianapolis');
INSERT INTO Format (format_id, tournament_id, name) VALUES (29, 5, '4x100 m medley');
INSERT INTO Medal (medal_id, format_id, type, year, location) VALUES (32, 29, 'MedalBronze', 2015, 'Singapore');
INSERT INTO Medal (medal_id, format_id, type, year, location) VALUES (33, 29, 'MedalBronze', 2017, 'Indianapolis');
INSERT INTO Format (format_id, tournament_id, name) VALUES (30, 5, '4x100 m freestyle');
INSERT INTO Medal (medal_id, format_id, type, year, location) VALUES (34, 30, 'MedalBronze', 2017, 'Indianapolis');
INSERT INTO Format (format_id, tournament_id, name) VALUES (31, 5, '4x200 m freestyle');
INSERT INTO Medal (medal_id, format_id, type, year, location) VALUES (35, 31, 'MedalBronze', 2017, 'Indianapolis');
INSERT INTO Tournament (tournament_id, athlete_id, name) VALUES (6, 1, 'Junior Pan Pacific Championships');
INSERT INTO Format (format_id, tournament_id, name) VALUES (32, 6, '4x100 m medley');
INSERT INTO Medal (medal_id, format_id, type, year, location) VALUES (36, 32, 'MedalSilver', 2014, 'Maui');
INSERT INTO Format (format_id, tournament_id, name) VALUES (33, 6, '100 m butterfly');
INSERT INTO Medal (medal_id, format_id, type, year, location) VALUES (37, 33, 'MedalBronze', 2014, 'Maui');
INSERT INTO Format (format_id, tournament_id, name) VALUES (34, 6, '4x100 m freestyle');
INSERT INTO Medal (medal_id, format_id, type, year, location) VALUES (38, 34, 'MedalBronze', 2014, 'Maui');
INSERT INTO Format (format_id, tournament_id, name) VALUES (35, 6, '4x200 m freestyle');
INSERT INTO Medal (medal_id, format_id, type, year, location) VALUES (39, 35, 'MedalBronze', 2014, 'Maui');
