CREATE TABLE Athlete (athlete_id INTEGER PRIMARY KEY, name TEXT NOT NULL);
CREATE TABLE Tournament (tournament_id INTEGER PRIMARY KEY, athlete_id INTEGER, name TEXT NOT NULL);
CREATE TABLE Format (format_id INTEGER PRIMARY KEY, tournament_id INTEGER, name TEXT NOT NULL);
CREATE TABLE Medal (medal_id INTEGER PRIMARY KEY, format_id INTEGER, type TEXT NOT NULL, year INTEGER, location TEXT NOT NULL);
CREATE TABLE PersonalInformation (info_id INTEGER GENERATED ALWAYS AS IDENTITY PRIMARY KEY, athlete_id INTEGER, birth_year INTEGER, birth_month INTEGER, birth_day INTEGER);
INSERT INTO Athlete (athlete_id, name) VALUES (1, 'Liam Pitchford');
INSERT INTO PersonalInformation (athlete_id, birth_year, birth_month, birth_day) VALUES (1, 1992, 7, 12);
INSERT INTO Tournament (tournament_id, athlete_id, name) VALUES (1, 1, 'World Cup');
INSERT INTO Format (format_id, tournament_id, name) VALUES (1, 1, 'Singles');
INSERT INTO Medal (medal_id, format_id, type, year, location) VALUES (1, 1, 'MedalBronze', 2021, 'Montreux');
INSERT INTO Format (format_id, tournament_id, name) VALUES (2, 1, 'Men''s team');
INSERT INTO Medal (medal_id, format_id, type, year, location) VALUES (2, 2, 'MedalBronze', 2009, 'London');
INSERT INTO Medal (medal_id, format_id, type, year, location) VALUES (3, 2, 'MedalGold', 2012, 'Montreux');
INSERT INTO Format (format_id, tournament_id, name) VALUES (3, 1, 'Men''s singles');
INSERT INTO Medal (medal_id, format_id, type, year, location) VALUES (4, 3, 'MedalGold', 2018, 'Montreux');
INSERT INTO Medal (medal_id, format_id, type, year, location) VALUES (5, 3, 'MedalSilver', 2019, 'Delhi');
INSERT INTO Medal (medal_id, format_id, type, year, location) VALUES (6, 3, 'MedalSilver', 2017, 'Delhi');
INSERT INTO Format (format_id, tournament_id, name) VALUES (4, 1, 'Mixed doubles');
INSERT INTO Medal (medal_id, format_id, type, year, location) VALUES (7, 4, 'MedalGold', 2024, 'Birmingham');
INSERT INTO Medal (medal_id, format_id, type, year, location) VALUES (8, 4, 'MedalSilver', 2009, 'Delhi');
INSERT INTO Tournament (tournament_id, athlete_id, name) VALUES (2, 1, 'Europe Top');
INSERT INTO Format (format_id, tournament_id, name) VALUES (5, 2, 'Singles');
INSERT INTO Medal (medal_id, format_id, type, year, location) VALUES (9, 5, 'MedalBronze', 2020, 'Gold Coast');
INSERT INTO Medal (medal_id, format_id, type, year, location) VALUES (10, 5, 'MedalGold', 2015, 'London');
INSERT INTO Medal (medal_id, format_id, type, year, location) VALUES (11, 5, 'MedalSilver', 2020, 'Delhi');
INSERT INTO Format (format_id, tournament_id, name) VALUES (6, 2, 'Men''s singles');
INSERT INTO Medal (medal_id, format_id, type, year, location) VALUES (12, 6, 'MedalBronze', 2006, 'Gold Coast');
INSERT INTO Medal (medal_id, format_id, type, year, location) VALUES (13, 6, 'MedalGold', 2019, 'Kuala Lumpur');
INSERT INTO Medal (medal_id, format_id, type, year, location) VALUES (14, 6, 'MedalBronze', 2016, 'Kuala Lumpur');
INSERT INTO Medal (medal_id, format_id, type, year, location) VALUES (15, 6, 'MedalGold', 2020, 'Birmingham');
INSERT INTO Format (format_id, tournament_id, name) VALUES (7, 2, 'Men''s doubles');
INSERT INTO Medal (medal_id, format_id, type, year, location) VALUES (16, 7, 'MedalBronze', 2015, 'Gold Coast');
INSERT INTO Medal (medal_id, format_id, type, year, location) VALUES (17, 7, 'MedalGold', 2017, 'London');
INSERT INTO Medal (medal_id, format_id, type, year, location) VALUES (18, 7, 'MedalGold', 2018, 'Delhi');
INSERT INTO Medal (medal_id, format_id, type, year, location) VALUES (19, 7, 'MedalBronze', 2019, 'Glasgow');
INSERT INTO Tournament (tournament_id, athlete_id, name) VALUES (3, 1, 'World Championships');
INSERT INTO Format (format_id, tournament_id, name) VALUES (8, 3, 'Mixed doubles');
INSERT INTO Medal (medal_id, format_id, type, year, location) VALUES (20, 8, 'MedalBronze', 2018, 'Glasgow');
INSERT INTO Medal (medal_id, format_id, type, year, location) VALUES (21, 8, 'MedalGold', 2011, 'Glasgow');
INSERT INTO Format (format_id, tournament_id, name) VALUES (9, 3, 'Singles');
INSERT INTO Medal (medal_id, format_id, type, year, location) VALUES (22, 9, 'MedalGold', 2017, 'London');
INSERT INTO Medal (medal_id, format_id, type, year, location) VALUES (23, 9, 'MedalSilver', 2020, 'Gold Coast');
INSERT INTO Format (format_id, tournament_id, name) VALUES (10, 3, 'Men''s doubles');
INSERT INTO Medal (medal_id, format_id, type, year, location) VALUES (24, 10, 'MedalGold', 2016, 'Kuala Lumpur');
INSERT INTO Medal (medal_id, format_id, type, year, location) VALUES (25, 10, 'MedalSilver', 2020, 'Gold Coast');
INSERT INTO Tournament (tournament_id, athlete_id, name) VALUES (4, 1, 'Commonwealth Games');
INSERT INTO Format (format_id, tournament_id, name) VALUES (11, 4, 'Men''s doubles');
INSERT INTO Medal (medal_id, format_id, type, year, location) VALUES (26, 11, 'MedalGold', 2019, 'Birmingham');
INSERT INTO Format (format_id, tournament_id, name) VALUES (12, 4, 'Men''s team');
INSERT INTO Medal (medal_id, format_id, type, year, location) VALUES (27, 12, 'MedalBronze', 2013, 'Montreux');
INSERT INTO Format (format_id, tournament_id, name) VALUES (13, 4, 'Mixed doubles');
INSERT INTO Medal (medal_id, format_id, type, year, location) VALUES (28, 13, 'MedalGold', 2022, 'Gold Coast');
INSERT INTO Medal (medal_id, format_id, type, year, location) VALUES (29, 13, 'MedalGold', 2023, 'Montreux');
INSERT INTO Format (format_id, tournament_id, name) VALUES (14, 4, 'Team');
INSERT INTO Medal (medal_id, format_id, type, year, location) VALUES (30, 14, 'MedalGold', 2020, 'Kuala Lumpur');
INSERT INTO Medal (medal_id, format_id, type, year, location) VALUES (31, 14, 'MedalBronze', 2022, 'Glasgow');
INSERT INTO Medal (medal_id, format_id, type, year, location) VALUES (32, 14, 'MedalSilver', 2009, 'London');
INSERT INTO Medal (medal_id, format_id, type, year, location) VALUES (33, 14, 'MedalSilver', 2010, 'Gold Coast');
