CREATE TABLE Athlete (athlete_id INTEGER PRIMARY KEY, name TEXT NOT NULL);
CREATE TABLE Tournament (tournament_id INTEGER PRIMARY KEY, athlete_id INTEGER, name TEXT NOT NULL);
CREATE TABLE Format (format_id INTEGER PRIMARY KEY, tournament_id INTEGER, name TEXT NOT NULL);
CREATE TABLE Medal (medal_id INTEGER PRIMARY KEY, format_id INTEGER, type TEXT NOT NULL, year INTEGER, location TEXT NOT NULL);
CREATE TABLE PersonalInformation (info_id INTEGER GENERATED ALWAYS AS IDENTITY PRIMARY KEY, athlete_id INTEGER, birth_year INTEGER, birth_month INTEGER, birth_day INTEGER);
INSERT INTO Athlete (athlete_id, name) VALUES (1, 'Caeleb Dressel');
INSERT INTO PersonalInformation (athlete_id, birth_year, birth_month, birth_day) VALUES (1, 1996, 8, 16);
INSERT INTO Tournament (tournament_id, athlete_id, name) VALUES (1, 1, 'Olympic Games');
INSERT INTO Format (format_id, tournament_id, name) VALUES (1, 1, '4x100 m freestyle');
INSERT INTO Medal (medal_id, format_id, type, year, location) VALUES (1, 1, 'MedalGold', 2016, 'SOG');
INSERT INTO Medal (medal_id, format_id, type, year, location) VALUES (2, 1, 'MedalGold', 2020, 'SOG');
INSERT INTO Format (format_id, tournament_id, name) VALUES (2, 1, '4x100 m medley');
INSERT INTO Medal (medal_id, format_id, type, year, location) VALUES (3, 2, 'MedalGold', 2016, 'SOG');
INSERT INTO Medal (medal_id, format_id, type, year, location) VALUES (4, 2, 'MedalGold', 2020, 'SOG');
INSERT INTO Format (format_id, tournament_id, name) VALUES (3, 1, '50 m freestyle');
INSERT INTO Medal (medal_id, format_id, type, year, location) VALUES (5, 3, 'MedalGold', 2020, 'SOG');
INSERT INTO Format (format_id, tournament_id, name) VALUES (4, 1, '100 m freestyle');
INSERT INTO Medal (medal_id, format_id, type, year, location) VALUES (6, 4, 'MedalGold', 2020, 'SOG');
INSERT INTO Format (format_id, tournament_id, name) VALUES (5, 1, '100 m butterfly');
INSERT INTO Medal (medal_id, format_id, type, year, location) VALUES (7, 5, 'MedalGold', 2020, 'SOG');
INSERT INTO Tournament (tournament_id, athlete_id, name) VALUES (2, 1, 'World Championships (LC)');
INSERT INTO Format (format_id, tournament_id, name) VALUES (6, 2, '50 m freestyle');
INSERT INTO Medal (medal_id, format_id, type, year, location) VALUES (8, 6, 'MedalGold', 2017, 'Budapest');
INSERT INTO Medal (medal_id, format_id, type, year, location) VALUES (9, 6, 'MedalGold', 2019, 'Gwangju');
INSERT INTO Format (format_id, tournament_id, name) VALUES (7, 2, '100 m freestyle');
INSERT INTO Medal (medal_id, format_id, type, year, location) VALUES (10, 7, 'MedalGold', 2017, 'Budapest');
INSERT INTO Medal (medal_id, format_id, type, year, location) VALUES (11, 7, 'MedalGold', 2019, 'Gwangju');
INSERT INTO Format (format_id, tournament_id, name) VALUES (8, 2, '100 m butterfly');
INSERT INTO Medal (medal_id, format_id, type, year, location) VALUES (12, 8, 'MedalGold', 2017, 'Budapest');
INSERT INTO Medal (medal_id, format_id, type, year, location) VALUES (13, 8, 'MedalGold', 2019, 'Gwangju');
INSERT INTO Format (format_id, tournament_id, name) VALUES (9, 2, '4x100 m freestyle');
INSERT INTO Medal (medal_id, format_id, type, year, location) VALUES (14, 9, 'MedalGold', 2017, 'Budapest');
INSERT INTO Medal (medal_id, format_id, type, year, location) VALUES (15, 9, 'MedalGold', 2019, 'Gwangju');
INSERT INTO Medal (medal_id, format_id, type, year, location) VALUES (16, 9, 'MedalGold', 2022, 'Budapest');
INSERT INTO Format (format_id, tournament_id, name) VALUES (10, 2, '4x100 m medley');
INSERT INTO Medal (medal_id, format_id, type, year, location) VALUES (17, 10, 'MedalGold', 2017, 'Budapest');
INSERT INTO Medal (medal_id, format_id, type, year, location) VALUES (18, 10, 'MedalSilver', 2019, 'Gwangju');
INSERT INTO Format (format_id, tournament_id, name) VALUES (11, 2, '4x100 m mixed freestyle');
INSERT INTO Medal (medal_id, format_id, type, year, location) VALUES (19, 11, 'MedalGold', 2017, 'Budapest');
INSERT INTO Medal (medal_id, format_id, type, year, location) VALUES (20, 11, 'MedalGold', 2019, 'Gwangju');
INSERT INTO Format (format_id, tournament_id, name) VALUES (12, 2, '4x100 m mixed medley');
INSERT INTO Medal (medal_id, format_id, type, year, location) VALUES (21, 12, 'MedalGold', 2017, 'Budapest');
INSERT INTO Medal (medal_id, format_id, type, year, location) VALUES (22, 12, 'MedalSilver', 2019, 'Gwangju');
INSERT INTO Format (format_id, tournament_id, name) VALUES (13, 2, '50 m butterfly');
INSERT INTO Medal (medal_id, format_id, type, year, location) VALUES (23, 13, 'MedalGold', 2019, 'Gwangju');
INSERT INTO Medal (medal_id, format_id, type, year, location) VALUES (24, 13, 'MedalGold', 2022, 'Budapest');
INSERT INTO Tournament (tournament_id, athlete_id, name) VALUES (3, 1, 'World Championships (SC)');
INSERT INTO Format (format_id, tournament_id, name) VALUES (14, 3, '100 m freestyle');
INSERT INTO Medal (medal_id, format_id, type, year, location) VALUES (25, 14, 'MedalGold', 2018, 'Hangzhou');
INSERT INTO Format (format_id, tournament_id, name) VALUES (15, 3, '4x50 m freestyle');
INSERT INTO Medal (medal_id, format_id, type, year, location) VALUES (26, 15, 'MedalGold', 2018, 'Hangzhou');
INSERT INTO Format (format_id, tournament_id, name) VALUES (16, 3, '4x100 m freestyle');
INSERT INTO Medal (medal_id, format_id, type, year, location) VALUES (27, 16, 'MedalGold', 2018, 'Hangzhou');
INSERT INTO Format (format_id, tournament_id, name) VALUES (17, 3, '4x100 m medley');
INSERT INTO Medal (medal_id, format_id, type, year, location) VALUES (28, 17, 'MedalGold', 2018, 'Hangzhou');
INSERT INTO Format (format_id, tournament_id, name) VALUES (18, 3, '4x50 m mixed freestyle');
INSERT INTO Medal (medal_id, format_id, type, year, location) VALUES (29, 18, 'MedalGold', 2018, 'Hangzhou');
INSERT INTO Format (format_id, tournament_id, name) VALUES (19, 3, '4x50 m mixed medley');
INSERT INTO Medal (medal_id, format_id, type, year, location) VALUES (30, 19, 'MedalGold', 2018, 'Hangzhou');
INSERT INTO Format (format_id, tournament_id, name) VALUES (20, 3, '50 m freestyle');
INSERT INTO Medal (medal_id, format_id, type, year, location) VALUES (31, 20, 'MedalSilver', 2018, 'Hangzhou');
INSERT INTO Format (format_id, tournament_id, name) VALUES (21, 3, '100 m butterfly');
INSERT INTO Medal (medal_id, format_id, type, year, location) VALUES (32, 21, 'MedalSilver', 2018, 'Hangzhou');
INSERT INTO Format (format_id, tournament_id, name) VALUES (22, 3, '4x50 m medley');
INSERT INTO Medal (medal_id, format_id, type, year, location) VALUES (33, 22, 'MedalSilver', 2018, 'Hangzhou');
INSERT INTO Tournament (tournament_id, athlete_id, name) VALUES (4, 1, 'Pan Pacific Championships');
INSERT INTO Format (format_id, tournament_id, name) VALUES (23, 4, '100 m butterfly');
INSERT INTO Medal (medal_id, format_id, type, year, location) VALUES (34, 23, 'MedalGold', 2018, 'Tokyo');
INSERT INTO Format (format_id, tournament_id, name) VALUES (24, 4, '4x100 m medley');
INSERT INTO Medal (medal_id, format_id, type, year, location) VALUES (35, 24, 'MedalGold', 2018, 'Tokyo');
INSERT INTO Format (format_id, tournament_id, name) VALUES (25, 4, '50 m freestyle');
INSERT INTO Medal (medal_id, format_id, type, year, location) VALUES (36, 25, 'MedalSilver', 2018, 'Tokyo');
INSERT INTO Format (format_id, tournament_id, name) VALUES (26, 4, '100 m freestyle');
INSERT INTO Medal (medal_id, format_id, type, year, location) VALUES (37, 26, 'MedalSilver', 2018, 'Tokyo');
INSERT INTO Format (format_id, tournament_id, name) VALUES (27, 4, '4x100 m mixed medley');
INSERT INTO Medal (medal_id, format_id, type, year, location) VALUES (38, 27, 'MedalBronze', 2018, 'Tokyo');
INSERT INTO Tournament (tournament_id, athlete_id, name) VALUES (5, 1, 'World Junior Championships');
INSERT INTO Format (format_id, tournament_id, name) VALUES (28, 5, '100 m freestyle');
INSERT INTO Medal (medal_id, format_id, type, year, location) VALUES (39, 28, 'MedalGold', 2013, 'Dubai');
INSERT INTO Format (format_id, tournament_id, name) VALUES (29, 5, '4x100 m freestyle');
INSERT INTO Medal (medal_id, format_id, type, year, location) VALUES (40, 29, 'MedalSilver', 2013, 'Dubai');
INSERT INTO Format (format_id, tournament_id, name) VALUES (30, 5, '4x100 m mixed freestyle');
INSERT INTO Medal (medal_id, format_id, type, year, location) VALUES (41, 30, 'MedalSilver', 2013, 'Dubai');
INSERT INTO Format (format_id, tournament_id, name) VALUES (31, 5, '50 m freestyle');
INSERT INTO Medal (medal_id, format_id, type, year, location) VALUES (42, 31, 'MedalBronze', 2013, 'Dubai');
INSERT INTO Format (format_id, tournament_id, name) VALUES (32, 5, '4x200 m freestyle');
INSERT INTO Medal (medal_id, format_id, type, year, location) VALUES (43, 32, 'MedalBronze', 2013, 'Dubai');
INSERT INTO Format (format_id, tournament_id, name) VALUES (33, 5, '4x100 m mixed medley');
INSERT INTO Medal (medal_id, format_id, type, year, location) VALUES (44, 33, 'MedalBronze', 2013, 'Dubai');
INSERT INTO Tournament (tournament_id, athlete_id, name) VALUES (6, 1, 'NCAA Championships');
INSERT INTO Format (format_id, tournament_id, name) VALUES (34, 6, '50 y freestyle');
INSERT INTO Medal (medal_id, format_id, type, year, location) VALUES (45, 34, 'MedalGold', 2015, 'Iowa City');
INSERT INTO Medal (medal_id, format_id, type, year, location) VALUES (46, 34, 'MedalGold', 2016, 'Atlanta');
INSERT INTO Medal (medal_id, format_id, type, year, location) VALUES (47, 34, 'MedalGold', 2017, 'Indianapolis');
INSERT INTO Medal (medal_id, format_id, type, year, location) VALUES (48, 34, 'MedalGold', 2018, 'Minneapolis');
INSERT INTO Format (format_id, tournament_id, name) VALUES (35, 6, '100 y freestyle');
INSERT INTO Medal (medal_id, format_id, type, year, location) VALUES (49, 35, 'MedalGold', 2016, 'Atlanta');
INSERT INTO Medal (medal_id, format_id, type, year, location) VALUES (50, 35, 'MedalGold', 2017, 'Indianapolis');
INSERT INTO Medal (medal_id, format_id, type, year, location) VALUES (51, 35, 'MedalGold', 2018, 'Minneapolis');
INSERT INTO Format (format_id, tournament_id, name) VALUES (36, 6, '100 y butterfly');
INSERT INTO Medal (medal_id, format_id, type, year, location) VALUES (52, 36, 'MedalGold', 2017, 'Indianapolis');
INSERT INTO Medal (medal_id, format_id, type, year, location) VALUES (53, 36, 'MedalGold', 2018, 'Minneapolis');
INSERT INTO Medal (medal_id, format_id, type, year, location) VALUES (54, 36, 'MedalSilver', 2016, 'Atlanta');
INSERT INTO Format (format_id, tournament_id, name) VALUES (37, 6, '4x50 y freestyle');
INSERT INTO Medal (medal_id, format_id, type, year, location) VALUES (55, 37, 'MedalGold', 2018, 'Minneapolis');
INSERT INTO Medal (medal_id, format_id, type, year, location) VALUES (56, 37, 'MedalSilver', 2017, 'Indianapolis');
INSERT INTO Format (format_id, tournament_id, name) VALUES (38, 6, '4x100 y freestyle');
INSERT INTO Medal (medal_id, format_id, type, year, location) VALUES (57, 38, 'MedalSilver', 2017, 'Indianapolis');
INSERT INTO Medal (medal_id, format_id, type, year, location) VALUES (58, 38, 'MedalSilver', 2018, 'Minneapolis');
INSERT INTO Medal (medal_id, format_id, type, year, location) VALUES (59, 38, 'MedalBronze', 2016, 'Atlanta');
INSERT INTO Format (format_id, tournament_id, name) VALUES (39, 6, '4x100 y medley');
INSERT INTO Medal (medal_id, format_id, type, year, location) VALUES (60, 39, 'MedalBronze', 2018, 'Minneapolis');
