CREATE TABLE Athlete (athlete_id INTEGER PRIMARY KEY, name TEXT NOT NULL);
CREATE TABLE Tournament (tournament_id INTEGER PRIMARY KEY, athlete_id INTEGER, name TEXT NOT NULL);
CREATE TABLE Format (format_id INTEGER PRIMARY KEY, tournament_id INTEGER, name TEXT NOT NULL);
CREATE TABLE Medal (medal_id INTEGER PRIMARY KEY, format_id INTEGER, type TEXT NOT NULL, year INTEGER, location TEXT NOT NULL);
CREATE TABLE PersonalInformation (info_id INTEGER GENERATED ALWAYS AS IDENTITY PRIMARY KEY, athlete_id INTEGER, birth_year INTEGER, birth_month INTEGER, birth_day INTEGER);
INSERT INTO Athlete (athlete_id, name) VALUES (1, 'Dechapol Puavaranukroh');
INSERT INTO PersonalInformation (athlete_id, birth_year, birth_month, birth_day) VALUES (1, 1997, 5, 20);
INSERT INTO Tournament (tournament_id, athlete_id, name) VALUES (1, 1, 'World Championships');
INSERT INTO Format (format_id, tournament_id, name) VALUES (1, 1, 'Mixed doubles');
INSERT INTO Medal (medal_id, format_id, type, year, location) VALUES (1, 1, 'MedalGold', 2021, 'Huelva');
INSERT INTO Medal (medal_id, format_id, type, year, location) VALUES (2, 1, 'MedalSilver', 2019, 'Basel');
INSERT INTO Tournament (tournament_id, athlete_id, name) VALUES (2, 1, 'Sudirman Cup');
INSERT INTO Format (format_id, tournament_id, name) VALUES (2, 2, 'Mixed team');
INSERT INTO Medal (medal_id, format_id, type, year, location) VALUES (3, 2, 'MedalBronze', 2017, 'Gold Coast');
INSERT INTO Medal (medal_id, format_id, type, year, location) VALUES (4, 2, 'MedalBronze', 2019, 'Nanning');
INSERT INTO Tournament (tournament_id, athlete_id, name) VALUES (3, 1, 'Asian Championships');
INSERT INTO Format (format_id, tournament_id, name) VALUES (3, 3, 'Mixed doubles');
INSERT INTO Medal (medal_id, format_id, type, year, location) VALUES (5, 3, 'MedalSilver', 2017, 'Wuhan');
INSERT INTO Medal (medal_id, format_id, type, year, location) VALUES (6, 3, 'MedalBronze', 2019, 'Wuhan');
INSERT INTO Tournament (tournament_id, athlete_id, name) VALUES (4, 1, 'Asia Mixed Team Championships');
INSERT INTO Format (format_id, tournament_id, name) VALUES (4, 4, 'Mixed team');
INSERT INTO Medal (medal_id, format_id, type, year, location) VALUES (7, 4, 'MedalBronze', 2017, 'Ho Chi Minh');
INSERT INTO Tournament (tournament_id, athlete_id, name) VALUES (5, 1, 'SEA Games');
INSERT INTO Format (format_id, tournament_id, name) VALUES (5, 5, 'Men''s doubles');
INSERT INTO Medal (medal_id, format_id, type, year, location) VALUES (8, 5, 'MedalGold', 2017, 'Kuala Lumpur');
INSERT INTO Format (format_id, tournament_id, name) VALUES (6, 5, 'Mixed doubles');
INSERT INTO Medal (medal_id, format_id, type, year, location) VALUES (9, 6, 'MedalGold', 2017, 'Kuala Lumpur');
INSERT INTO Format (format_id, tournament_id, name) VALUES (7, 5, 'Men''s team');
INSERT INTO Medal (medal_id, format_id, type, year, location) VALUES (10, 7, 'MedalBronze', 2017, 'Kuala Lumpur');
INSERT INTO Tournament (tournament_id, athlete_id, name) VALUES (6, 1, 'World Junior Championships');
INSERT INTO Format (format_id, tournament_id, name) VALUES (8, 6, 'Boys'' doubles');
INSERT INTO Medal (medal_id, format_id, type, year, location) VALUES (11, 8, 'MedalGold', 2014, 'Alor Setar');
INSERT INTO Format (format_id, tournament_id, name) VALUES (9, 6, 'Mixed team');
INSERT INTO Medal (medal_id, format_id, type, year, location) VALUES (12, 9, 'MedalBronze', 2014, 'Alor Setar');
INSERT INTO Tournament (tournament_id, athlete_id, name) VALUES (7, 1, 'Asian Youth Games');
INSERT INTO Format (format_id, tournament_id, name) VALUES (10, 7, 'Mixed doubles');
INSERT INTO Medal (medal_id, format_id, type, year, location) VALUES (13, 10, 'MedalSilver', 2013, 'Nanjing');
