CREATE TABLE Athlete (athlete_id INTEGER PRIMARY KEY, name TEXT NOT NULL);
CREATE TABLE Tournament (tournament_id INTEGER PRIMARY KEY, athlete_id INTEGER, name TEXT NOT NULL);
CREATE TABLE Format (format_id INTEGER PRIMARY KEY, tournament_id INTEGER, name TEXT NOT NULL);
CREATE TABLE Medal (medal_id INTEGER PRIMARY KEY, format_id INTEGER, type TEXT NOT NULL, year INTEGER, location TEXT NOT NULL);
CREATE TABLE PersonalInformation (info_id INTEGER GENERATED ALWAYS AS IDENTITY PRIMARY KEY, athlete_id INTEGER, birth_year INTEGER, birth_month INTEGER, birth_day INTEGER);
INSERT INTO Athlete (athlete_id, name) VALUES (1, 'Diego Elías');
INSERT INTO PersonalInformation (athlete_id, birth_year, birth_month, birth_day) VALUES (1, 1996, 11, 19);
INSERT INTO Tournament (tournament_id, athlete_id, name) VALUES (1, 1, 'British Open');
INSERT INTO Format (format_id, tournament_id, name) VALUES (1, 1, 'Singles');
INSERT INTO Medal (medal_id, format_id, type, year, location) VALUES (1, 1, 'MedalSilver', 2023, 'Birmingham');
INSERT INTO Tournament (tournament_id, athlete_id, name) VALUES (2, 1, 'Pan American Games');
INSERT INTO Format (format_id, tournament_id, name) VALUES (2, 2, 'Singles');
INSERT INTO Medal (medal_id, format_id, type, year, location) VALUES (2, 2, 'MedalGold', 2019, 'Lima');
INSERT INTO Format (format_id, tournament_id, name) VALUES (3, 2, 'Doubles');
INSERT INTO Medal (medal_id, format_id, type, year, location) VALUES (3, 3, 'MedalBronze', 2019, 'Lima');
INSERT INTO Tournament (tournament_id, athlete_id, name) VALUES (3, 1, 'South American Games');
INSERT INTO Format (format_id, tournament_id, name) VALUES (4, 3, 'Singles');
INSERT INTO Medal (medal_id, format_id, type, year, location) VALUES (4, 4, 'MedalGold', 2018, 'Cochabamba');
INSERT INTO Format (format_id, tournament_id, name) VALUES (5, 3, 'Doubles');
INSERT INTO Medal (medal_id, format_id, type, year, location) VALUES (5, 5, 'MedalGold', 2018, 'Cochabamba');
INSERT INTO Format (format_id, tournament_id, name) VALUES (6, 3, 'Team');
INSERT INTO Medal (medal_id, format_id, type, year, location) VALUES (6, 6, 'MedalGold', 2018, 'Cochabamba');
INSERT INTO Tournament (tournament_id, athlete_id, name) VALUES (4, 1, 'World Junior Championships');
INSERT INTO Format (format_id, tournament_id, name) VALUES (7, 4, 'Singles');
INSERT INTO Medal (medal_id, format_id, type, year, location) VALUES (7, 7, 'MedalGold', 2015, 'Eindhoven');
INSERT INTO Medal (medal_id, format_id, type, year, location) VALUES (8, 7, 'MedalGold', 2014, 'Windhoek');
