CREATE TABLE Athlete (athlete_id INTEGER PRIMARY KEY, name TEXT NOT NULL);
CREATE TABLE Tournament (tournament_id INTEGER PRIMARY KEY, athlete_id INTEGER, name TEXT NOT NULL);
CREATE TABLE Format (format_id INTEGER PRIMARY KEY, tournament_id INTEGER, name TEXT NOT NULL);
CREATE TABLE Medal (medal_id INTEGER PRIMARY KEY, format_id INTEGER, type TEXT NOT NULL, year INTEGER, location TEXT NOT NULL);
CREATE TABLE PersonalInformation (info_id INTEGER GENERATED ALWAYS AS IDENTITY PRIMARY KEY, athlete_id INTEGER, birth_year INTEGER, birth_month INTEGER, birth_day INTEGER);
INSERT INTO Athlete (athlete_id, name) VALUES (1, 'Michael Phelps');
INSERT INTO PersonalInformation (athlete_id, birth_year, birth_month, birth_day) VALUES (1, 1985, 6, 30);
INSERT INTO Tournament (tournament_id, athlete_id, name) VALUES (1, 1, 'Olympic Games');
INSERT INTO Format (format_id, tournament_id, name) VALUES (1, 1, '100 m butterfly');
INSERT INTO Medal (medal_id, format_id, type, year, location) VALUES (1, 1, 'MedalGold', 2004, 'SOG');
INSERT INTO Medal (medal_id, format_id, type, year, location) VALUES (2, 1, 'MedalGold', 2008, 'SOG');
INSERT INTO Medal (medal_id, format_id, type, year, location) VALUES (3, 1, 'MedalGold', 2012, 'SOG');
INSERT INTO Medal (medal_id, format_id, type, year, location) VALUES (4, 1, 'MedalSilver', 2016, 'SOG');
INSERT INTO Format (format_id, tournament_id, name) VALUES (2, 1, '200 m butterfly');
INSERT INTO Medal (medal_id, format_id, type, year, location) VALUES (5, 2, 'MedalGold', 2004, 'SOG');
INSERT INTO Medal (medal_id, format_id, type, year, location) VALUES (6, 2, 'MedalGold', 2008, 'SOG');
INSERT INTO Medal (medal_id, format_id, type, year, location) VALUES (7, 2, 'MedalGold', 2016, 'SOG');
INSERT INTO Medal (medal_id, format_id, type, year, location) VALUES (8, 2, 'MedalSilver', 2012, 'SOG');
INSERT INTO Format (format_id, tournament_id, name) VALUES (3, 1, '200 m medley');
INSERT INTO Medal (medal_id, format_id, type, year, location) VALUES (9, 3, 'MedalGold', 2004, 'SOG');
INSERT INTO Medal (medal_id, format_id, type, year, location) VALUES (10, 3, 'MedalGold', 2008, 'SOG');
INSERT INTO Medal (medal_id, format_id, type, year, location) VALUES (11, 3, 'MedalGold', 2012, 'SOG');
INSERT INTO Medal (medal_id, format_id, type, year, location) VALUES (12, 3, 'MedalGold', 2016, 'SOG');
INSERT INTO Format (format_id, tournament_id, name) VALUES (4, 1, '400 m medley');
INSERT INTO Medal (medal_id, format_id, type, year, location) VALUES (13, 4, 'MedalGold', 2004, 'SOG');
INSERT INTO Medal (medal_id, format_id, type, year, location) VALUES (14, 4, 'MedalGold', 2008, 'SOG');
INSERT INTO Format (format_id, tournament_id, name) VALUES (5, 1, '4x200 m freestyle');
INSERT INTO Medal (medal_id, format_id, type, year, location) VALUES (15, 5, 'MedalGold', 2004, 'SOG');
INSERT INTO Medal (medal_id, format_id, type, year, location) VALUES (16, 5, 'MedalGold', 2008, 'SOG');
INSERT INTO Medal (medal_id, format_id, type, year, location) VALUES (17, 5, 'MedalGold', 2012, 'SOG');
INSERT INTO Medal (medal_id, format_id, type, year, location) VALUES (18, 5, 'MedalGold', 2016, 'SOG');
INSERT INTO Format (format_id, tournament_id, name) VALUES (6, 1, '4x100 m medley');
INSERT INTO Medal (medal_id, format_id, type, year, location) VALUES (19, 6, 'MedalGold', 2004, 'SOG');
INSERT INTO Medal (medal_id, format_id, type, year, location) VALUES (20, 6, 'MedalGold', 2008, 'SOG');
INSERT INTO Medal (medal_id, format_id, type, year, location) VALUES (21, 6, 'MedalGold', 2012, 'SOG');
INSERT INTO Medal (medal_id, format_id, type, year, location) VALUES (22, 6, 'MedalGold', 2016, 'SOG');
INSERT INTO Format (format_id, tournament_id, name) VALUES (7, 1, '200 m freestyle');
INSERT INTO Medal (medal_id, format_id, type, year, location) VALUES (23, 7, 'MedalGold', 2008, 'SOG');
INSERT INTO Medal (medal_id, format_id, type, year, location) VALUES (24, 7, 'MedalBronze', 2004, 'SOG');
INSERT INTO Format (format_id, tournament_id, name) VALUES (8, 1, '4x100 m freestyle');
INSERT INTO Medal (medal_id, format_id, type, year, location) VALUES (25, 8, 'MedalGold', 2008, 'SOG');
INSERT INTO Medal (medal_id, format_id, type, year, location) VALUES (26, 8, 'MedalGold', 2016, 'SOG');
INSERT INTO Medal (medal_id, format_id, type, year, location) VALUES (27, 8, 'MedalSilver', 2012, 'SOG');
INSERT INTO Medal (medal_id, format_id, type, year, location) VALUES (28, 8, 'MedalBronze', 2004, 'SOG');
INSERT INTO Tournament (tournament_id, athlete_id, name) VALUES (2, 1, 'World Championships (LC)');
INSERT INTO Format (format_id, tournament_id, name) VALUES (9, 2, '200 m butterfly');
INSERT INTO Medal (medal_id, format_id, type, year, location) VALUES (29, 9, 'MedalGold', 2001, 'Fukuoka');
INSERT INTO Medal (medal_id, format_id, type, year, location) VALUES (30, 9, 'MedalGold', 2003, 'Barcelona');
INSERT INTO Medal (medal_id, format_id, type, year, location) VALUES (31, 9, 'MedalGold', 2007, 'Melbourne');
INSERT INTO Medal (medal_id, format_id, type, year, location) VALUES (32, 9, 'MedalGold', 2009, 'Rome');
INSERT INTO Medal (medal_id, format_id, type, year, location) VALUES (33, 9, 'MedalGold', 2011, 'Shanghai');
INSERT INTO Format (format_id, tournament_id, name) VALUES (10, 2, '200 m medley');
INSERT INTO Medal (medal_id, format_id, type, year, location) VALUES (34, 10, 'MedalGold', 2003, 'Barcelona');
INSERT INTO Medal (medal_id, format_id, type, year, location) VALUES (35, 10, 'MedalGold', 2005, 'Montreal');
INSERT INTO Medal (medal_id, format_id, type, year, location) VALUES (36, 10, 'MedalGold', 2007, 'Melbourne');
INSERT INTO Medal (medal_id, format_id, type, year, location) VALUES (37, 10, 'MedalSilver', 2011, 'Shanghai');
INSERT INTO Format (format_id, tournament_id, name) VALUES (11, 2, '400 m medley');
INSERT INTO Medal (medal_id, format_id, type, year, location) VALUES (38, 11, 'MedalGold', 2003, 'Barcelona');
INSERT INTO Medal (medal_id, format_id, type, year, location) VALUES (39, 11, 'MedalGold', 2007, 'Melbourne');
INSERT INTO Format (format_id, tournament_id, name) VALUES (12, 2, '4x100 m medley');
INSERT INTO Medal (medal_id, format_id, type, year, location) VALUES (40, 12, 'MedalGold', 2003, 'Barcelona');
INSERT INTO Medal (medal_id, format_id, type, year, location) VALUES (41, 12, 'MedalGold', 2005, 'Montreal');
INSERT INTO Medal (medal_id, format_id, type, year, location) VALUES (42, 12, 'MedalGold', 2009, 'Rome');
INSERT INTO Medal (medal_id, format_id, type, year, location) VALUES (43, 12, 'MedalGold', 2011, 'Shanghai');
INSERT INTO Format (format_id, tournament_id, name) VALUES (13, 2, '200 m freestyle');
INSERT INTO Medal (medal_id, format_id, type, year, location) VALUES (44, 13, 'MedalGold', 2005, 'Montreal');
INSERT INTO Medal (medal_id, format_id, type, year, location) VALUES (45, 13, 'MedalGold', 2007, 'Melbourne');
INSERT INTO Medal (medal_id, format_id, type, year, location) VALUES (46, 13, 'MedalSilver', 2009, 'Rome');
INSERT INTO Medal (medal_id, format_id, type, year, location) VALUES (47, 13, 'MedalSilver', 2011, 'Shanghai');
INSERT INTO Format (format_id, tournament_id, name) VALUES (14, 2, '4x100 m freestyle');
INSERT INTO Medal (medal_id, format_id, type, year, location) VALUES (48, 14, 'MedalGold', 2005, 'Montreal');
INSERT INTO Medal (medal_id, format_id, type, year, location) VALUES (49, 14, 'MedalGold', 2007, 'Melbourne');
INSERT INTO Medal (medal_id, format_id, type, year, location) VALUES (50, 14, 'MedalGold', 2009, 'Rome');
INSERT INTO Medal (medal_id, format_id, type, year, location) VALUES (51, 14, 'MedalBronze', 2011, 'Shanghai');
INSERT INTO Format (format_id, tournament_id, name) VALUES (15, 2, '4x200 m freestyle');
INSERT INTO Medal (medal_id, format_id, type, year, location) VALUES (52, 15, 'MedalGold', 2005, 'Montreal');
INSERT INTO Medal (medal_id, format_id, type, year, location) VALUES (53, 15, 'MedalGold', 2007, 'Melbourne');
INSERT INTO Medal (medal_id, format_id, type, year, location) VALUES (54, 15, 'MedalGold', 2009, 'Rome');
INSERT INTO Medal (medal_id, format_id, type, year, location) VALUES (55, 15, 'MedalGold', 2011, 'Shanghai');
INSERT INTO Medal (medal_id, format_id, type, year, location) VALUES (56, 15, 'MedalSilver', 2003, 'Barcelona');
INSERT INTO Format (format_id, tournament_id, name) VALUES (16, 2, '100 m butterfly');
INSERT INTO Medal (medal_id, format_id, type, year, location) VALUES (57, 16, 'MedalGold', 2007, 'Melbourne');
INSERT INTO Medal (medal_id, format_id, type, year, location) VALUES (58, 16, 'MedalGold', 2009, 'Rome');
INSERT INTO Medal (medal_id, format_id, type, year, location) VALUES (59, 16, 'MedalGold', 2011, 'Shanghai');
INSERT INTO Medal (medal_id, format_id, type, year, location) VALUES (60, 16, 'MedalSilver', 2003, 'Barcelona');
INSERT INTO Medal (medal_id, format_id, type, year, location) VALUES (61, 16, 'MedalSilver', 2005, 'Montreal');
INSERT INTO Tournament (tournament_id, athlete_id, name) VALUES (3, 1, 'World Championships (SC)');
INSERT INTO Format (format_id, tournament_id, name) VALUES (17, 3, '200 m freestyle');
INSERT INTO Medal (medal_id, format_id, type, year, location) VALUES (62, 17, 'MedalGold', 2004, 'Indianapolis');
INSERT INTO Tournament (tournament_id, athlete_id, name) VALUES (4, 1, 'Pan Pacific Championships');
INSERT INTO Format (format_id, tournament_id, name) VALUES (18, 4, '200 m medley');
INSERT INTO Medal (medal_id, format_id, type, year, location) VALUES (63, 18, 'MedalGold', 2002, 'Yokohama');
INSERT INTO Medal (medal_id, format_id, type, year, location) VALUES (64, 18, 'MedalGold', 2006, 'Victoria');
INSERT INTO Medal (medal_id, format_id, type, year, location) VALUES (65, 18, 'MedalSilver', 2014, 'Gold Coast');
INSERT INTO Format (format_id, tournament_id, name) VALUES (19, 4, '400 m medley');
INSERT INTO Medal (medal_id, format_id, type, year, location) VALUES (66, 19, 'MedalGold', 2002, 'Yokohama');
INSERT INTO Medal (medal_id, format_id, type, year, location) VALUES (67, 19, 'MedalGold', 2006, 'Victoria');
INSERT INTO Format (format_id, tournament_id, name) VALUES (20, 4, '4x100 m medley');
INSERT INTO Medal (medal_id, format_id, type, year, location) VALUES (68, 20, 'MedalGold', 2002, 'Yokohama');
INSERT INTO Medal (medal_id, format_id, type, year, location) VALUES (69, 20, 'MedalGold', 2010, 'Irvine');
INSERT INTO Medal (medal_id, format_id, type, year, location) VALUES (70, 20, 'MedalGold', 2014, 'Gold Coast');
INSERT INTO Format (format_id, tournament_id, name) VALUES (21, 4, '200 m butterfly');
INSERT INTO Medal (medal_id, format_id, type, year, location) VALUES (71, 21, 'MedalGold', 2006, 'Victoria');
INSERT INTO Medal (medal_id, format_id, type, year, location) VALUES (72, 21, 'MedalGold', 2010, 'Irvine');
INSERT INTO Medal (medal_id, format_id, type, year, location) VALUES (73, 21, 'MedalSilver', 2002, 'Yokohama');
INSERT INTO Format (format_id, tournament_id, name) VALUES (22, 4, '4x100 m freestyle');
INSERT INTO Medal (medal_id, format_id, type, year, location) VALUES (74, 22, 'MedalGold', 2006, 'Victoria');
INSERT INTO Medal (medal_id, format_id, type, year, location) VALUES (75, 22, 'MedalGold', 2010, 'Irvine');
INSERT INTO Medal (medal_id, format_id, type, year, location) VALUES (76, 22, 'MedalSilver', 2014, 'Gold Coast');
INSERT INTO Format (format_id, tournament_id, name) VALUES (23, 4, '4x200 m freestyle');
INSERT INTO Medal (medal_id, format_id, type, year, location) VALUES (77, 23, 'MedalGold', 2006, 'Victoria');
INSERT INTO Medal (medal_id, format_id, type, year, location) VALUES (78, 23, 'MedalGold', 2010, 'Irvine');
INSERT INTO Medal (medal_id, format_id, type, year, location) VALUES (79, 23, 'MedalGold', 2014, 'Gold Coast');
INSERT INTO Medal (medal_id, format_id, type, year, location) VALUES (80, 23, 'MedalSilver', 2002, 'Yokohama');
INSERT INTO Format (format_id, tournament_id, name) VALUES (24, 4, '100 m butterfly');
INSERT INTO Medal (medal_id, format_id, type, year, location) VALUES (81, 24, 'MedalGold', 2010, 'Irvine');
INSERT INTO Medal (medal_id, format_id, type, year, location) VALUES (82, 24, 'MedalGold', 2014, 'Gold Coast');
INSERT INTO Format (format_id, tournament_id, name) VALUES (25, 4, '200 m backstroke');
INSERT INTO Medal (medal_id, format_id, type, year, location) VALUES (83, 25, 'MedalSilver', 2006, 'Victoria');
