CREATE TABLE Athlete (athlete_id INTEGER PRIMARY KEY, name TEXT NOT NULL);
CREATE TABLE Tournament (tournament_id INTEGER PRIMARY KEY, athlete_id INTEGER, name TEXT NOT NULL);
CREATE TABLE Format (format_id INTEGER PRIMARY KEY, tournament_id INTEGER, name TEXT NOT NULL);
CREATE TABLE Medal (medal_id INTEGER PRIMARY KEY, format_id INTEGER, type TEXT NOT NULL, year INTEGER, location TEXT NOT NULL);
CREATE TABLE PersonalInformation (info_id INTEGER GENERATED ALWAYS AS IDENTITY PRIMARY KEY, athlete_id INTEGER, birth_year INTEGER, birth_month INTEGER, birth_day INTEGER);
INSERT INTO Athlete (athlete_id, name) VALUES (1, 'Steven Da Costa');
INSERT INTO PersonalInformation (athlete_id, birth_year, birth_month, birth_day) VALUES (1, 1997, 1, 23);
INSERT INTO Tournament (tournament_id, athlete_id, name) VALUES (1, 1, 'Olympic Games');
INSERT INTO Format (format_id, tournament_id, name) VALUES (1, 1, '67 kg');
INSERT INTO Medal (medal_id, format_id, type, year, location) VALUES (1, 1, 'MedalGold', 2020, 'Tokyo');
INSERT INTO Tournament (tournament_id, athlete_id, name) VALUES (2, 1, 'World Championships');
INSERT INTO Format (format_id, tournament_id, name) VALUES (2, 2, '67 kg');
INSERT INTO Medal (medal_id, format_id, type, year, location) VALUES (2, 2, 'MedalGold', 2018, 'Madrid');
INSERT INTO Medal (medal_id, format_id, type, year, location) VALUES (3, 2, 'MedalGold', 2021, 'Dubai');
INSERT INTO Medal (medal_id, format_id, type, year, location) VALUES (4, 2, 'MedalGold', 2023, 'Budapest');
INSERT INTO Medal (medal_id, format_id, type, year, location) VALUES (5, 2, 'MedalBronze', 2016, 'Linz');
INSERT INTO Format (format_id, tournament_id, name) VALUES (3, 2, 'Team kumite');
INSERT INTO Medal (medal_id, format_id, type, year, location) VALUES (6, 3, 'MedalBronze', 2016, 'Linz');
INSERT INTO Medal (medal_id, format_id, type, year, location) VALUES (7, 3, 'MedalBronze', 2023, 'Budapest');
INSERT INTO Tournament (tournament_id, athlete_id, name) VALUES (3, 1, 'European Championships');
INSERT INTO Format (format_id, tournament_id, name) VALUES (4, 3, '67 kg');
INSERT INTO Medal (medal_id, format_id, type, year, location) VALUES (8, 4, 'MedalGold', 2016, 'Montpellier');
INSERT INTO Medal (medal_id, format_id, type, year, location) VALUES (9, 4, 'MedalGold', 2019, 'Guadalajara');
INSERT INTO Medal (medal_id, format_id, type, year, location) VALUES (10, 4, 'MedalBronze', 2021, 'Poreč');
INSERT INTO Format (format_id, tournament_id, name) VALUES (5, 3, 'Team kumite');
INSERT INTO Medal (medal_id, format_id, type, year, location) VALUES (11, 5, 'MedalGold', 2016, 'Montpellier');
INSERT INTO Medal (medal_id, format_id, type, year, location) VALUES (12, 5, 'MedalGold', 2022, 'Gaziantep');
INSERT INTO Medal (medal_id, format_id, type, year, location) VALUES (13, 5, 'MedalSilver', 2023, 'Guadalajara');
INSERT INTO Medal (medal_id, format_id, type, year, location) VALUES (14, 4, 'MedalGold', 2023, 'Guadalajara');
INSERT INTO Medal (medal_id, format_id, type, year, location) VALUES (15, 4, 'MedalBronze', 2022, 'Gaziantep');
INSERT INTO Medal (medal_id, format_id, type, year, location) VALUES (16, 5, 'MedalSilver', 2017, 'İzmit');
INSERT INTO Tournament (tournament_id, athlete_id, name) VALUES (4, 1, 'European Games');
INSERT INTO Format (format_id, tournament_id, name) VALUES (6, 4, '67 kg');
INSERT INTO Medal (medal_id, format_id, type, year, location) VALUES (17, 6, 'MedalSilver', 2015, 'Baku');
INSERT INTO Tournament (tournament_id, athlete_id, name) VALUES (5, 1, 'World Games');
INSERT INTO Format (format_id, tournament_id, name) VALUES (7, 5, '67 kg');
INSERT INTO Medal (medal_id, format_id, type, year, location) VALUES (18, 7, 'MedalGold', 2017, 'Wrocław');
